SOURCE	RAW_TERM	CHANGE	ENTITY	ENTITY_TYPE	ASPECT	STATUS	NOTES
civic	VHL (c.194C>G)	presence of	VHL	gene	sequence variation	mapped	HGVS nucleotide notation (c.194C>G) _ sequence variation in gene VHL
civic	VHL (c.343C>T)	presence of	VHL	gene	sequence variation	mapped	HGVS nucleotide notation (c.343C>T) _ sequence variation in gene VHL
civic	VHL (c.162insT)	presence of	VHL	gene	sequence variation	mapped	HGVS nucleotide notation (c.162insT) _ sequence variation in gene VHL
civic	VHL (c.563T>A)	presence of	VHL	gene	sequence variation	mapped	HGVS nucleotide notation (c.563T>A) _ sequence variation in gene VHL
civic	VHL del	presence of	VHL	gene	sequence variation	mapped	del_deletion_ sequence variation in gene VHL
civic	VHL (c.344A>C)	presence of	VHL	gene	sequence variation	mapped	HGVS nucleotide notation (c.344A>C) _ sequence variation in gene VHL
civic	VHL (c.340G>C)	presence of	VHL	gene	sequence variation	mapped	HGVS nucleotide notation (c.340G>C) _ sequence variation in gene VHL
civic	VHL (c.556G>A)	presence of	VHL	gene	sequence variation	mapped	HGVS nucleotide notation (c.556G>A) _ sequence variation in gene VHL
civic	VHL (c.500G>A)	presence of	VHL	gene	sequence variation	mapped	HGVS nucleotide notation (c.500G>A) _ sequence variation in gene VHL
civic	VHL (c.278G>T)	presence of	VHL	gene	sequence variation	mapped	HGVS nucleotide notation (c.278G>T) _ sequence variation in gene VHL
civic	VHL alteration	presence of	VHL	gene	sequence variation	uncertain	"Alteration is broad , it could be mutation/deletion/fusion; mapped as sequence variation, flag for review"
civic	VHL (c.194C>T)	presence of	VHL	gene	sequence variation	mapped	HGVS nucleotide notation (c.194C>T) _ sequence variation in gene VHL
civic	LOSS-OF-FUNCTION	presence of		gene	sequence variation	cannot map	Loss-of-function stated without gene name - entity missing
civic	VHL deletion)	presence of	VHL	gene	sequence variation	mapped	DELETION keyword _ sequence variation (loss of genetic material)
civic	VHL (c.386insAGA)	presence of	VHL	gene	sequence variation	mapped	HGVS nucleotide notation (c.386insAGA) _ sequence variation in gene VHL
civic	VHL (c.477_478insCA)	presence of	VHL	gene	sequence variation	mapped	HGVS nucleotide notation (c.477_478insCA) _ sequence variation in gene VHL
civic	VHL (c.257C>G)	presence of	VHL	gene	sequence variation	mapped	HGVS nucleotide notation (c.257C>G) _ sequence variation in gene VHL
civic	VHL (c.342dupGGT)	presence of	VHL	gene	sequence variation	mapped	HGVS nucleotide notation (c.342dupGGT) _ sequence variation in gene VHL
civic	VHL (c.340+1G>A)	presence of	VHL	gene	sequence variation	mapped	HGVS nucleotide notation (c.340+1G>A) _ sequence variation in gene VHL
civic	VHL (c.227_229delTCT)	presence of	VHL	gene	sequence variation	mapped	HGVS nucleotide notation (c.227_229delTCT) _ sequence variation in gene VHL
civic	VHL (c.470C>T)	presence of	VHL	gene	sequence variation	mapped	HGVS nucleotide notation (c.470C>T) _ sequence variation in gene VHL
civic	VHL (c.497T>A)	presence of	VHL	gene	sequence variation	mapped	HGVS nucleotide notation (c.497T>A) _ sequence variation in gene VHL
civic	VHL REARRANGEMENT	presence of	VHL	gene	sequence variation	mapped	Fusion/rearrangement keyword _ sequence variation
civic	VHL (c.436delC)	presence of	VHL	gene	sequence variation	mapped	HGVS nucleotide notation (c.436delC) _ sequence variation in gene VHL
civic	VHL (c.333C>G)	presence of	VHL	gene	sequence variation	mapped	HGVS nucleotide notation (c.333C>G) _ sequence variation in gene VHL
civic	VHL (c.500G>T)	presence of	VHL	gene	sequence variation	mapped	HGVS nucleotide notation (c.500G>T) _ sequence variation in gene VHL
civic	VHL (c.463+2C>T)	presence of	VHL	gene	sequence variation	mapped	HGVS nucleotide notation (c.463+2C>T) _ sequence variation in gene VHL
civic	VHL (c.164_165insA)	presence of	VHL	gene	sequence variation	mapped	HGVS nucleotide notation (c.164_165insA) _ sequence variation in gene VHL
civic	VHL (c.263G>A)	presence of	VHL	gene	sequence variation	mapped	HGVS nucleotide notation (c.263G>A) _ sequence variation in gene VHL
civic	VHL (c.468T>G)	presence of	VHL	gene	sequence variation	mapped	HGVS nucleotide notation (c.468T>G) _ sequence variation in gene VHL
civic	VHL (c.358A>G)	presence of	VHL	gene	sequence variation	mapped	HGVS nucleotide notation (c.358A>G) _ sequence variation in gene VHL
civic	VHL (c.344delA)	presence of	VHL	gene	sequence variation	mapped	HGVS nucleotide notation (c.344delA) _ sequence variation in gene VHL
civic	VHL (c.606insA)	presence of	VHL	gene	sequence variation	mapped	HGVS nucleotide notation (c.606insA) _ sequence variation in gene VHL
civic	VHL (c.529A>T)	presence of	VHL	gene	sequence variation	mapped	HGVS nucleotide notation (c.529A>T) _ sequence variation in gene VHL
civic	VHL (c.404delT)	presence of	VHL	gene	sequence variation	mapped	HGVS nucleotide notation (c.404delT) _ sequence variation in gene VHL
civic	VHL (c.167insA)	presence of	VHL	gene	sequence variation	mapped	HGVS nucleotide notation (c.167insA) _ sequence variation in gene VHL
civic	VHL (c.393C>A)	presence of	VHL	gene	sequence variation	mapped	HGVS nucleotide notation (c.393C>A) _ sequence variation in gene VHL
civic	VHL (c.193T>G)	presence of	VHL	gene	sequence variation	mapped	HGVS nucleotide notation (c.193T>G) _ sequence variation in gene VHL
civic	VHL (c.474_476delGAAinsC)	presence of	VHL	gene	sequence variation	mapped	HGVS nucleotide notation (c.474_476delGAAinsC) _ sequence variation in gene VHL
civic	VHL (c.464T>G)	presence of	VHL	gene	sequence variation	mapped	HGVS nucleotide notation (c.464T>G) _ sequence variation in gene VHL
civic	VHL (c.375_376insC)	presence of	VHL	gene	sequence variation	mapped	HGVS nucleotide notation (c.375_376insC) _ sequence variation in gene VHL
civic	VHL (c.571delC)	presence of	VHL	gene	sequence variation	mapped	HGVS nucleotide notation (c.571delC) _ sequence variation in gene VHL
civic	VHL (c.221T>G)	presence of	VHL	gene	sequence variation	mapped	HGVS nucleotide notation (c.221T>G) _ sequence variation in gene VHL
civic	VHL (c.331A>T)	presence of	VHL	gene	sequence variation	mapped	HGVS nucleotide notation (c.331A>T) _ sequence variation in gene VHL
civic	VHL (c.397delA)	presence of	VHL	gene	sequence variation	mapped	HGVS nucleotide notation (c.397delA) _ sequence variation in gene VHL
civic	VHL (c.407T>G)	presence of	VHL	gene	sequence variation	mapped	HGVS nucleotide notation (c.407T>G) _ sequence variation in gene VHL
civic	VHL (c.349dupT)	presence of	VHL	gene	sequence variation	mapped	HGVS nucleotide notation (c.349dupT) _ sequence variation in gene VHL
civic	VHL (c.462A>C)	presence of	VHL	gene	sequence variation	mapped	HGVS nucleotide notation (c.462A>C) _ sequence variation in gene VHL
civic	VHL (c.244_252del)	presence of	VHL	gene	sequence variation	mapped	HGVS nucleotide notation (c.244_252del) _ sequence variation in gene VHL
civic	VHL (c.197_209del)	presence of	VHL	gene	sequence variation	mapped	HGVS nucleotide notation (c.197_209del) _ sequence variation in gene VHL
civic	VHL (c.301C>G)	presence of	VHL	gene	sequence variation	mapped	HGVS nucleotide notation (c.301C>G) _ sequence variation in gene VHL
civic	BCL2 MUTATION	presence of	BCL2	gene	sequence variation	mapped	MUTATION/oncogenic mutation keyword _ sequence variation
civic	IGH-BCL2	presence of	IGH-BCL2	gene	sequence variation	mapped	GENE1-GENE2 fusion format _ sequence variation
civic	PBRM1 MUTATION	presence of	PBRM1	gene	sequence variation	mapped	MUTATION/oncogenic mutation keyword _ sequence variation
civic	EZH2 MUTATION	presence of	EZH2	gene	sequence variation	mapped	MUTATION/oncogenic mutation keyword _ sequence variation
civic	EZH2 Y646					cannot map	No pattern matched 
civic	BTK MUTATION	presence of	BTK	gene	sequence variation	mapped	MUTATION/oncogenic mutation keyword _ sequence variation
civic	APC MUTATION	presence of	APC	gene	sequence variation	mapped	MUTATION/oncogenic mutation keyword _ sequence variation
civic	AR 7	differential	AR	gene	sequence variation	uncertain	"The numerical modifier ""7"" is highly ambiguous. It could refer to exon 7, a splice variant (like AR-V7), or a clinical cluster, requiring source context to verify."
civic	AR MUTATION	presence of	AR	gene	sequence variation	mapped	MUTATION/oncogenic mutation keyword _ sequence variation
civic	AR W742					cannot map	No pattern matched 
civic	ASXL1 MUTATION	presence of	ASXL1	gene	sequence variation	mapped	MUTATION/oncogenic mutation keyword _ sequence variation
civic	ATM V2288FS*1	presence of	ATM	gene	sequence variation	mapped	Protein frameshift notation (e.g. V2288FS*1) _ sequence variation
civic	ATM MUTATION	presence of	ATM	gene	sequence variation	mapped	MUTATION/oncogenic mutation keyword _ sequence variation
civic	BAP1 (ATI)	absence of 	BAP1	protein	expression	mapped	"""ATI"" stands for ""Antigenic Tumor Inactivation"" or a lab-specific shorthand for ""Abnormal Tumor Immunohistochemistry"" (loss of expression). In BAP1 curation, this indicates a loss of nuclear staining, translating to an absence of protein expression."
civic	BAP1 MUTATION	presence of	BAP1	gene	sequence variation	mapped	MUTATION/oncogenic mutation keyword _ sequence variation
civic	TMPRSS2-ERG	presence of	TMPRSS2-ERG	gene	sequence variation	mapped	GENE1-GENE2 fusion format _ sequence variation
civic	EWSR1-ERG	presence of	EWSR1-ERG	gene	sequence variation	mapped	GENE1-GENE2 fusion format _ sequence variation
civic	IKZF1 DELETION	presence of	IKZF1	gene	sequence variation	mapped	DELETION keyword _ sequence variation (loss of genetic material)
civic	PAX8-PPARG	presence of	PAX8-PPARG	gene	sequence variation	mapped	GENE1-GENE2 fusion format _ sequence variation
civic	SMAD4 MUTATION	presence of	SMAD4	gene	sequence variation	mapped	MUTATION/oncogenic mutation keyword _ sequence variation
civic	SMAD4 DELETION	presence of	SMAD4	gene	sequence variation	mapped	DELETION keyword _ sequence variation (loss of genetic material)
civic	SMAD4 LOSS	presence of	SMAD4	gene	sequence variation	mapped	LOSS / LOSS-OF-FUNCTION _ sequence variation
civic	SMARCA4 MUTATION	presence of	SMARCA4	gene	sequence variation	mapped	MUTATION/oncogenic mutation keyword _ sequence variation
civic	TERT RS2736100	presence of	TERT	gene	sequence variation	mapped	Polymorphism/SNP _ sequence variation
civic	TERT MUTATION	presence of	TERT	gene	sequence variation	mapped	MUTATION/oncogenic mutation keyword _ sequence variation
civic	Gain-of-Function	presence of		gene	sequence variation	cannot map	Gain-of-function stated without a gene name - entity missing
civic	BIRC3 MUTATION	presence of	BIRC3	gene	sequence variation	mapped	MUTATION/oncogenic mutation keyword _ sequence variation
civic	RHOA MUTATION	presence of	RHOA	gene	sequence variation	mapped	MUTATION/oncogenic mutation keyword _ sequence variation
civic	ASS1 LOSS	presence of	ASS1	gene	sequence variation	mapped	LOSS / LOSS-OF-FUNCTION _ sequence variation
civic	ATR I774FS	presence of	ATR	gene	sequence variation	mapped	Protein frameshift notation (e.g. V2288FS*1) _ sequence variation
civic	B2M S14FS	presence of	B2M	gene	sequence variation	mapped	Protein frameshift notation (e.g. V2288FS*1) _ sequence variation
civic	PRDM1 MUTATION	presence of	PRDM1	gene	sequence variation	mapped	MUTATION/oncogenic mutation keyword _ sequence variation
civic	CALR MUTATION	presence of	CALR	gene	sequence variation	mapped	MUTATION/oncogenic mutation keyword _ sequence variation
civic	CALR FRAMESHIFT	presence of	CALR	gene	sequence variation	mapped	FRAMESHIFT _ sequence variation (insertion/deletion causing frame shift)
civic	CBFB-MYH11	presence of	CBFB-MYH11	gene	sequence variation	mapped	GENE1-GENE2 fusion format _ sequence variation
civic	CBLB RS2305035	presence of	CBLB	gene	sequence variation	mapped	Polymorphism/SNP _ sequence variation
civic	CDH1 MUTATION	presence of	CDH1	gene	sequence variation	mapped	MUTATION/oncogenic mutation keyword _ sequence variation
civic	CDKN1B MISLOCALIZATION	presence of	CDKN1B	protein	expression	mapped	Mislocalization refers to the abnormal cellular distribution .
civic	CDKN2B METHYLATION	presence of	CDKN2B	DNA	modification	mapped	"METHYLATION keyword _ presence of, modification (epigenetic mark on DNA)"
civic	CDKN2B LOSS	presence of	CDKN2B	gene	sequence variation	mapped	LOSS / LOSS-OF-FUNCTION _ sequence variation
civic	CSF3R MUTATION	presence of	CSF3R	gene	sequence variation	mapped	MUTATION/oncogenic mutation keyword _ sequence variation
civic	CTNNB1 MUTATION	presence of	CTNNB1	gene	sequence variation	mapped	MUTATION/oncogenic mutation keyword _ sequence variation
civic	GADD45A 1506T>C	presence of	GADD45A 	gene	sequence variation	mapped	"""1506T>C"" represents a specific single nucleotide substitution (T to C) at position 1506 of the GADD45A gene sequence. "
civic	FUS-DDIT3	presence of	FUS-DDIT3	gene	sequence variation	mapped	GENE1-GENE2 fusion format _ sequence variation
civic	EWSR1-DDIT3	presence of	EWSR1-DDIT3	gene	sequence variation	mapped	GENE1-GENE2 fusion format _ sequence variation
civic	DPYD HOMOZYGOSITY	presence of	DPYD	gene	sequence variation	mapped	Zygosity term _ sequence variation
civic	EIF1AX MUTATION	presence of	EIF1AX	gene	sequence variation	mapped	MUTATION/oncogenic mutation keyword _ sequence variation
civic	EIF4EBP1 PHOSPHORYLATION	presence of	EIF4EBP1	protein	modification	mapped	PHOSPHORYLATION keyword _ post-translational modification
civic	ERBB4 MUTATION	presence of	ERBB4	gene	sequence variation	mapped	MUTATION/oncogenic mutation keyword _ sequence variation
civic	ERBB4 TRANSLOCATION	presence of	ERBB4	gene	sequence variation	mapped	Translocation _ structural sequence variation
civic	ERCC5 RS751402	presence of	ERCC5	gene	sequence variation	mapped	Polymorphism/SNP _ sequence variation
civic	ETS2 RS461155	presence of	ETS2	gene	sequence variation	mapped	Polymorphism/SNP _ sequence variation
civic	ZNF198-FGFR1	presence of	ZNF198-FGFR1	gene	sequence variation	mapped	GENE1-GENE2 fusion format _ sequence variation
civic	FGFR1 FUSIONS	presence of	FGFR1	gene	sequence variation	mapped	Fusion/rearrangement keyword _ sequence variation
civic	PAX3-FOXO1	presence of	PAX3-FOXO1	gene	sequence variation	mapped	GENE1-GENE2 fusion format _ sequence variation
civic	FOXO1 fusion	presence of	FOXO1	gene	sequence variation	mapped	Fusion/rearrangement keyword _ sequence variation
civic	FNTB RS11623866	presence of	FNTB	gene	sequence variation	mapped	Polymorphism/SNP _ sequence variation
civic	FOS FUSION	presence of	FOS	gene	sequence variation	mapped	Fusion/rearrangement keyword _ sequence variation
civic	MTOR MUTATION	presence of	MTOR	gene	sequence variation	mapped	MUTATION/oncogenic mutation keyword _ sequence variation
civic	ACTB-GLI1	presence of	ACTB-GLI1	gene	sequence variation	mapped	GENE1-GENE2 fusion format _ sequence variation
civic	GNA11 Q209					cannot map	No pattern matched 
civic	GNA11 MUTATION	presence of	GNA11	gene	sequence variation	mapped	MUTATION/oncogenic mutation keyword _ sequence variation
civic	GNAQ MUTATION	presence of	GNAQ	gene	sequence variation	mapped	MUTATION/oncogenic mutation keyword _ sequence variation
civic	GNAQ Q209					cannot map	No pattern matched 
civic	GNAS MUTATION	presence of	GNAS	gene	sequence variation	mapped	MUTATION/oncogenic mutation keyword _ sequence variation
civic	GSTP1 DELETION	presence of	GSTP1	gene	sequence variation	mapped	DELETION keyword _ sequence variation (loss of genetic material)
civic	MSH6 I891FS	presence of	MSH6	gene	sequence variation	mapped	Protein frameshift notation (e.g. V2288FS*1) _ sequence variation
civic	MSH6 LOSS	presence of	MSH6	gene	sequence variation	mapped	LOSS / LOSS-OF-FUNCTION _ sequence variation
civic	SDC4-NRG1	presence of	SDC4-NRG1	gene	sequence variation	mapped	GENE1-GENE2 fusion format _ sequence variation
civic	NRG1 fusion	presence of	NRG1	gene	sequence variation	mapped	Fusion/rearrangement keyword _ sequence variation
civic	HIF1A Polymorphism	presence of	HIF1A	gene	sequence variation	mapped	Polymorphism/SNP _ sequence variation
civic	HLA-C HETEROZYGOSITY	presence of	HLA-C	gene	sequence variation	mapped	Zygosity term _ sequence variation
civic	HRAS MUTATION	presence of	HRAS	gene	sequence variation	mapped	MUTATION/oncogenic mutation keyword _ sequence variation
civic	HRAS Q61					cannot map	No pattern matched 
civic	JAK1 Q503*					cannot map	No pattern matched 
civic	EPCAM DELETION	presence of	EPCAM	gene	sequence variation	mapped	DELETION keyword _ sequence variation (loss of genetic material)
civic	MDM2 RS34886328	presence of	MDM2	gene	sequence variation	mapped	Polymorphism/SNP _ sequence variation
civic	MDM2 SNP309	presence of	MDM2	gene	sequence variation	mapped	SNP309 refers to a well-known single nucleotide polymorphism in the promoter region of the MDM2 gene.
civic	MEN1 TRUNCATION	presence of	MEN1	gene	sequence variation	mapped	Truncation _ sequence variation (premature stop)
civic	MLH1 Q149*					cannot map	No pattern matched 
civic	MLH1 METHYLATION	presence of	MLH1	DNA	modification	mapped	"METHYLATION keyword _ presence of, modification (epigenetic mark on DNA)"
civic	MLH1 R687FS	presence of	MLH1	gene	sequence variation	mapped	Protein frameshift notation (e.g. V2288FS*1) _ sequence variation
civic	MLH1 K618DEL	presence of	MLH1	gene	sequence variation	mapped	Refers to a specific in-frame deletion of lysine at codon 618 (K618del) within the MLH1 gene. 
civic	MLH1 V213FS	presence of	MLH1	gene	sequence variation	mapped	Protein frameshift notation (e.g. V2288FS*1) _ sequence variation
civic	MLH1 R100*					cannot map	No pattern matched 
civic	MLH1 *757L					cannot map	No pattern matched 
civic	MLH1 E13FS*3	presence of	MLH1	gene	sequence variation	mapped	Protein frameshift notation (e.g. V2288FS*1) _ sequence variation
civic	MLH1 A	differential	MLH1	gene	sequence variation	uncertain	"The single-letter modifier ""A"" is highly ambiguous. "
civic	MLH1 G606FS*2	presence of	MLH1	gene	sequence variation	mapped	Protein frameshift notation (e.g. V2288FS*1) _ sequence variation
civic	MLH1 Q426FS	presence of	MLH1	gene	sequence variation	mapped	Protein frameshift notation (e.g. V2288FS*1) _ sequence variation
civic	MLH1 P536FS	presence of	MLH1	gene	sequence variation	mapped	Protein frameshift notation (e.g. V2288FS*1) _ sequence variation
civic	MLH1 R226*					cannot map	No pattern matched 
civic	MLH1 D667FS	presence of	MLH1	gene	sequence variation	mapped	Protein frameshift notation (e.g. V2288FS*1) _ sequence variation
civic	MLL-MLLT3	presence of	MLL-MLLT3	gene	sequence variation	mapped	GENE1-GENE2 fusion format _ sequence variation
civic	MMP2 LEVELS	differential	MMP2	protein	level	mapped	LEVELS keyword without direction _ differential | level
civic	MMP9 LEVELS	differential	MMP9	protein	level	mapped	LEVELS keyword without direction _ differential | level
civic	MRE11 MUTATION	presence of	MRE11	gene	sequence variation	mapped	MUTATION/oncogenic mutation keyword _ sequence variation
civic	MRE11 LOSS	presence of	MRE11	gene	sequence variation	mapped	LOSS / LOSS-OF-FUNCTION _ sequence variation
civic	MSH2 E28FS	presence of	MSH2	gene	sequence variation	mapped	Protein frameshift notation (e.g. V2288FS*1) _ sequence variation
civic	MSH2 R383*					cannot map	No pattern matched 
civic	MSH2 V273FS	presence of	MSH2	gene	sequence variation	mapped	Protein frameshift notation (e.g. V2288FS*1) _ sequence variation
civic	MSH2 K172*					cannot map	No pattern matched 
civic	MSH2 LOSS	presence of	MSH2	gene	sequence variation	mapped	LOSS / LOSS-OF-FUNCTION _ sequence variation
civic	MTAP DELETION	presence of	MTAP	gene	sequence variation	mapped	DELETION keyword _ sequence variation (loss of genetic material)
civic	NF1 LOSS	presence of	NF1	gene	sequence variation	mapped	LOSS / LOSS-OF-FUNCTION _ sequence variation
civic	NF1 MUTATION	presence of	NF1	gene	sequence variation	mapped	MUTATION/oncogenic mutation keyword _ sequence variation
civic	NF2 MUTATION	presence of	NF2	gene	sequence variation	mapped	MUTATION/oncogenic mutation keyword _ sequence variation
civic	NF2 K159FS*16	presence of	NF2	gene	sequence variation	mapped	Protein frameshift notation (e.g. V2288FS*1) _ sequence variation
civic	NF2 Y177FS	presence of	NF2	gene	sequence variation	mapped	Protein frameshift notation (e.g. V2288FS*1) _ sequence variation
civic	NTRK1-GON4L	presence of	NTRK1-GON4L	gene	sequence variation	mapped	GENE1-GENE2 fusion format _ sequence variation
civic	PDE4DIP-NTRK1	presence of	PDE4DIP-NTRK1	gene	sequence variation	mapped	GENE1-GENE2 fusion format _ sequence variation
civic	TMP3-NTRK1	presence of	TMP3-NTRK1	gene	sequence variation	mapped	GENE1-GENE2 fusion format _ sequence variation
civic	NTRK1-DDR2	presence of	NTRK1-DDR2	gene	sequence variation	mapped	GENE1-GENE2 fusion format _ sequence variation
civic	LMNA-NTRK1	presence of	LMNA-NTRK1	gene	sequence variation	mapped	GENE1-GENE2 fusion format _ sequence variation
civic	SQSTM1-NTRK1	presence of	SQSTM1-NTRK1	gene	sequence variation	mapped	GENE1-GENE2 fusion format _ sequence variation
civic	NTRK1 FUSIONS	presence of	NTRK1	gene	sequence variation	mapped	Fusion/rearrangement keyword _ sequence variation
civic	NTRK1-TRIM63	presence of	NTRK1-TRIM63	gene	sequence variation	mapped	GENE1-GENE2 fusion format _ sequence variation
civic	ETV6-NTRK2	presence of	ETV6-NTRK2	gene	sequence variation	mapped	GENE1-GENE2 fusion format _ sequence variation
civic	NTRK2 fusion	presence of	NTRK2	gene	sequence variation	mapped	Fusion/rearrangement keyword _ sequence variation
civic	ETV6-NTRK3	presence of	ETV6-NTRK3	gene	sequence variation	mapped	GENE1-GENE2 fusion format _ sequence variation
civic	NTRK3 FUSIONS	presence of	NTRK3	gene	sequence variation	mapped	Fusion/rearrangement keyword _ sequence variation
civic	NTRK3 FUSION	presence of	NTRK3	gene	sequence variation	mapped	Fusion/rearrangement keyword _ sequence variation
civic	PDGFRB FUSIONS	presence of	PDGFRB	gene	sequence variation	mapped	Fusion/rearrangement keyword _ sequence variation
civic	EBF1-PDGFRB	presence of	EBF1-PDGFRB	gene	sequence variation	mapped	GENE1-GENE2 fusion format _ sequence variation
civic	ABCB1 S893A/T	presence of	ABCB1	gene	sequence variation	mapped	"""S893A/T"" indicates a multi-allelic codon variation at position 893 of ABCB1, where the wild-type Serine (S) can change to either Alanine (A) or Threonine (T). "
civic	PIK3R1 MUTATION	presence of	PIK3R1	gene	sequence variation	mapped	MUTATION/oncogenic mutation keyword _ sequence variation
civic	PLCG2 MUTATION	presence of	PLCG2	gene	sequence variation	mapped	MUTATION/oncogenic mutation keyword _ sequence variation
civic	PMS2 K706FS*19	presence of	PMS2	gene	sequence variation	mapped	Protein frameshift notation (e.g. V2288FS*1) _ sequence variation
civic	POLE MUTATION	presence of	POLE	gene	sequence variation	mapped	MUTATION/oncogenic mutation keyword _ sequence variation
civic	PRKAA2 PHOSPHORYLATION	presence of	PRKAA2	protein	phosphorylation	mapped	PHOSPHORYLATION keyword _ post-translational modification
civic	PTCH1 LOH	presence of	PTCH1 	gene	sequence variation	mapped	"""LOH"" stands for Loss of Heterozygosity, a common genomic alteration in tumor suppressor genes like PTCH1."
civic	PTCH1 MUTATION	presence of	PTCH1	gene	sequence variation	mapped	MUTATION/oncogenic mutation keyword _ sequence variation
civic	PTPRD MUTATION	presence of	PTPRD	gene	sequence variation	mapped	MUTATION/oncogenic mutation keyword _ sequence variation
civic	RAD51D R186*					cannot map	No pattern matched 
civic	RB1 M695FS*26	presence of	RB1	gene	sequence variation	mapped	Protein frameshift notation (e.g. V2288FS*1) _ sequence variation
civic	RB1 PHOSPHORYLATION	presence of	RB1	protein	phosphorylation	mapped	PHOSPHORYLATION keyword _ post-translational modification
civic	RB1 MUTATION	presence of	RB1	gene	sequence variation	mapped	MUTATION/oncogenic mutation keyword _ sequence variation
civic	RIT1 MUTATION	presence of	RIT1	gene	sequence variation	mapped	MUTATION/oncogenic mutation keyword _ sequence variation
civic	ROS1 REARRANGEMENT	presence of	ROS1	gene	sequence variation	mapped	Fusion/rearrangement keyword _ sequence variation
civic	TFG-ROS1	presence of	TFG-ROS1	gene	sequence variation	mapped	GENE1-GENE2 fusion format _ sequence variation
civic	RPS6 PHOSPHORYLATION	presence of	RPS6	protein	phosphorylation	mapped	PHOSPHORYLATION keyword _ post-translational modification
civic	"SDHB shift,"	differential	SDHB	gene 	sequence variation	uncertain	"The term ""shift"" is highly ambiguous."
civic	SRSF2 MUTATION	presence of	SRSF2	gene	sequence variation	mapped	MUTATION/oncogenic mutation keyword _ sequence variation
civic	SMARCB1 DELETION	presence of	SMARCB1	gene	sequence variation	mapped	DELETION keyword _ sequence variation (loss of genetic material)
civic	SMO MUTATION	presence of	SMO	gene	sequence variation	mapped	MUTATION/oncogenic mutation keyword _ sequence variation
civic	SOX10 LOSS	presence of	SOX10	gene	sequence variation	mapped	LOSS / LOSS-OF-FUNCTION _ sequence variation
civic	SS18-SSX1	presence of	SS18-SSX1	gene	sequence variation	mapped	GENE1-GENE2 fusion format _ sequence variation
civic	SS18-SSX2	presence of	SS18-SSX2	gene	sequence variation	mapped	GENE1-GENE2 fusion format _ sequence variation
civic	SS18-SSX4	presence of	SS18-SSX4	gene	sequence variation	mapped	GENE1-GENE2 fusion format _ sequence variation
civic	STAT3 MUTATION	presence of	STAT3	gene	sequence variation	mapped	MUTATION/oncogenic mutation keyword _ sequence variation
civic	STK11 MUTATION	presence of	STK11	gene	sequence variation	mapped	MUTATION/oncogenic mutation keyword _ sequence variation
civic	STK11 LOSS	presence of	STK11	gene	sequence variation	mapped	LOSS / LOSS-OF-FUNCTION _ sequence variation
civic	TYMS REPEAT	presence of	TYMS	gene	sequence variation	uncertain	"REPEAT variant - could be tandem repeat / microsatellite; mapped as sequence variation, flag for review"
civic	TYMS RS34743033	presence of	TYMS	gene	sequence variation	mapped	Polymorphism/SNP _ sequence variation
civic	WEE1 POLYMORPHISM	presence of	WEE1	gene	sequence variation	mapped	Polymorphism/SNP _ sequence variation
civic	ARID1A P1175FS*5	presence of	ARID1A	gene	sequence variation	mapped	Protein frameshift notation (e.g. V2288FS*1) _ sequence variation
civic	ARID1A Q456*					cannot map	No pattern matched
civic	BCL2L11 POLYMORPHISM	presence of	BCL2L11	gene	sequence variation	mapped	Polymorphism/SNP _ sequence variation
civic	SH2B3 RS3184504	presence of	SH2B3	gene	sequence variation	mapped	Polymorphism/SNP _ sequence variation
civic	NCOA2 fusion	presence of	NCOA2	gene	sequence variation	mapped	Fusion/rearrangement keyword _ sequence variation
civic	SLCO1B1 RS4149056	presence of	SLCO1B1	gene	sequence variation	mapped	Polymorphism/SNP _ sequence variation
civic	HSPH1 DELETION	presence of	HSPH1	gene	sequence variation	mapped	DELETION keyword _ sequence variation (loss of genetic material)
civic	CHEK2 1100DELC	presence of	CHEK2	gene	sequence variation	mapped	"""1100delC"" refers to a specific single-nucleotide deletion of cytosine at position 1100 in the CHEK2 gene sequence, which causes a frameshift. "
civic	CHEK2 IVS2+1G>A	presence of	CHEK2	gene	gene	mapped	"""IVS2+1G>A"" refers to a specific single nucleotide substitution (G to A) at the first nucleotide of intron 2 (+1 position) of the CHEK2 gene, representing a classic splice donor site mutation. "
civic	BRD4-NUTM1	presence of	BRD4-NUTM1	gene	sequence variation	mapped	GENE1-GENE2 fusion format _ sequence variation
civic	PPP1R15A RS557806	presence of	PPP1R15A	gene	sequence variation	mapped	Polymorphism/SNP _ sequence variation
civic	POT1 MUTATION	presence of	POT1	gene	sequence variation	mapped	MUTATION/oncogenic mutation keyword _ sequence variation
civic	WWTR1-CAMTA1	presence of	WWTR1-CAMTA1	gene	sequence variation	mapped	GENE1-GENE2 fusion format _ sequence variation
civic	SETBP1 MUTATION	presence of	SETBP1	gene	sequence variation	mapped	MUTATION/oncogenic mutation keyword _ sequence variation
civic	CRBN MUTATION	presence of	CRBN	gene	sequence variation	mapped	MUTATION/oncogenic mutation keyword _ sequence variation
civic	LRP1B DELETION	presence of	LRP1B	gene	sequence variation	mapped	DELETION keyword _ sequence variation (loss of genetic material)
civic	ERRFI1 E384*					cannot map	No pattern matched 
civic	UGT1A1 UGT1A1*60	differential	UGT1A1	gene	sequence variation	mapped	"mapped ""UGT1A1*28"" refers to a critical polymorphic star allele (rs3064744) characterized by a TA-repeat insertion in the UGT1A1 promoter region. It serves as a multi-categorical variable for clinical genotyping."
civic	UGT1A1 UGT1A1*28	differential	UGT1A3	gene	sequence variation	mapped	"""UGT1A1*28"" refers to a critical polymorphic star allele (rs3064744) characterized by a TA-repeat insertion in the UGT1A1 promoter region. It serves as a multi-categorical variable for clinical genotyping."
civic	BCOR MUTATION	presence of	BCOR	gene	sequence variation	mapped	MUTATION/oncogenic mutation keyword _ sequence variation
civic	FBXW7 MUTATION	presence of	FBXW7	gene	sequence variation	mapped	MUTATION/oncogenic mutation keyword _ sequence variation
civic	KMT2C MUTATION	presence of	KMT2C	gene	sequence variation	mapped	MUTATION/oncogenic mutation keyword _ sequence variation
civic	PALB2 L531FS*30	presence of	PALB2	gene	sequence variation	mapped	Protein frameshift notation (e.g. V2288FS*1) _ sequence variation
civic	PALB2 INACTIVATION	presence of	PALB2	gene	sequence variation	mapped	Inactivation _ loss of function sequence variation
civic	KLLN METHYLATION	presence of	KLLN	DNA	methylation	mapped	"METHYLATION keyword _ presence of, modification (epigenetic mark on DNA)"
civic	DUX4 FUSIONS	presence of	DUX4	gene	sequence variation	mapped	Fusion/rearrangement keyword _ sequence variation
PMC_biomarker_sets	FoundationOne CDx molecular profiling for DNA damage repair in ERCC2	presence of	ERCC2	gene	sequence variation	uncertain	"I'm not sure about the change,and I think this biomarker describes the presence of DNA damage repair in ERCC2."
PMC_biomarker_sets	FoundationOne CDx molecular profiling for DNA damage repair in ERCC3	presence of	ERCC3	gene	sequence variation	uncertain	"I'm not sure about the change,and I think this biomarker describes the presence of DNA damage repair in ERCC3."
PMC_biomarker_sets	FoundationOne CDx molecular profiling for DNA damage repair in ERCC4	presence of	ERCC4	gene	sequence variation	uncertain	"I'm not sure about the change,and I think this biomarker describes the presence of DNA damage repair in ERCC4."
PMC_biomarker_sets	FoundationOne CDx molecular profiling for DNA damage repair in ERCC5	presence of	ERCC5	gene	sequence variation	uncertain	"I'm not sure about the change,and I think this biomarker describes the presence of DNA damage repair in ERCC5."
PMC_biomarker_sets	FoundationOne CDx molecular profiling for DNA damage repair in MLH1	presence of	MLH1	gene	sequence variation	uncertain	"I'm not sure about the change,and I think this biomarker describes the presence of DNA damage repair in MLH1."
PMC_biomarker_sets	FoundationOne CDx molecular profiling for DNA damage repair in MSH2	presence of	MSH2	gene	sequence variation	uncertain	"I'm not sure about the change,and I think this biomarker describes the presence of DNA damage repair in MSH2."
PMC_biomarker_sets	FoundationOne CDx molecular profiling for DNA damage repair in MSH6	presence of	MSH6	gene	sequence variation	uncertain	"I'm not sure about the change,and I think this biomarker describes the presence of DNA damage repair in MSH6."
PMC_biomarker_sets	FoundationOne CDx molecular profiling for DNA damage repair in PMS1	presence of	PMS1	gene	sequence variation	uncertain	"I'm not sure about the change,and I think this biomarker describes the presence of DNA damage repair in PMS1."
PMC_biomarker_sets	FoundationOne CDx molecular profiling for DNA damage repair in PMS2	presence of	PMS2	gene	sequence variation	uncertain	"I'm not sure about the change,and I think this biomarker describes the presence of DNA damage repair in PMS2."
PMC_biomarker_sets	FoundationOne CDx molecular profiling for DNA damage repair in BRCA2	presence of	BRCA2	gene	sequence variation	uncertain	"I'm not sure about the change,and I think this biomarker describes the presence of DNA damage repair in BRCA2."
PMC_biomarker_sets	FoundationOne CDx molecular profiling for DNA damage repair in BRIP1	presence of	BRIP1	gene	sequence variation	uncertain	"I'm not sure about the change,and I think this biomarker describes the presence of DNA damage repair in BRIP1."
PMC_biomarker_sets	FoundationOne CDx molecular profiling for DNA damage repair in FANCA	presence of	FANCA	gene	sequence variation	uncertain	"I'm not sure about the change,and I think this biomarker describes the presence of DNA damage repair in FANCA."
PMC_biomarker_sets	FoundationOne CDx molecular profiling for DNA damage repair in FANCC	presence of	FANCC	gene	sequence variation	uncertain	"I'm not sure about the change,and I think this biomarker describes the presence of DNA damage repair in FANCC."
PMC_biomarker_sets	FoundationOne CDx molecular profiling for DNA damage repair in RAD51C	presence of	RAD51C	gene	sequence variation	uncertain	"I'm not sure about the change,and I think this biomarker describes the presence of DNA damage repair in RAD51C."
PMC_biomarker_sets	FoundationOne CDx molecular profiling for DNA damage repair in BLM	presence of	BLM	gene	sequence variation	uncertain	"I'm not sure about the change,and I think this biomarker describes the presence of DNA damage repair in BLM."
PMC_biomarker_sets	FoundationOne CDx molecular profiling for DNA damage repair in BRCA1	presence of	BRCA1	gene	sequence variation	uncertain	"I'm not sure about the change,and I think this biomarker describes the presence of DNA damage repair in BRCA1."
PMC_biomarker_sets	FoundationOne CDx molecular profiling for DNA damage repair in MRE11A	presence of	MRE11A	gene	sequence variation	uncertain	"I'm not sure about the change,and I think this biomarker describes the presence of DNA damage repair in MRE11A."
PMC_biomarker_sets	FoundationOne CDx molecular profiling for DNA damage repair in NBN	presence of	NBN	gene	sequence variation	uncertain	"I'm not sure about the change,and I think this biomarker describes the presence of DNA damage repair in BLM."
PMC_biomarker_sets	FoundationOne CDx molecular profiling for DNA damage repair in RAD50	presence of	RAD50	gene	sequence variation	uncertain	Panel biomarker listing - no direction or aspect explicitly stated; defaulting to differential | level. Flag for review: may need protein/expression if context is known.
PMC_biomarker_sets	FoundationOne CDx molecular profiling for DNA damage repair in RAD51	presence of	RAD51	gene	sequence variation	uncertain	Panel biomarker listing - no direction or aspect explicitly stated; defaulting to differential | level. Flag for review: may need protein/expression if context is known.
PMC_biomarker_sets	FoundationOne CDx molecular profiling for DNA damage repair in RAD51B	presence of	RAD51B	gene	sequence variation	uncertain	Panel biomarker listing - no direction or aspect explicitly stated; defaulting to differential | level. Flag for review: may need protein/expression if context is known.
PMC_biomarker_sets	FoundationOne CDx molecular profiling for DNA damage repair in RAD51D	presence of	RAD51D	gene	sequence variation	uncertain	Panel biomarker listing - no direction or aspect explicitly stated; defaulting to differential | level. Flag for review: may need protein/expression if context is known.
PMC_biomarker_sets	FoundationOne CDx molecular profiling for DNA damage repair in RAD52	presence of	RAD52	gene	sequence variation	uncertain	Panel biomarker listing - no direction or aspect explicitly stated; defaulting to differential | level. Flag for review: may need protein/expression if context is known.
PMC_biomarker_sets	FoundationOne CDx molecular profiling for DNA damage repair in RAD54L	presence of	RAD54L	gene	sequence variation	uncertain	Panel biomarker listing - no direction or aspect explicitly stated; defaulting to differential | level. Flag for review: may need protein/expression if context is known.
PMC_biomarker_sets	FoundationOne CDx molecular profiling for DNA damage repair in ATM	presence of	ATM	gene	sequence variation	uncertain	Panel biomarker listing - no direction or aspect explicitly stated; defaulting to differential | level. Flag for review: may need protein/expression if context is known.
PMC_biomarker_sets	FoundationOne CDx molecular profiling for DNA damage repair in ATR	presence of	ATR	gene	sequence variation	uncertain	Panel biomarker listing - no direction or aspect explicitly stated; defaulting to differential | level. Flag for review: may need protein/expression if context is known.
PMC_biomarker_sets	FoundationOne CDx molecular profiling for DNA damage repair in CHEK2	presence of	CHEK2	gene	sequence variation	uncertain	Panel biomarker listing - no direction or aspect explicitly stated; defaulting to differential | level. Flag for review: may need protein/expression if context is known.
PMC_biomarker_sets	FoundationOne CDx molecular profiling for DNA damage repair in MDC1	presence of	MDC1	gene	sequence variation	uncertain	Panel biomarker listing - no direction or aspect explicitly stated; defaulting to differential | level. Flag for review: may need protein/expression if context is known.
PMC_biomarker_sets	FoundationOne CDx molecular profiling for DNA damage repair in POLE	presence of	POLE	gene	sequence variation	uncertain	Panel biomarker listing - no direction or aspect explicitly stated; defaulting to differential | level. Flag for review: may need protein/expression if context is known.
PMC_biomarker_sets	FoundationOne CDx molecular profiling for DNA damage repair in MUTYH	presence of	MUTYH	gene	sequence variation	uncertain	Panel biomarker listing - no direction or aspect explicitly stated; defaulting to differential | level. Flag for review: may need protein/expression if context is known.
PMC_biomarker_sets	FoundationOne CDx molecular profiling for DNA damage repair in PARP1	presence of	PARP1	gene	sequence variation	uncertain	Panel biomarker listing - no direction or aspect explicitly stated; defaulting to differential | level. Flag for review: may need protein/expression if context is known.
PMC_biomarker_sets	FoundationOne CDx molecular profiling for DNA damage repair in RECQL4	presence of	RECQL4	gene	sequence variation	uncertain	Panel biomarker listing - no direction or aspect explicitly stated; defaulting to differential | level. Flag for review: may need protein/expression if context is known.
PMC_biomarker_sets	FoundationOne CDx molecular profiling for DNA damage repair in EGFR	presence of	EGFR	gene	sequence variation	uncertain	Panel biomarker listing - no direction or aspect explicitly stated; defaulting to differential | level. Flag for review: may need protein/expression if context is known.
PMC_biomarker_sets	FoundationOne CDx molecular profiling for DNA damage repair in BRAF	presence of	BRAF	gene	sequence variation	uncertain	Panel biomarker listing - no direction or aspect explicitly stated; defaulting to differential | level. Flag for review: may need protein/expression if context is known.
PMC_biomarker_sets	FoundationOne CDx molecular profiling for DNA damage repair in ALK	presence of	ALK	gene	sequence variation	uncertain	Panel biomarker listing - no direction or aspect explicitly stated; defaulting to differential | level. Flag for review: may need protein/expression if context is known.
PMC_biomarker_sets	FoundationOne CDx molecular profiling for DNA damage repair in ROS1	presence of	ROS1	gene	sequence variation	uncertain	Panel biomarker listing - no direction or aspect explicitly stated; defaulting to differential | level. Flag for review: may need protein/expression if context is known.
PMC_biomarker_sets	FoundationOne CDx molecular profiling for DNA damage repair in ERBB2	presence of	ERBB2	gene	sequence variation	uncertain	Panel biomarker listing - no direction or aspect explicitly stated; defaulting to differential | level. Flag for review: may need protein/expression if context is known.
PMC_biomarker_sets	FoundationOne CDx molecular profiling for DNA damage repair in MET	presence of	MET	gene	sequence variation	uncertain	Panel biomarker listing - no direction or aspect explicitly stated; defaulting to differential | level. Flag for review: may need protein/expression if context is known.
PMC_biomarker_sets	FoundationOne CDx molecular profiling for DNA damage repair in RET	presence of	RET	gene	sequence variation	uncertain	Panel biomarker listing - no direction or aspect explicitly stated; defaulting to differential | level. Flag for review: may need protein/expression if context is known.
PMC_biomarker_sets	FoundationOne CDx molecular profiling for DNA damage repair in ESR1	presence of	ESR1	gene	sequence variation	uncertain	Panel biomarker listing - no direction or aspect explicitly stated; defaulting to differential | level. Flag for review: may need protein/expression if context is known.
PMC_biomarker_sets	FoundationOne CDx molecular profiling for DNA damage repair in PIK3CA	presence of	PIK3CA	gene	sequence variation	uncertain	Panel biomarker listing - no direction or aspect explicitly stated; defaulting to differential | level. Flag for review: may need protein/expression if context is known.
PMC_biomarker_sets	FoundationOne CDx molecular profiling for DNA damage repair in PALB2	presence of	PALB2	gene	sequence variation	uncertain	Panel biomarker listing - no direction or aspect explicitly stated; defaulting to differential | level. Flag for review: may need protein/expression if context is known.
PMC_biomarker_sets	Plasma concentration changes in NPPB	differential	NPPB	protein	level	mapped	Plasma concentration change without direction _ differential | level
PMC_biomarker_sets	Plasma concentration changes in BNP	differential	BNP	protein	level	mapped	Plasma concentration change without direction _ differential | level
PMC_biomarker_sets	Plasma concentration changes in TIMD4	differential	TIMD4	protein	level	mapped	Plasma concentration change without direction _ differential | level
PMC_biomarker_sets	Plasma concentration changes in FGF23	differential	FGF23	protein	level	mapped	Plasma concentration change without direction _ differential | level
PMC_biomarker_sets	Plasma concentration changes in GDF15	differential	GDF15	protein	level	mapped	Plasma concentration change without direction _ differential | level
PMC_biomarker_sets	Plasma concentration changes in SPON1	differential	SPON1	protein	level	mapped	Plasma concentration change without direction _ differential | level
PMC_biomarker_sets	Therapeutic hypothermia affected serum biomarker of MAPT	differential	MAPT	protein	level	uncertain	Effect of therapeutic intervention on serum biomarker - direction unstated; mapped differential | level but flag for review
PMC_biomarker_sets	Therapeutic hypothermia affected serum biomarker of VEGF	differential	VEGF	protein	level	uncertain	Effect of therapeutic intervention on serum biomarker - direction unstated; mapped differential | level but flag for review
PMC_biomarker_sets	Therapeutic hypothermia affected serum biomarker of GFAP	differential	GFAP	protein	level	uncertain	Effect of therapeutic intervention on serum biomarker - direction unstated; mapped differential | level but flag for review
PMC_biomarker_sets	Therapeutic hypothermia affected serum biomarker of IL10	differential	IL10	protein	level	uncertain	Effect of therapeutic intervention on serum biomarker - direction unstated; mapped differential | level but flag for review
PMC_biomarker_sets	Changes in elevated expression levels of KIM1	differential	KIM1	protein	level	mapped	LEVELS keyword without direction _ differential | level
PMC_biomarker_sets	Changes in elevated expression levels of BMP9	differential	BMP9	protein	level	mapped	LEVELS keyword without direction _ differential | level
PMC_biomarker_sets	Changes in elevated expression levels of TNNT1	differential	TNNT1	protein	level	mapped	LEVELS keyword without direction _ differential | level
PMC_biomarker_sets	Changes in elevated expression levels of NPPB	differential	NPPB	protein	level	mapped	LEVELS keyword without direction _ differential | level
PMC_biomarker_sets	Changes in elevated expression levels of SLAMF7	differential	SLAMF7	protein	level	mapped	LEVELS keyword without direction _ differential | level
PMC_biomarker_sets	Changes in elevated expression levels of IL4RA	differential	IL4RA	protein	level	mapped	LEVELS keyword without direction _ differential | level
PMC_biomarker_sets	Changes in elevated expression levels of THBS2	differential	THBS2	protein	level	mapped	LEVELS keyword without direction _ differential | level
PMC_biomarker_sets	Changes in elevated expression levels of AGRP	differential	AGRP	protein	level	mapped	LEVELS keyword without direction _ differential | level
PMC_biomarker_sets	Changes in elevated expression levels of CD4	differential	CD4	protein	level	mapped	LEVELS keyword without direction _ differential | level
PMC_biomarker_sets	Changes in elevated expression levels of PRELP	differential	PRELP	protein	level	mapped	LEVELS keyword without direction _ differential | level
PMC_biomarker_sets	Changes in elevated expression levels of PTX3	differential	PTX3	protein	level	mapped	LEVELS keyword without direction _ differential | level
PMC_biomarker_sets	Changes in elevated expression levels of CTSL1	differential	CTSL1	protein	level	mapped	LEVELS keyword without direction _ differential | level
PMC_biomarker_sets	Changes in elevated expression levels of ADM	differential	ADM	protein	level	mapped	LEVELS keyword without direction _ differential | level
PMC_biomarker_sets	Changes in elevated expression levels of PGF	differential	PGF	protein	level	mapped	LEVELS keyword without direction _ differential | level
PMC_biomarker_sets	Changes in elevated expression levels of TNFRSF11A	differential	TNFRSF11A	protein	level	mapped	LEVELS keyword without direction _ differential | level
PMC_biomarker_sets	Changes in elevated expression levels of TEK	differential	TEK	protein	level	mapped	LEVELS keyword without direction _ differential | level
PMC_biomarker_sets	Changes in elevated expression levels of SPON2	differential	SPON2	protein	level	mapped	LEVELS keyword without direction _ differential | level
PMC_biomarker_sets	One-carbon metabolism panel including MTHFR	differential	MTHFR	gene	sequence variation	uncertain	"After reviewing the literature, I found that the “One-carbon metabolism panel”is primarily assessed in clinical practice through genomic sequencing, with its core attribute defined as a gene.But I am not sure about it."
PMC_biomarker_sets	One-carbon metabolism panel including MTHFD1	differential	MTHFD1	gene	sequence variation	uncertain	"After reviewing the literature, I found that the “One-carbon metabolism panel”is primarily assessed in clinical practice through genomic sequencing, with its core attribute defined as a gene.But I am not sure about it."
PMC_biomarker_sets	One-carbon metabolism panel including MTRR	differential	MTRR	gene	sequence variation	uncertain	"After reviewing the literature, I found that the “One-carbon metabolism panel”is primarily assessed in clinical practice through genomic sequencing, with its core attribute defined as a gene.But I am not sure about it."
PMC_biomarker_sets	One-carbon metabolism panel including TCN2	differential	TCN2	gene	sequence variation	uncertain	"After reviewing the literature, I found that the “One-carbon metabolism panel”is primarily assessed in clinical practice through genomic sequencing, with its core attribute defined as a gene.But I am not sure about it."
PMC_biomarker_sets	One-carbon metabolism panel including CTH	differential	CTH	gene	sequence variation	uncertain	"After reviewing the literature, I found that the “One-carbon metabolism panel”is primarily assessed in clinical practice through genomic sequencing, with its core attribute defined as a gene.But I am not sure about it."
PMC_biomarker_sets	One-carbon metabolism panel including MTR	differential	MTR	gene	sequence variation	uncertain	"After reviewing the literature, I found that the “One-carbon metabolism panel”is primarily assessed in clinical practice through genomic sequencing, with its core attribute defined as a gene.But I am not sure about it."
PMC_biomarker_sets	One-carbon metabolism panel including CBS	differential	CBS	gene	sequence variation	uncertain	"After reviewing the literature, I found that the “One-carbon metabolism panel”is primarily assessed in clinical practice through genomic sequencing, with its core attribute defined as a gene.But I am not sure about it."
PMC_biomarker_sets	One-carbon metabolism panel including DHFR	differential	DHFR	gene	sequence variation	uncertain	"After reviewing the literature, I found that the “One-carbon metabolism panel”is primarily assessed in clinical practice through genomic sequencing, with its core attribute defined as a gene.But I am not sure about it."
PMC_biomarker_sets	One-carbon metabolism panel including BHMT	differential	BHMT	gene	sequence variation	uncertain	"After reviewing the literature, I found that the “One-carbon metabolism panel”is primarily assessed in clinical practice through genomic sequencing, with its core attribute defined as a gene.But I am not sure about it."
PMC_biomarker_sets	One-carbon metabolism panel including TYMS	differential	TYMS	gene	sequence variation	uncertain	"After reviewing the literature, I found that the “One-carbon metabolism panel”is primarily assessed in clinical practice through genomic sequencing, with its core attribute defined as a gene.But I am not sure about it."
PMC_biomarker_sets	One-carbon metabolism panel including SLC19A1	differential	SLC19A1	gene	sequence variation	uncertain	"After reviewing the literature, I found that the “One-carbon metabolism panel”is primarily assessed in clinical practice through genomic sequencing, with its core attribute defined as a gene.But I am not sure about it."
PMC_biomarker_sets	One-carbon metabolism panel including SHMT1	differential	SHMT1	gene	sequence variation	uncertain	"After reviewing the literature, I found that the “One-carbon metabolism panel”is primarily assessed in clinical practice through genomic sequencing, with its core attribute defined as a gene.But I am not sure about it."
PMC_biomarker_sets	One-carbon metabolism panel including FOLR1	differential	FOLR1	gene	sequence variation	uncertain	"After reviewing the literature, I found that the “One-carbon metabolism panel”is primarily assessed in clinical practice through genomic sequencing, with its core attribute defined as a gene.But I am not sure about it."
PMC_biomarker_sets	Fluoxetine Response markers GNB1	differential	GNB1	protein	level	uncertain	Panel biomarker listing - no direction or aspect explicitly stated; defaulting to differential | level. Flag for review: may need protein/expression if context is known.
PMC_biomarker_sets	Fluoxetine Response markers GFAP	differential	GFAP	protein	level	uncertain	Panel biomarker listing - no direction or aspect explicitly stated; defaulting to differential | level. Flag for review: may need protein/expression if context is known.
PMC_biomarker_sets	Fluoxetine Response markers S100B	differential	S100B	protein	level	uncertain	Panel biomarker listing - no direction or aspect explicitly stated; defaulting to differential | level. Flag for review: may need protein/expression if context is known.
PMC_biomarker_sets	Fluoxetine Response markers HDAC5	differential	HDAC5	protein	level	uncertain	Panel biomarker listing - no direction or aspect explicitly stated; defaulting to differential | level. Flag for review: may need protein/expression if context is known.
PMC_biomarker_sets	Normal to Chronic Hepatitis B panel biomarker C7	differential	C7	protein	level	uncertain	Panel biomarker listing - no direction or aspect explicitly stated; defaulting to differential | level. Flag for review: may need protein/expression if context is known.
PMC_biomarker_sets	Normal to Chronic Hepatitis B panel biomarker ANPEP	differential	ANPEP	protein	level	uncertain	Panel biomarker listing - no direction or aspect explicitly stated; defaulting to differential | level. Flag for review: may need protein/expression if context is known.
PMC_biomarker_sets	Normal to Chronic Hepatitis B panel biomarker IGLV319	differential	IGLV319	protein	level	uncertain	Panel biomarker listing - no direction or aspect explicitly stated; defaulting to differential | level. Flag for review: may need protein/expression if context is known.
PMC_biomarker_sets	Normal to Chronic Hepatitis B panel biomarker IGLV140	differential	IGLV140	protein	level	uncertain	Panel biomarker listing - no direction or aspect explicitly stated; defaulting to differential | level. Flag for review: may need protein/expression if context is known.
PMC_biomarker_sets	Normal to Chronic Hepatitis B panel biomarker QSOX1	differential	QSOX1	protein	level	uncertain	Panel biomarker listing - no direction or aspect explicitly stated; defaulting to differential | level. Flag for review: may need protein/expression if context is known.
PMC_biomarker_sets	Normal to Chronic Hepatitis B panel biomarker IGLV327	differential	IGLV327	protein	level	uncertain	Panel biomarker listing - no direction or aspect explicitly stated; defaulting to differential | level. Flag for review: may need protein/expression if context is known.
PMC_biomarker_sets	Normal to Chronic Hepatitis B panel biomarker IGHV551	differential	IGHV551	protein	level	uncertain	Panel biomarker listing - no direction or aspect explicitly stated; defaulting to differential | level. Flag for review: may need protein/expression if context is known.
PMC_biomarker_sets	Normal to Chronic Hepatitis B panel biomarker IGHV434	differential	IGHV434	protein	level	uncertain	Panel biomarker listing - no direction or aspect explicitly stated; defaulting to differential | level. Flag for review: may need protein/expression if context is known.
PMC_biomarker_sets	Normal to Chronic Hepatitis B panel biomarker IGKV41	differential	IGKV41	protein	level	uncertain	Panel biomarker listing - no direction or aspect explicitly stated; defaulting to differential | level. Flag for review: may need protein/expression if context is known.
PMC_biomarker_sets	Normal to Chronic Hepatitis B panel biomarker SERPINA3	differential	SERPINA3	protein	level	uncertain	Panel biomarker listing - no direction or aspect explicitly stated; defaulting to differential | level. Flag for review: may need protein/expression if context is known.
PMC_biomarker_sets	Normal to Chronic Hepatitis B panel biomarker HABP2	differential	HABP2	protein	level	uncertain	Panel biomarker listing - no direction or aspect explicitly stated; defaulting to differential | level. Flag for review: may need protein/expression if context is known.
PMC_biomarker_sets	Normal to Chronic Hepatitis B panel biomarker LCAT	differential	LCAT	protein	level	uncertain	Panel biomarker listing - no direction or aspect explicitly stated; defaulting to differential | level. Flag for review: may need protein/expression if context is known.
PMC_biomarker_sets	Normal to Chronic Hepatitis B panel biomarker RBP4	differential	RBP4	protein	level	uncertain	Panel biomarker listing - no direction or aspect explicitly stated; defaulting to differential | level. Flag for review: may need protein/expression if context is known.
PMC_biomarker_sets	Normal to Chronic Hepatitis B panel biomarker F10	differential	F10	protein	level	uncertain	Panel biomarker listing - no direction or aspect explicitly stated; defaulting to differential | level. Flag for review: may need protein/expression if context is known.
PMC_biomarker_sets	Normal to Chronic Hepatitis B panel biomarker ORM1	differential	ORM1	protein	level	uncertain	Panel biomarker listing - no direction or aspect explicitly stated; defaulting to differential | level. Flag for review: may need protein/expression if context is known.
PMC_biomarker_sets	Normal to Chronic Hepatitis B panel biomarker C4BPB	differential	C4BPB	protein	level	uncertain	Panel biomarker listing - no direction or aspect explicitly stated; defaulting to differential | level. Flag for review: may need protein/expression if context is known.
PMC_biomarker_sets	Normal to Chronic Hepatitis B panel biomarker PCYOX1	differential	PCYOX1	protein	level	uncertain	Panel biomarker listing - no direction or aspect explicitly stated; defaulting to differential | level. Flag for review: may need protein/expression if context is known.
PMC_biomarker_sets	Normal to Chronic Hepatitis B panel biomarker CFHR2	differential	CFHR2	protein	level	uncertain	Panel biomarker listing - no direction or aspect explicitly stated; defaulting to differential | level. Flag for review: may need protein/expression if context is known.
PMC_biomarker_sets	Normal to Chronic Hepatitis B panel biomarker CPN1	differential	CPN1	protein	level	uncertain	Panel biomarker listing - no direction or aspect explicitly stated; defaulting to differential | level. Flag for review: may need protein/expression if context is known.
PMC_biomarker_sets	Normal to Chronic Hepatitis B panel biomarker F2	differential	F2	protein	level	uncertain	Panel biomarker listing - no direction or aspect explicitly stated; defaulting to differential | level. Flag for review: may need protein/expression if context is known.
PMC_biomarker_sets	Normal to Liver Cirrhosis panel biomarker VWF	differential	VWF	protein	level	uncertain	Panel biomarker listing - no direction or aspect explicitly stated; defaulting to differential | level. Flag for review: may need protein/expression if context is known.
PMC_biomarker_sets	Normal to Liver Cirrhosis panel biomarker IGKV41	differential	IGKV41	protein	level	uncertain	Panel biomarker listing - no direction or aspect explicitly stated; defaulting to differential | level. Flag for review: may need protein/expression if context is known.
PMC_biomarker_sets	Normal to Liver Cirrhosis panel biomarker HSPG2	differential	HSPG2	protein	level	uncertain	Panel biomarker listing - no direction or aspect explicitly stated; defaulting to differential | level. Flag for review: may need protein/expression if context is known.
PMC_biomarker_sets	Normal to Liver Cirrhosis panel biomarker NRP1	differential	NRP1	protein	level	uncertain	Panel biomarker listing - no direction or aspect explicitly stated; defaulting to differential | level. Flag for review: may need protein/expression if context is known.
PMC_biomarker_sets	Normal to Liver Cirrhosis panel biomarker C7	differential	C7	protein	level	uncertain	Panel biomarker listing - no direction or aspect explicitly stated; defaulting to differential | level. Flag for review: may need protein/expression if context is known.
PMC_biomarker_sets	Normal to Liver Cirrhosis panel biomarker IGHV39	differential	IGHV39	protein	level	uncertain	Panel biomarker listing - no direction or aspect explicitly stated; defaulting to differential | level. Flag for review: may need protein/expression if context is known.
PMC_biomarker_sets	Normal to Liver Cirrhosis panel biomarker IGLV147	differential	IGLV147	protein	level	uncertain	Panel biomarker listing - no direction or aspect explicitly stated; defaulting to differential | level. Flag for review: may need protein/expression if context is known.
PMC_biomarker_sets	Normal to Liver Cirrhosis panel biomarker IGKV15	differential	IGKV15	protein	level	uncertain	Panel biomarker listing - no direction or aspect explicitly stated; defaulting to differential | level. Flag for review: may need protein/expression if context is known.
PMC_biomarker_sets	Normal to Liver Cirrhosis panel biomarker JCHAIN	differential	JCHAIN	protein	level	uncertain	Panel biomarker listing - no direction or aspect explicitly stated; defaulting to differential | level. Flag for review: may need protein/expression if context is known.
PMC_biomarker_sets	Normal to Liver Cirrhosis panel biomarker LUM	differential	LUM	protein	level	uncertain	Panel biomarker listing - no direction or aspect explicitly stated; defaulting to differential | level. Flag for review: may need protein/expression if context is known.
PMC_biomarker_sets	Normal to Liver Cirrhosis panel biomarker PIGR	differential	PIGR	protein	level	uncertain	Panel biomarker listing - no direction or aspect explicitly stated; defaulting to differential | level. Flag for review: may need protein/expression if context is known.
PMC_biomarker_sets	Normal to Liver Cirrhosis panel biomarker IGKV127	differential	IGKV127	protein	level	uncertain	Panel biomarker listing - no direction or aspect explicitly stated; defaulting to differential | level. Flag for review: may need protein/expression if context is known.
PMC_biomarker_sets	Normal to Liver Cirrhosis panel biomarker IGKV116	differential	IGKV116	protein	level	uncertain	Panel biomarker listing - no direction or aspect explicitly stated; defaulting to differential | level. Flag for review: may need protein/expression if context is known.
PMC_biomarker_sets	Normal to Liver Cirrhosis panel biomarker IGHV37	differential	IGHV37	protein	level	uncertain	Panel biomarker listing - no direction or aspect explicitly stated; defaulting to differential | level. Flag for review: may need protein/expression if context is known.
PMC_biomarker_sets	Normal to Liver Cirrhosis panel biomarker ICAM2	differential	ICAM2	protein	level	uncertain	Panel biomarker listing - no direction or aspect explicitly stated; defaulting to differential | level. Flag for review: may need protein/expression if context is known.
PMC_biomarker_sets	Normal to Liver Cirrhosis panel biomarker CD5L	differential	CD5L	protein	level	uncertain	Panel biomarker listing - no direction or aspect explicitly stated; defaulting to differential | level. Flag for review: may need protein/expression if context is known.
PMC_biomarker_sets	Normal to Liver Cirrhosis panel biomarker TGFBI	differential	TGFBI	protein	level	uncertain	Panel biomarker listing - no direction or aspect explicitly stated; defaulting to differential | level. Flag for review: may need protein/expression if context is known.
PMC_biomarker_sets	Normal to Liver Cirrhosis panel biomarker IGLV327	differential	IGLV327	protein	level	uncertain	Panel biomarker listing - no direction or aspect explicitly stated; defaulting to differential | level. Flag for review: may need protein/expression if context is known.
PMC_biomarker_sets	Normal to Liver Cirrhosis panel biomarker IGFBP2	differential	IGFBP2	protein	level	uncertain	Panel biomarker listing - no direction or aspect explicitly stated; defaulting to differential | level. Flag for review: may need protein/expression if context is known.
PMC_biomarker_sets	Normal to Liver Cirrhosis panel biomarker FBLN1	differential	FBLN1	protein	level	uncertain	Panel biomarker listing - no direction or aspect explicitly stated; defaulting to differential | level. Flag for review: may need protein/expression if context is known.
PMC_biomarker_sets	Normal to Liver Cirrhosis panel biomarker IGHV551	differential	IGHV551	protein	level	uncertain	Panel biomarker listing - no direction or aspect explicitly stated; defaulting to differential | level. Flag for review: may need protein/expression if context is known.
PMC_biomarker_sets	Normal to Liver Cirrhosis panel biomarker IGHA1	differential	IGHA1	protein	level	uncertain	Panel biomarker listing - no direction or aspect explicitly stated; defaulting to differential | level. Flag for review: may need protein/expression if context is known.
PMC_biomarker_sets	Normal to Liver Cirrhosis panel biomarker LGALS3BP	differential	LGALS3BP	protein	level	uncertain	Panel biomarker listing - no direction or aspect explicitly stated; defaulting to differential | level. Flag for review: may need protein/expression if context is known.
PMC_biomarker_sets	Normal to Liver Cirrhosis panel biomarker FGG	differential	FGG	protein	level	uncertain	Panel biomarker listing - no direction or aspect explicitly stated; defaulting to differential | level. Flag for review: may need protein/expression if context is known.
PMC_biomarker_sets	Normal to Liver Cirrhosis panel biomarker KLKB1	differential	KLKB1	protein	level	uncertain	Panel biomarker listing - no direction or aspect explicitly stated; defaulting to differential | level. Flag for review: may need protein/expression if context is known.
PMC_biomarker_sets	Normal to Liver Cirrhosis panel biomarker CFB	differential	CFB	protein	level	uncertain	Panel biomarker listing - no direction or aspect explicitly stated; defaulting to differential | level. Flag for review: may need protein/expression if context is known.
PMC_biomarker_sets	Normal to Liver Cirrhosis panel biomarker F10	differential	F10	protein	level	uncertain	Panel biomarker listing - no direction or aspect explicitly stated; defaulting to differential | level. Flag for review: may need protein/expression if context is known.
PMC_biomarker_sets	Normal to Liver Cirrhosis panel biomarker CPN2	differential	CPN2	protein	level	uncertain	Panel biomarker listing - no direction or aspect explicitly stated; defaulting to differential | level. Flag for review: may need protein/expression if context is known.
PMC_biomarker_sets	Normal to Liver Cirrhosis panel biomarker APOC1	differential	APOC1	protein	level	uncertain	Panel biomarker listing - no direction or aspect explicitly stated; defaulting to differential | level. Flag for review: may need protein/expression if context is known.
PMC_biomarker_sets	Normal to Liver Cirrhosis panel biomarker CLU	differential	CLU	protein	level	uncertain	Panel biomarker listing - no direction or aspect explicitly stated; defaulting to differential | level. Flag for review: may need protein/expression if context is known.
PMC_biomarker_sets	Normal to Liver Cirrhosis panel biomarker SERPIND1	differential	SERPIND1	protein	level	uncertain	Panel biomarker listing - no direction or aspect explicitly stated; defaulting to differential | level. Flag for review: may need protein/expression if context is known.
PMC_biomarker_sets	Normal to Hepatocellular Carcinoma panel biomarker ANPEP	differential	ANPEP	protein	level	uncertain	Panel biomarker listing - no direction or aspect explicitly stated; defaulting to differential | level. Flag for review: may need protein/expression if context is known.
PMC_biomarker_sets	Normal to Hepatocellular Carcinoma panel biomarker IGKV41	differential	IGKV41	protein	level	uncertain	Panel biomarker listing - no direction or aspect explicitly stated; defaulting to differential | level. Flag for review: may need protein/expression if context is known.
PMC_biomarker_sets	Normal to Hepatocellular Carcinoma panel biomarker VWF	differential	VWF	protein	level	uncertain	Panel biomarker listing - no direction or aspect explicitly stated; defaulting to differential | level. Flag for review: may need protein/expression if context is known.
PMC_biomarker_sets	Normal to Hepatocellular Carcinoma panel biomarker TGFBI	differential	TGFBI	protein	level	uncertain	Panel biomarker listing - no direction or aspect explicitly stated; defaulting to differential | level. Flag for review: may need protein/expression if context is known.
PMC_biomarker_sets	Normal to Hepatocellular Carcinoma panel biomarker LYVE1	differential	LYVE1	protein	level	uncertain	Panel biomarker listing - no direction or aspect explicitly stated; defaulting to differential | level. Flag for review: may need protein/expression if context is known.
PMC_biomarker_sets	Normal to Hepatocellular Carcinoma panel biomarker PIGR	differential	PIGR	protein	level	uncertain	Panel biomarker listing - no direction or aspect explicitly stated; defaulting to differential | level. Flag for review: may need protein/expression if context is known.
PMC_biomarker_sets	Normal to Hepatocellular Carcinoma panel biomarker IGHV226	differential	IGHV226	protein	level	uncertain	Panel biomarker listing - no direction or aspect explicitly stated; defaulting to differential | level. Flag for review: may need protein/expression if context is known.
PMC_biomarker_sets	Normal to Hepatocellular Carcinoma panel biomarker HSPG2	differential	HSPG2	protein	level	uncertain	Panel biomarker listing - no direction or aspect explicitly stated; defaulting to differential | level. Flag for review: may need protein/expression if context is known.
PMC_biomarker_sets	Normal to Hepatocellular Carcinoma panel biomarker FUCA1	differential	FUCA1	protein	level	uncertain	Panel biomarker listing - no direction or aspect explicitly stated; defaulting to differential | level. Flag for review: may need protein/expression if context is known.
PMC_biomarker_sets	Normal to Hepatocellular Carcinoma panel biomarker IGLV140	differential	IGLV140	protein	level	uncertain	Panel biomarker listing - no direction or aspect explicitly stated; defaulting to differential | level. Flag for review: may need protein/expression if context is known.
PMC_biomarker_sets	Normal to Hepatocellular Carcinoma panel biomarker IGKV18	differential	IGKV18	protein	level	uncertain	Panel biomarker listing - no direction or aspect explicitly stated; defaulting to differential | level. Flag for review: may need protein/expression if context is known.
PMC_biomarker_sets	Normal to Hepatocellular Carcinoma panel biomarker F12	differential	F12	protein	level	uncertain	Panel biomarker listing - no direction or aspect explicitly stated; defaulting to differential | level. Flag for review: may need protein/expression if context is known.
PMC_biomarker_sets	Normal to Hepatocellular Carcinoma panel biomarker PROZ	differential	PROZ	protein	level	uncertain	Panel biomarker listing - no direction or aspect explicitly stated; defaulting to differential | level. Flag for review: may need protein/expression if context is known.
PMC_biomarker_sets	Normal to Hepatocellular Carcinoma panel biomarker IGF1	differential	IGF1	protein	level	uncertain	Panel biomarker listing - no direction or aspect explicitly stated; defaulting to differential | level. Flag for review: may need protein/expression if context is known.
PMC_biomarker_sets	Normal to Hepatocellular Carcinoma panel biomarker F10	differential	F10	protein	level	uncertain	Panel biomarker listing - no direction or aspect explicitly stated; defaulting to differential | level. Flag for review: may need protein/expression if context is known.
PMC_biomarker_sets	Normal to Hepatocellular Carcinoma panel biomarker APOM	differential	APOM	protein	level	uncertain	Panel biomarker listing - no direction or aspect explicitly stated; defaulting to differential | level. Flag for review: may need protein/expression if context is known.
PMC_biomarker_sets	Normal to Hepatocellular Carcinoma panel biomarker PLG	differential	PLG	protein	level	uncertain	Panel biomarker listing - no direction or aspect explicitly stated; defaulting to differential | level. Flag for review: may need protein/expression if context is known.
PMC_biomarker_sets	Normal to Hepatocellular Carcinoma panel biomarker APOC1	differential	APOC1	protein	level	uncertain	Panel biomarker listing - no direction or aspect explicitly stated; defaulting to differential | level. Flag for review: may need protein/expression if context is known.
PMC_biomarker_sets	Liver Cirrhosis vs Chronic Hepatitis B panel biomarker IGKV41	differential	IGKV41	protein	level	uncertain	Panel biomarker listing - no direction or aspect explicitly stated; defaulting to differential | level. Flag for review: may need protein/expression if context is known.
PMC_biomarker_sets	Liver Cirrhosis vs Chronic Hepatitis B panel biomarker HSPG2	differential	HSPG2	protein	level	uncertain	Panel biomarker listing - no direction or aspect explicitly stated; defaulting to differential | level. Flag for review: may need protein/expression if context is known.
PMC_biomarker_sets	Liver Cirrhosis vs Chronic Hepatitis B panel biomarker IGHA1	differential	IGHA1	protein	level	uncertain	Panel biomarker listing - no direction or aspect explicitly stated; defaulting to differential | level. Flag for review: may need protein/expression if context is known.
PMC_biomarker_sets	Liver Cirrhosis vs Chronic Hepatitis B panel biomarker NRP1	differential	NRP1	protein	level	uncertain	Panel biomarker listing - no direction or aspect explicitly stated; defaulting to differential | level. Flag for review: may need protein/expression if context is known.
PMC_biomarker_sets	Liver Cirrhosis vs Chronic Hepatitis B panel biomarker LUM	differential	LUM	protein	level	uncertain	Panel biomarker listing - no direction or aspect explicitly stated; defaulting to differential | level. Flag for review: may need protein/expression if context is known.
PMC_biomarker_sets	Liver Cirrhosis vs Chronic Hepatitis B panel biomarker JCHAIN	differential	JCHAIN	protein	level	uncertain	Panel biomarker listing - no direction or aspect explicitly stated; defaulting to differential | level. Flag for review: may need protein/expression if context is known.
PMC_biomarker_sets	Liver Cirrhosis vs Chronic Hepatitis B panel biomarker IGFBP2	differential	IGFBP2	protein	level	uncertain	Panel biomarker listing - no direction or aspect explicitly stated; defaulting to differential | level. Flag for review: may need protein/expression if context is known.
PMC_biomarker_sets	Liver Cirrhosis vs Chronic Hepatitis B panel biomarker IGKV315	differential	IGKV315	protein	level	uncertain	Panel biomarker listing - no direction or aspect explicitly stated; defaulting to differential | level. Flag for review: may need protein/expression if context is known.
PMC_biomarker_sets	Liver Cirrhosis vs Chronic Hepatitis B panel biomarker IGHV37	differential	IGHV37	protein	level	uncertain	Panel biomarker listing - no direction or aspect explicitly stated; defaulting to differential | level. Flag for review: may need protein/expression if context is known.
PMC_biomarker_sets	Liver Cirrhosis vs Chronic Hepatitis B panel biomarker VWF	differential	VWF	protein	level	uncertain	Panel biomarker listing - no direction or aspect explicitly stated; defaulting to differential | level. Flag for review: may need protein/expression if context is known.
PMC_biomarker_sets	Liver Cirrhosis vs Chronic Hepatitis B panel biomarker IGKV18	differential	IGKV18	protein	level	uncertain	Panel biomarker listing - no direction or aspect explicitly stated; defaulting to differential | level. Flag for review: may need protein/expression if context is known.
PMC_biomarker_sets	Liver Cirrhosis vs Chronic Hepatitis B panel biomarker CD5L	differential	CD5L	protein	level	uncertain	Panel biomarker listing - no direction or aspect explicitly stated; defaulting to differential | level. Flag for review: may need protein/expression if context is known.
PMC_biomarker_sets	Liver Cirrhosis vs Chronic Hepatitis B panel biomarker CFI	differential	CFI	protein	level	uncertain	Panel biomarker listing - no direction or aspect explicitly stated; defaulting to differential | level. Flag for review: may need protein/expression if context is known.
PMC_biomarker_sets	Liver Cirrhosis vs Chronic Hepatitis B panel biomarker CAMP	differential	CAMP	protein	level	uncertain	Panel biomarker listing - no direction or aspect explicitly stated; defaulting to differential | level. Flag for review: may need protein/expression if context is known.
PMC_biomarker_sets	Liver Cirrhosis vs Chronic Hepatitis B panel biomarker CLU	differential	CLU	protein	level	uncertain	Panel biomarker listing - no direction or aspect explicitly stated; defaulting to differential | level. Flag for review: may need protein/expression if context is known.
PMC_biomarker_sets	Liver Cirrhosis vs Chronic Hepatitis B panel biomarker SPARC	differential	SPARC	protein	level	uncertain	Panel biomarker listing - no direction or aspect explicitly stated; defaulting to differential | level. Flag for review: may need protein/expression if context is known.
PMC_biomarker_sets	Liver Cirrhosis vs Chronic Hepatitis B panel biomarker PON3	differential	PON3	protein	level	uncertain	Panel biomarker listing - no direction or aspect explicitly stated; defaulting to differential | level. Flag for review: may need protein/expression if context is known.
PMC_biomarker_sets	Liver Cirrhosis vs Chronic Hepatitis B panel biomarker THBS1	differential	THBS1	protein	level	uncertain	Panel biomarker listing - no direction or aspect explicitly stated; defaulting to differential | level. Flag for review: may need protein/expression if context is known.
PMC_biomarker_sets	Liver Cirrhosis vs Chronic Hepatitis B panel biomarker CPN2	differential	CPN2	protein	level	uncertain	Panel biomarker listing - no direction or aspect explicitly stated; defaulting to differential | level. Flag for review: may need protein/expression if context is known.
PMC_biomarker_sets	Liver Cirrhosis vs Chronic Hepatitis B panel biomarker APOA2	differential	APOA2	protein	level	uncertain	Panel biomarker listing - no direction or aspect explicitly stated; defaulting to differential | level. Flag for review: may need protein/expression if context is known.
PMC_biomarker_sets	Liver Cirrhosis vs Chronic Hepatitis B panel biomarker MASP2	differential	MASP2	protein	level	uncertain	Panel biomarker listing - no direction or aspect explicitly stated; defaulting to differential | level. Flag for review: may need protein/expression if context is known.
PMC_biomarker_sets	Liver Cirrhosis vs Chronic Hepatitis B panel biomarker FCN3	differential	FCN3	protein	level	uncertain	Panel biomarker listing - no direction or aspect explicitly stated; defaulting to differential | level. Flag for review: may need protein/expression if context is known.
PMC_biomarker_sets	Liver Cirrhosis vs Chronic Hepatitis B panel biomarker C3	differential	C3	protein	level	uncertain	Panel biomarker listing - no direction or aspect explicitly stated; defaulting to differential | level. Flag for review: may need protein/expression if context is known.
PMC_biomarker_sets	Liver Cirrhosis vs Chronic Hepatitis B panel biomarker GC	differential	GC	protein	level	uncertain	Panel biomarker listing - no direction or aspect explicitly stated; defaulting to differential | level. Flag for review: may need protein/expression if context is known.
PMC_biomarker_sets	Liver Cirrhosis vs Chronic Hepatitis B panel biomarker C4BPA	differential	C4BPA	protein	level	uncertain	Panel biomarker listing - no direction or aspect explicitly stated; defaulting to differential | level. Flag for review: may need protein/expression if context is known.
PMC_biomarker_sets	Liver Cirrhosis vs Chronic Hepatitis B panel biomarker APOC1	differential	APOC1	protein	level	uncertain	Panel biomarker listing - no direction or aspect explicitly stated; defaulting to differential | level. Flag for review: may need protein/expression if context is known.
PMC_biomarker_sets	Liver Cirrhosis vs Chronic Hepatitis B panel biomarker PPBP	differential	PPBP	protein	level	uncertain	Panel biomarker listing - no direction or aspect explicitly stated; defaulting to differential | level. Flag for review: may need protein/expression if context is known.
PMC_biomarker_sets	Liver Cirrhosis vs Chronic Hepatitis B panel biomarker APOM	differential	APOM	protein	level	uncertain	Panel biomarker listing - no direction or aspect explicitly stated; defaulting to differential | level. Flag for review: may need protein/expression if context is known.
PMC_biomarker_sets	Liver Cirrhosis vs Chronic Hepatitis B panel biomarker PLG	differential	PLG	protein	level	uncertain	Panel biomarker listing - no direction or aspect explicitly stated; defaulting to differential | level. Flag for review: may need protein/expression if context is known.
PMC_biomarker_sets	Hepatocellular Carcinoma  vs Chronic Hepatitis B panel biomarker ITIH4	differential	ITIH4	protein	level	uncertain	Panel biomarker listing - no direction or aspect explicitly stated; defaulting to differential | level. Flag for review: may need protein/expression if context is known.
PMC_biomarker_sets	Hepatocellular Carcinoma  vs Chronic Hepatitis B panel biomarker HSPG2	differential	HSPG2	protein	level	uncertain	Panel biomarker listing - no direction or aspect explicitly stated; defaulting to differential | level. Flag for review: may need protein/expression if context is known.
PMC_biomarker_sets	Hepatocellular Carcinoma  vs Chronic Hepatitis B panel biomarker C9	differential	C9	protein	level	uncertain	Panel biomarker listing - no direction or aspect explicitly stated; defaulting to differential | level. Flag for review: may need protein/expression if context is known.
PMC_biomarker_sets	Hepatocellular Carcinoma  vs Chronic Hepatitis B panel biomarker C4B	differential	C4B	protein	level	uncertain	Panel biomarker listing - no direction or aspect explicitly stated; defaulting to differential | level. Flag for review: may need protein/expression if context is known.
PMC_biomarker_sets	Hepatocellular Carcinoma  vs Chronic Hepatitis B panel biomarker IGFBP2	differential	IGFBP2	protein	level	uncertain	Panel biomarker listing - no direction or aspect explicitly stated; defaulting to differential | level. Flag for review: may need protein/expression if context is known.
PMC_biomarker_sets	Hepatocellular Carcinoma  vs Chronic Hepatitis B panel biomarker SERPINA1	differential	SERPINA1	protein	level	uncertain	Panel biomarker listing - no direction or aspect explicitly stated; defaulting to differential | level. Flag for review: may need protein/expression if context is known.
PMC_biomarker_sets	Hepatocellular Carcinoma  vs Chronic Hepatitis B panel biomarker SERPINA3	differential	SERPINA3	protein	level	uncertain	Panel biomarker listing - no direction or aspect explicitly stated; defaulting to differential | level. Flag for review: may need protein/expression if context is known.
PMC_biomarker_sets	Hepatocellular Carcinoma  vs Chronic Hepatitis B panel biomarker LUM	differential	LUM	protein	level	uncertain	Panel biomarker listing - no direction or aspect explicitly stated; defaulting to differential | level. Flag for review: may need protein/expression if context is known.
PMC_biomarker_sets	Hepatocellular Carcinoma  vs Chronic Hepatitis B panel biomarker PROZ	differential	PROZ	protein	level	uncertain	Panel biomarker listing - no direction or aspect explicitly stated; defaulting to differential | level. Flag for review: may need protein/expression if context is known.
PMC_biomarker_sets	Hepatocellular Carcinoma  vs Chronic Hepatitis B panel biomarker CLU	differential	CLU	protein	level	uncertain	Panel biomarker listing - no direction or aspect explicitly stated; defaulting to differential | level. Flag for review: may need protein/expression if context is known.
PMC_biomarker_sets	Hepatocellular Carcinoma  vs Chronic Hepatitis B panel biomarker PLG	differential	PLG	protein	level	uncertain	Panel biomarker listing - no direction or aspect explicitly stated; defaulting to differential | level. Flag for review: may need protein/expression if context is known.
PMC_biomarker_sets	Hepatocellular Carcinoma  vs Chronic Hepatitis B panel biomarker PPBP	differential	PPBP	protein	level	uncertain	Panel biomarker listing - no direction or aspect explicitly stated; defaulting to differential | level. Flag for review: may need protein/expression if context is known.
PMC_biomarker_sets	Hepatocellular Carcinoma  vs Chronic Hepatitis B panel biomarker AFM	differential	AFM	protein	level	uncertain	Panel biomarker listing - no direction or aspect explicitly stated; defaulting to differential | level. Flag for review: may need protein/expression if context is known.
PMC_biomarker_sets	Hepatocellular Carcinoma  vs Chronic Hepatitis B panel biomarker APOC1	differential	APOC1	protein	level	uncertain	Panel biomarker listing - no direction or aspect explicitly stated; defaulting to differential | level. Flag for review: may need protein/expression if context is known.
PMC_biomarker_sets	Hepatocellular Carcinoma  vs Liver Cirrhosis panel biomarker SERPIND1	differential	SERPIND1	protein	level	uncertain	Panel biomarker listing - no direction or aspect explicitly stated; defaulting to differential | level. Flag for review: may need protein/expression if context is known.
PMC_biomarker_sets	Hepatocellular Carcinoma  vs Liver Cirrhosis panel biomarker CPB2	differential	CPB2	protein	level	uncertain	Panel biomarker listing - no direction or aspect explicitly stated; defaulting to differential | level. Flag for review: may need protein/expression if context is known.
PMC_biomarker_sets	Hepatocellular Carcinoma  vs Liver Cirrhosis panel biomarker CPN2	differential	CPN2	protein	level	uncertain	Panel biomarker listing - no direction or aspect explicitly stated; defaulting to differential | level. Flag for review: may need protein/expression if context is known.
PMC_biomarker_sets	Hepatocellular Carcinoma  vs Liver Cirrhosis panel biomarker RBP4	differential	RBP4	protein	level	uncertain	Panel biomarker listing - no direction or aspect explicitly stated; defaulting to differential | level. Flag for review: may need protein/expression if context is known.
PMC_biomarker_sets	Hepatocellular Carcinoma  vs Liver Cirrhosis panel biomarker PLG	differential	PLG	protein	level	uncertain	Panel biomarker listing - no direction or aspect explicitly stated; defaulting to differential | level. Flag for review: may need protein/expression if context is known.
PMC_biomarker_sets	Hepatocellular Carcinoma  vs Liver Cirrhosis panel biomarker F13B	differential	F13B	protein	level	uncertain	Panel biomarker listing - no direction or aspect explicitly stated; defaulting to differential | level. Flag for review: may need protein/expression if context is known.
PMC_biomarker_sets	Hepatocellular Carcinoma  vs Liver Cirrhosis panel biomarker C4BPA	differential	C4BPA	protein	level	uncertain	Panel biomarker listing - no direction or aspect explicitly stated; defaulting to differential | level. Flag for review: may need protein/expression if context is known.
PMC_biomarker_sets	Hepatocellular Carcinoma  vs Liver Cirrhosis panel biomarker C4BPB	differential	C4BPB	protein	level	uncertain	Panel biomarker listing - no direction or aspect explicitly stated; defaulting to differential | level. Flag for review: may need protein/expression if context is known.
PMC_biomarker_sets	Hepatocellular Carcinoma  vs Liver Cirrhosis panel biomarker KLKB1	differential	KLKB1	protein	level	uncertain	Panel biomarker listing - no direction or aspect explicitly stated; defaulting to differential | level. Flag for review: may need protein/expression if context is known.
PMC_biomarker_sets	Hepatocellular Carcinoma  vs Liver Cirrhosis panel biomarker CPN1	differential	CPN1	protein	level	uncertain	Panel biomarker listing - no direction or aspect explicitly stated; defaulting to differential | level. Flag for review: may need protein/expression if context is known.
PMC_biomarker_sets	Hepatocellular Carcinoma  vs Liver Cirrhosis panel biomarker C6	differential	C6	protein	level	uncertain	Panel biomarker listing - no direction or aspect explicitly stated; defaulting to differential | level. Flag for review: may need protein/expression if context is known.
PMC_biomarker_sets	Hepatocellular Carcinoma  vs Liver Cirrhosis panel biomarker SERPINA10	differential	SERPINA10	protein	level	uncertain	Panel biomarker listing - no direction or aspect explicitly stated; defaulting to differential | level. Flag for review: may need protein/expression if context is known.
PMC_biomarker_sets	Hepatocellular Carcinoma  vs Liver Cirrhosis panel biomarker HP	differential	HP	protein	level	uncertain	Panel biomarker listing - no direction or aspect explicitly stated; defaulting to differential | level. Flag for review: may need protein/expression if context is known.
PMC_biomarker_sets	Hepatocellular Carcinoma  vs Liver Cirrhosis panel biomarker C5	differential	C5	protein	level	uncertain	Panel biomarker listing - no direction or aspect explicitly stated; defaulting to differential | level. Flag for review: may need protein/expression if context is known.
PMC_biomarker_sets	Hepatocellular Carcinoma  vs Liver Cirrhosis panel biomarker SPARC	differential	SPARC	protein	level	uncertain	Panel biomarker listing - no direction or aspect explicitly stated; defaulting to differential | level. Flag for review: may need protein/expression if context is known.
PMC_biomarker_sets	Hepatocellular Carcinoma  vs Liver Cirrhosis panel biomarker GC	differential	GC	protein	level	uncertain	Panel biomarker listing - no direction or aspect explicitly stated; defaulting to differential | level. Flag for review: may need protein/expression if context is known.
PMC_biomarker_sets	Hepatocellular Carcinoma  vs Liver Cirrhosis panel biomarker F7	differential	F7	protein	level	uncertain	Panel biomarker listing - no direction or aspect explicitly stated; defaulting to differential | level. Flag for review: may need protein/expression if context is known.
PMC_biomarker_sets	Hepatocellular Carcinoma  vs Liver Cirrhosis panel biomarker C3	differential	C3	protein	level	uncertain	Panel biomarker listing - no direction or aspect explicitly stated; defaulting to differential | level. Flag for review: may need protein/expression if context is known.
PMC_biomarker_sets	Hepatocellular Carcinoma  vs Liver Cirrhosis panel biomarker SAA1	differential	SAA1	protein	level	uncertain	Panel biomarker listing - no direction or aspect explicitly stated; defaulting to differential | level. Flag for review: may need protein/expression if context is known.
PMC_biomarker_sets	Hepatocellular Carcinoma  vs Liver Cirrhosis panel biomarker C2	differential	C2	protein	level	uncertain	Panel biomarker listing - no direction or aspect explicitly stated; defaulting to differential | level. Flag for review: may need protein/expression if context is known.
PMC_biomarker_sets	Hepatocellular Carcinoma  vs Liver Cirrhosis panel biomarker AGT	differential	AGT	protein	level	uncertain	Panel biomarker listing - no direction or aspect explicitly stated; defaulting to differential | level. Flag for review: may need protein/expression if context is known.
PMC_biomarker_sets	Hepatocellular Carcinoma  vs Liver Cirrhosis panel biomarker APCS	differential	APCS	protein	level	uncertain	Panel biomarker listing - no direction or aspect explicitly stated; defaulting to differential | level. Flag for review: may need protein/expression if context is known.
PMC_biomarker_sets	Hepatocellular Carcinoma  vs Liver Cirrhosis panel biomarker APOM	differential	APOM	protein	level	uncertain	Panel biomarker listing - no direction or aspect explicitly stated; defaulting to differential | level. Flag for review: may need protein/expression if context is known.
PMC_biomarker_sets	Hepatocellular Carcinoma  vs Liver Cirrhosis panel biomarker C1RL	differential	C1RL	protein	level	uncertain	Panel biomarker listing - no direction or aspect explicitly stated; defaulting to differential | level. Flag for review: may need protein/expression if context is known.
PMC_biomarker_sets	Hepatocellular Carcinoma  vs Liver Cirrhosis panel biomarker MCAM	differential	MCAM	protein	level	uncertain	Panel biomarker listing - no direction or aspect explicitly stated; defaulting to differential | level. Flag for review: may need protein/expression if context is known.
PMC_biomarker_sets	Hepatocellular Carcinoma  vs Liver Cirrhosis panel biomarker FBLN1	differential	FBLN1	protein	level	uncertain	Panel biomarker listing - no direction or aspect explicitly stated; defaulting to differential | level. Flag for review: may need protein/expression if context is known.
PMC_biomarker_sets	Hepatocellular Carcinoma  vs Liver Cirrhosis panel biomarker IGKV41	differential	IGKV41	protein	level	uncertain	Panel biomarker listing - no direction or aspect explicitly stated; defaulting to differential | level. Flag for review: may need protein/expression if context is known.
PMC_biomarker_sets	Hepatocellular Carcinoma  vs Liver Cirrhosis panel biomarker CDH5	differential	CDH5	protein	level	uncertain	Panel biomarker listing - no direction or aspect explicitly stated; defaulting to differential | level. Flag for review: may need protein/expression if context is known.
PMC_biomarker_sets	Hepatocellular Carcinoma  vs Liver Cirrhosis panel biomarker IGLV140	differential	IGLV140	protein	level	uncertain	Panel biomarker listing - no direction or aspect explicitly stated; defaulting to differential | level. Flag for review: may need protein/expression if context is known.
PMC_biomarker_sets	Hepatocellular Carcinoma  vs Liver Cirrhosis panel biomarker IGHV434	differential	IGHV434	protein	level	uncertain	Panel biomarker listing - no direction or aspect explicitly stated; defaulting to differential | level. Flag for review: may need protein/expression if context is known.
PMC_biomarker_sets	Hepatocellular Carcinoma  vs Liver Cirrhosis panel biomarker IGKV320	differential	IGKV320	protein	level	uncertain	Panel biomarker listing - no direction or aspect explicitly stated; defaulting to differential | level. Flag for review: may need protein/expression if context is known.
PMC_biomarker_sets	Hepatocellular Carcinoma  vs Liver Cirrhosis panel biomarker IGHV349	differential	IGHV349	protein	level	uncertain	Panel biomarker listing - no direction or aspect explicitly stated; defaulting to differential | level. Flag for review: may need protein/expression if context is known.
PMC_biomarker_sets	Hepatocellular Carcinoma  vs Liver Cirrhosis panel biomarker IGKV2D29	differential	IGKV2D29	protein	level	uncertain	Panel biomarker listing - no direction or aspect explicitly stated; defaulting to differential | level. Flag for review: may need protein/expression if context is known.
PMC_biomarker_sets	Hepatocellular Carcinoma  vs Liver Cirrhosis panel biomarker HSPG2	differential	HSPG2	protein	level	uncertain	Panel biomarker listing - no direction or aspect explicitly stated; defaulting to differential | level. Flag for review: may need protein/expression if context is known.
PMC_biomarker_sets	Hepatocellular Carcinoma  vs Liver Cirrhosis panel biomarker IGHV551	differential	IGHV551	protein	level	uncertain	Panel biomarker listing - no direction or aspect explicitly stated; defaulting to differential | level. Flag for review: may need protein/expression if context is known.
PMC_biomarker_sets	Hepatocellular Carcinoma  vs Liver Cirrhosis panel biomarker CD5L	differential	CD5L	protein	level	uncertain	Panel biomarker listing - no direction or aspect explicitly stated; defaulting to differential | level. Flag for review: may need protein/expression if context is known.
PMC_biomarker_sets	Hepatocellular Carcinoma  vs Liver Cirrhosis panel biomarker JCHAIN	differential	JCHAIN	protein	level	uncertain	Panel biomarker listing - no direction or aspect explicitly stated; defaulting to differential | level. Flag for review: may need protein/expression if context is known.
PMC_biomarker_sets	Hepatocellular Carcinoma  vs Liver Cirrhosis panel biomarker EFEMP1	differential	EFEMP1	protein	level	uncertain	Panel biomarker listing - no direction or aspect explicitly stated; defaulting to differential | level. Flag for review: may need protein/expression if context is known.
PMC_biomarker_sets	Psoriatic Arthrithis Biomarker ADIPOQ	differential	ADIPOQ	protein	level	uncertain	Panel biomarker listing - no direction or aspect explicitly stated; defaulting to differential | level. Flag for review: may need protein/expression if context is known.
PMC_biomarker_sets	Psoriatic Arthrithis Biomarker APOA1	differential	APOA1	protein	level	uncertain	Panel biomarker listing - no direction or aspect explicitly stated; defaulting to differential | level. Flag for review: may need protein/expression if context is known.
PMC_biomarker_sets	Psoriatic Arthrithis Biomarker APOB	differential	APOB	protein	level	uncertain	Panel biomarker listing - no direction or aspect explicitly stated; defaulting to differential | level. Flag for review: may need protein/expression if context is known.
PMC_biomarker_sets	Psoriatic Arthrithis Biomarker CMC2	differential	CMC2	protein	level	uncertain	Panel biomarker listing - no direction or aspect explicitly stated; defaulting to differential | level. Flag for review: may need protein/expression if context is known.
PMC_biomarker_sets	Psoriatic Arthrithis Biomarker COL2A1	differential	COL2A1	protein	level	uncertain	Panel biomarker listing - no direction or aspect explicitly stated; defaulting to differential | level. Flag for review: may need protein/expression if context is known.
PMC_biomarker_sets	Psoriatic Arthrithis Biomarker CCL1	differential	CCL1	protein	level	uncertain	Panel biomarker listing - no direction or aspect explicitly stated; defaulting to differential | level. Flag for review: may need protein/expression if context is known.
PMC_biomarker_sets	Psoriatic Arthrithis Biomarker CCL20	differential	CCL20	protein	level	uncertain	Panel biomarker listing - no direction or aspect explicitly stated; defaulting to differential | level. Flag for review: may need protein/expression if context is known.
PMC_biomarker_sets	Psoriatic Arthrithis Biomarker CCL7	differential	CCL7	protein	level	uncertain	Panel biomarker listing - no direction or aspect explicitly stated; defaulting to differential | level. Flag for review: may need protein/expression if context is known.
PMC_biomarker_sets	Psoriatic Arthrithis Biomarker CD5L	differential	CD5L	protein	level	uncertain	Panel biomarker listing - no direction or aspect explicitly stated; defaulting to differential | level. Flag for review: may need protein/expression if context is known.
PMC_biomarker_sets	Psoriatic Arthrithis Biomarker COMP	differential	COMP	protein	level	uncertain	Panel biomarker listing - no direction or aspect explicitly stated; defaulting to differential | level. Flag for review: may need protein/expression if context is known.
PMC_biomarker_sets	Psoriatic Arthrithis Biomarker C9	differential	C9	protein	level	uncertain	Panel biomarker listing - no direction or aspect explicitly stated; defaulting to differential | level. Flag for review: may need protein/expression if context is known.
PMC_biomarker_sets	Psoriatic Arthrithis Biomarker CPN2	differential	CPN2	protein	level	uncertain	Panel biomarker listing - no direction or aspect explicitly stated; defaulting to differential | level. Flag for review: may need protein/expression if context is known.
PMC_biomarker_sets	Psoriatic Arthrithis Biomarker CRP	differential	CRP	protein	level	uncertain	Panel biomarker listing - no direction or aspect explicitly stated; defaulting to differential | level. Flag for review: may need protein/expression if context is known.
PMC_biomarker_sets	Psoriatic Arthrithis Biomarker COL1A1	differential	COL1A1	protein	level	uncertain	Panel biomarker listing - no direction or aspect explicitly stated; defaulting to differential | level. Flag for review: may need protein/expression if context is known.
PMC_biomarker_sets	Psoriatic Arthrithis Biomarker CX3CL1	differential	CX3CL1	protein	level	uncertain	Panel biomarker listing - no direction or aspect explicitly stated; defaulting to differential | level. Flag for review: may need protein/expression if context is known.
PMC_biomarker_sets	Psoriatic Arthrithis Biomarker CXCL10	differential	CXCL10	protein	level	uncertain	Panel biomarker listing - no direction or aspect explicitly stated; defaulting to differential | level. Flag for review: may need protein/expression if context is known.
PMC_biomarker_sets	Psoriatic Arthrithis Biomarker CXCL12	differential	CXCL12	protein	level	uncertain	Panel biomarker listing - no direction or aspect explicitly stated; defaulting to differential | level. Flag for review: may need protein/expression if context is known.
PMC_biomarker_sets	Psoriatic Arthrithis Biomarker CXCL2	differential	CXCL2	protein	level	uncertain	Panel biomarker listing - no direction or aspect explicitly stated; defaulting to differential | level. Flag for review: may need protein/expression if context is known.
PMC_biomarker_sets	Psoriatic Arthrithis Biomarker CXCL5	differential	CXCL5	protein	level	uncertain	Panel biomarker listing - no direction or aspect explicitly stated; defaulting to differential | level. Flag for review: may need protein/expression if context is known.
PMC_biomarker_sets	Psoriatic Arthrithis Biomarker DKK1	differential	DKK1	protein	level	uncertain	Panel biomarker listing - no direction or aspect explicitly stated; defaulting to differential | level. Flag for review: may need protein/expression if context is known.
PMC_biomarker_sets	Psoriatic Arthrithis Biomarker ESR1	differential	ESR1	protein	level	uncertain	Panel biomarker listing - no direction or aspect explicitly stated; defaulting to differential | level. Flag for review: may need protein/expression if context is known.
PMC_biomarker_sets	Psoriatic Arthrithis Biomarker FHL1	differential	FHL1	protein	level	uncertain	Panel biomarker listing - no direction or aspect explicitly stated; defaulting to differential | level. Flag for review: may need protein/expression if context is known.
PMC_biomarker_sets	Psoriatic Arthrithis Biomarker GSN	differential	GSN	protein	level	uncertain	Panel biomarker listing - no direction or aspect explicitly stated; defaulting to differential | level. Flag for review: may need protein/expression if context is known.
PMC_biomarker_sets	Psoriatic Arthrithis Biomarker GPS1	differential	GPS1	protein	level	uncertain	Panel biomarker listing - no direction or aspect explicitly stated; defaulting to differential | level. Flag for review: may need protein/expression if context is known.
PMC_biomarker_sets	Psoriatic Arthrithis Biomarker HAT1	differential	HAT1	protein	level	uncertain	Panel biomarker listing - no direction or aspect explicitly stated; defaulting to differential | level. Flag for review: may need protein/expression if context is known.
PMC_biomarker_sets	Psoriatic Arthrithis Biomarker IFI16	differential	IFI16	protein	level	uncertain	Panel biomarker listing - no direction or aspect explicitly stated; defaulting to differential | level. Flag for review: may need protein/expression if context is known.
PMC_biomarker_sets	Psoriatic Arthrithis Biomarker IL12A	differential	IL12A	protein	level	uncertain	Panel biomarker listing - no direction or aspect explicitly stated; defaulting to differential | level. Flag for review: may need protein/expression if context is known.
PMC_biomarker_sets	Psoriatic Arthrithis Biomarker IL12B	differential	IL12B	protein	level	uncertain	Panel biomarker listing - no direction or aspect explicitly stated; defaulting to differential | level. Flag for review: may need protein/expression if context is known.
PMC_biomarker_sets	Psoriatic Arthrithis Biomarker IL9	differential	IL9	protein	level	uncertain	Panel biomarker listing - no direction or aspect explicitly stated; defaulting to differential | level. Flag for review: may need protein/expression if context is known.
PMC_biomarker_sets	Psoriatic Arthrithis Biomarker IL17A	differential	IL17A	protein	level	uncertain	Panel biomarker listing - no direction or aspect explicitly stated; defaulting to differential | level. Flag for review: may need protein/expression if context is known.
PMC_biomarker_sets	Psoriatic Arthrithis Biomarker IL17C	differential	IL17C	protein	level	uncertain	Panel biomarker listing - no direction or aspect explicitly stated; defaulting to differential | level. Flag for review: may need protein/expression if context is known.
PMC_biomarker_sets	Psoriatic Arthrithis Biomarker IL17F	differential	IL17F	protein	level	uncertain	Panel biomarker listing - no direction or aspect explicitly stated; defaulting to differential | level. Flag for review: may need protein/expression if context is known.
PMC_biomarker_sets	Psoriatic Arthrithis Biomarker IL2	differential	IL2	protein	level	uncertain	Panel biomarker listing - no direction or aspect explicitly stated; defaulting to differential | level. Flag for review: may need protein/expression if context is known.
PMC_biomarker_sets	Psoriatic Arthrithis Biomarker IL23R	differential	IL23R	protein	level	uncertain	Panel biomarker listing - no direction or aspect explicitly stated; defaulting to differential | level. Flag for review: may need protein/expression if context is known.
PMC_biomarker_sets	Psoriatic Arthrithis Biomarker IL3	differential	IL3	protein	level	uncertain	Panel biomarker listing - no direction or aspect explicitly stated; defaulting to differential | level. Flag for review: may need protein/expression if context is known.
PMC_biomarker_sets	Psoriatic Arthrithis Biomarker IL33	differential	IL33	protein	level	uncertain	Panel biomarker listing - no direction or aspect explicitly stated; defaulting to differential | level. Flag for review: may need protein/expression if context is known.
PMC_biomarker_sets	Psoriatic Arthrithis Biomarker IL34	differential	IL34	protein	level	uncertain	Panel biomarker listing - no direction or aspect explicitly stated; defaulting to differential | level. Flag for review: may need protein/expression if context is known.
PMC_biomarker_sets	Psoriatic Arthrithis Biomarker EBI3	differential	EBI3	protein	level	uncertain	Panel biomarker listing - no direction or aspect explicitly stated; defaulting to differential | level. Flag for review: may need protein/expression if context is known.
PMC_biomarker_sets	Psoriatic Arthrithis Biomarker IL36A	differential	IL36A	protein	level	uncertain	Panel biomarker listing - no direction or aspect explicitly stated; defaulting to differential | level. Flag for review: may need protein/expression if context is known.
PMC_biomarker_sets	Psoriatic Arthrithis Biomarker IL1F10	differential	IL1F10	protein	level	uncertain	Panel biomarker listing - no direction or aspect explicitly stated; defaulting to differential | level. Flag for review: may need protein/expression if context is known.
PMC_biomarker_sets	Psoriatic Arthrithis Biomarker IL6	differential	IL6	protein	level	uncertain	Panel biomarker listing - no direction or aspect explicitly stated; defaulting to differential | level. Flag for review: may need protein/expression if context is known.
PMC_biomarker_sets	Psoriatic Arthrithis Biomarker CXCL8	differential	CXCL8	protein	level	uncertain	Panel biomarker listing - no direction or aspect explicitly stated; defaulting to differential | level. Flag for review: may need protein/expression if context is known.
PMC_biomarker_sets	Psoriatic Arthrithis Biomarker INS	differential	INS	protein	level	uncertain	Panel biomarker listing - no direction or aspect explicitly stated; defaulting to differential | level. Flag for review: may need protein/expression if context is known.
PMC_biomarker_sets	Psoriatic Arthrithis Biomarker ISG20	differential	ISG20	protein	level	uncertain	Panel biomarker listing - no direction or aspect explicitly stated; defaulting to differential | level. Flag for review: may need protein/expression if context is known.
PMC_biomarker_sets	Psoriatic Arthrithis Biomarker ITGB5	differential	ITGB5	protein	level	uncertain	Panel biomarker listing - no direction or aspect explicitly stated; defaulting to differential | level. Flag for review: may need protein/expression if context is known.
PMC_biomarker_sets	Psoriatic Arthrithis Biomarker KRT17	differential	KRT17	protein	level	uncertain	Panel biomarker listing - no direction or aspect explicitly stated; defaulting to differential | level. Flag for review: may need protein/expression if context is known.
PMC_biomarker_sets	Psoriatic Arthrithis Biomarker LEP	differential	LEP	protein	level	uncertain	Panel biomarker listing - no direction or aspect explicitly stated; defaulting to differential | level. Flag for review: may need protein/expression if context is known.
PMC_biomarker_sets	Psoriatic Arthrithis Biomarker LGALS3BP	differential	LGALS3BP	protein	level	uncertain	Panel biomarker listing - no direction or aspect explicitly stated; defaulting to differential | level. Flag for review: may need protein/expression if context is known.
PMC_biomarker_sets	Psoriatic Arthrithis Biomarker CSF1	differential	CSF1	protein	level	uncertain	Panel biomarker listing - no direction or aspect explicitly stated; defaulting to differential | level. Flag for review: may need protein/expression if context is known.
PMC_biomarker_sets	Psoriatic Arthrithis Biomarker MMP3	differential	MMP3	protein	level	uncertain	Panel biomarker listing - no direction or aspect explicitly stated; defaulting to differential | level. Flag for review: may need protein/expression if context is known.
PMC_biomarker_sets	Psoriatic Arthrithis Biomarker MPO	differential	MPO	protein	level	uncertain	Panel biomarker listing - no direction or aspect explicitly stated; defaulting to differential | level. Flag for review: may need protein/expression if context is known.
PMC_biomarker_sets	Psoriatic Arthrithis Biomarker NOTCH2NLA	differential	NOTCH2NLA	protein	level	uncertain	Panel biomarker listing - no direction or aspect explicitly stated; defaulting to differential | level. Flag for review: may need protein/expression if context is known.
PMC_biomarker_sets	Psoriatic Arthrithis Biomarker TNFRSF11B	differential	TNFRSF11B	protein	level	uncertain	Panel biomarker listing - no direction or aspect explicitly stated; defaulting to differential | level. Flag for review: may need protein/expression if context is known.
PMC_biomarker_sets	Psoriatic Arthrithis Biomarker POSTN	differential	POSTN	protein	level	uncertain	Panel biomarker listing - no direction or aspect explicitly stated; defaulting to differential | level. Flag for review: may need protein/expression if context is known.
PMC_biomarker_sets	Psoriatic Arthrithis Biomarker PTPA	differential	PTPA	protein	level	uncertain	Panel biomarker listing - no direction or aspect explicitly stated; defaulting to differential | level. Flag for review: may need protein/expression if context is known.
PMC_biomarker_sets	Psoriatic Arthrithis Biomarker PRL	differential	PRL	protein	level	uncertain	Panel biomarker listing - no direction or aspect explicitly stated; defaulting to differential | level. Flag for review: may need protein/expression if context is known.
PMC_biomarker_sets	Psoriatic Arthrithis Biomarker TNFSF11	differential	TNFSF11	protein	level	uncertain	Panel biomarker listing - no direction or aspect explicitly stated; defaulting to differential | level. Flag for review: may need protein/expression if context is known.
PMC_biomarker_sets	Psoriatic Arthrithis Biomarker SETD2	differential	SETD2	protein	level	uncertain	Panel biomarker listing - no direction or aspect explicitly stated; defaulting to differential | level. Flag for review: may need protein/expression if context is known.
PMC_biomarker_sets	Psoriatic Arthrithis Biomarker IL2RA	differential	IL2RA	protein	level	uncertain	Panel biomarker listing - no direction or aspect explicitly stated; defaulting to differential | level. Flag for review: may need protein/expression if context is known.
PMC_biomarker_sets	Psoriatic Arthrithis Biomarker IL2RB	differential	IL2RB	protein	level	uncertain	Panel biomarker listing - no direction or aspect explicitly stated; defaulting to differential | level. Flag for review: may need protein/expression if context is known.
PMC_biomarker_sets	Psoriatic Arthrithis Biomarker IL2RG	differential	IL2RG	protein	level	uncertain	Panel biomarker listing - no direction or aspect explicitly stated; defaulting to differential | level. Flag for review: may need protein/expression if context is known.
PMC_biomarker_sets	Psoriatic Arthrithis Biomarker SNCA	differential	SNCA	protein	level	uncertain	Panel biomarker listing - no direction or aspect explicitly stated; defaulting to differential | level. Flag for review: may need protein/expression if context is known.
PMC_biomarker_sets	Psoriatic Arthrithis Biomarker SRP14	differential	SRP14	protein	level	uncertain	Panel biomarker listing - no direction or aspect explicitly stated; defaulting to differential | level. Flag for review: may need protein/expression if context is known.
PMC_biomarker_sets	Psoriatic Arthrithis Biomarker SRPX	differential	SRPX	protein	level	uncertain	Panel biomarker listing - no direction or aspect explicitly stated; defaulting to differential | level. Flag for review: may need protein/expression if context is known.
PMC_biomarker_sets	Psoriatic Arthrithis Biomarker STAT3	differential	STAT3	protein	level	uncertain	Panel biomarker listing - no direction or aspect explicitly stated; defaulting to differential | level. Flag for review: may need protein/expression if context is known.
PMC_biomarker_sets	Psoriatic Arthrithis Biomarker STAT6	differential	STAT6	protein	level	uncertain	Panel biomarker listing - no direction or aspect explicitly stated; defaulting to differential | level. Flag for review: may need protein/expression if context is known.
PMC_biomarker_sets	Psoriatic Arthrithis Biomarker STIP1	differential	STIP1	protein	level	uncertain	Panel biomarker listing - no direction or aspect explicitly stated; defaulting to differential | level. Flag for review: may need protein/expression if context is known.
PMC_biomarker_sets	Psoriatic Arthrithis Biomarker SYK	differential	SYK	protein	level	uncertain	Panel biomarker listing - no direction or aspect explicitly stated; defaulting to differential | level. Flag for review: may need protein/expression if context is known.
PMC_biomarker_sets	Psoriatic Arthrithis Biomarker TBX21	differential	TBX21	protein	level	uncertain	Panel biomarker listing - no direction or aspect explicitly stated; defaulting to differential | level. Flag for review: may need protein/expression if context is known.
PMC_biomarker_sets	Psoriatic Arthrithis Biomarker TNF	differential	TNF	protein	level	uncertain	Panel biomarker listing - no direction or aspect explicitly stated; defaulting to differential | level. Flag for review: may need protein/expression if context is known.
PMC_biomarker_sets	Psoriatic Arthrithis Biomarker VCP	differential	VCP	protein	level	uncertain	Panel biomarker listing - no direction or aspect explicitly stated; defaulting to differential | level. Flag for review: may need protein/expression if context is known.
PMC_biomarker_sets	Psoriatic Arthrithis Biomarker FLT4	differential	FLT4	protein	level	uncertain	Panel biomarker listing - no direction or aspect explicitly stated; defaulting to differential | level. Flag for review: may need protein/expression if context is known.
PMC_biomarker_sets	Psoriatic Arthrithis Biomarker CHI3L1	differential	CHI3L1	protein	level	uncertain	Panel biomarker listing - no direction or aspect explicitly stated; defaulting to differential | level. Flag for review: may need protein/expression if context is known.
PMC_biomarker_sets	Changes in Independent Blood Biomarker in Proximity Extension Assay of TNNT2	differential	TNNT2	protein	level	uncertain	"We need more information to ensure the aspect.The raw term only mentioned the change of TNNT2,but we can't infer the specific change."
PMC_biomarker_sets	Changes in Independent Blood Biomarker in Proximity Extension Assay of NPPB	differential	NPPB	protein	level	uncertain	We need more information to ensure the aspect.
PMC_biomarker_sets	Changes in Independent Blood Biomarker in Proximity Extension Assay of CST3	differential	CST3	protein	level	uncertain	We need more information to ensure the aspect.
PMC_biomarker_sets	Changes in Independent Blood Biomarker in Proximity Extension Assay of KITLG	differential	KITLG	protein	level	uncertain	We need more information to ensure the aspect.
PMC_biomarker_sets	Changes in Independent Blood Biomarker in Proximity Extension Assay of FGF23	differential	FGF23	protein	level	uncertain	We need more information to ensure the aspect.
PMC_biomarker_sets	Changes in Independent Blood Biomarker in Proximity Extension Assay of HGF	differential	HGF	protein	level	uncertain	We need more information to ensure the aspect.
PMC_biomarker_sets	Changes in Independent Blood Biomarker in Proximity Extension Assay of HAVCR1	differential	HAVCR1	protein	level	uncertain	We need more information to ensure the aspect.
PMC_biomarker_sets	Changes in Independent Blood Biomarker in Proximity Extension Assay of IL6	differential	IL6	protein	level	uncertain	We need more information to ensure the aspect.
PMC_biomarker_sets	Changes in Independent Blood Biomarker in Proximity Extension Assay of MMP12	differential	MMP12	protein	level	uncertain	We need more information to ensure the aspect.
PMC_biomarker_sets	Changes in Independent Blood Biomarker in Proximity Extension Assay of REN	differential	REN	protein	level	uncertain	We need more information to ensure the aspect.
PMC_biomarker_sets	Changes in Independent Blood Biomarker in Proximity Extension Assay of FIGF	differential	FIGF	protein	level	uncertain	We need more information to ensure the aspect.
PMC_biomarker_sets	Changes in Independent Blood Biomarker in Proximity Extension Assay of TNFRSF10B	differential	TNFRSF10B	protein	level	uncertain	We need more information to ensure the aspect.
PMC_biomarker_sets	Changes in Independent Blood Biomarker in Proximity Extension Assay of ADM	differential	ADM	protein	level	uncertain	We need more information to ensure the aspect.
PMC_biomarker_sets	Changes in Independent Blood Biomarker in Proximity Extension Assay of GDF15	differential	GDF15	protein	level	uncertain	We need more information to ensure the aspect.
PMC_biomarker_sets	Change in expression level of MET	differential	MET	protein	expression	mapped	"The specific direction of the change is not specified,so I define it as differential."
PMC_biomarker_sets	Change in expression level of CEP55	differential	CEP55	protein	expression	mapped	"The specific direction of the change is not specified,so I define it as differential."
PMC_biomarker_sets	Change in expression level of NBN	differential	NBN	protein	expression	mapped	"The specific direction of the change is not specified,so I define it as differential."
PMC_biomarker_sets	Change in expression level of BIRC5	differential	BIRC5	protein	expression	mapped	"The specific direction of the change is not specified,so I define it as differential."
PMC_biomarker_sets	Change in expression level of RPS6KA3	differential	RPS6KA3	protein	expression	mapped	"The specific direction of the change is not specified,so I define it as differential."
PMC_biomarker_sets	Change in expression level of CTTN	differential	CTTN	protein	expression	mapped	"The specific direction of the change is not specified,so I define it as differential."
PMC_biomarker_sets	Change in expression level of CD44	differential	CD44	protein	expression	mapped	"The specific direction of the change is not specified,so I define it as differential."
PMC_biomarker_sets	Change in expression level of MMP9	differential	MMP9	protein	expression	mapped	"The specific direction of the change is not specified,so I define it as differential."
PMC_biomarker_sets	Change in expression level of MMP14	differential	MMP14	protein	expression	mapped	"The specific direction of the change is not specified,so I define it as differential."
PMC_biomarker_sets	Change in Concentration level of SERPINA1 for enteric dysfunction	differential	SERPINA1	protein	level	mapped	Concentration/level change without direction _ differential | level
PMC_biomarker_sets	Change in Concentration level of CRP for enteric dysfunction	differential	CRP	protein	level	mapped	Concentration/level change without direction _ differential | level
PMC_biomarker_sets	Change in Concentration level of CIT for enteric dysfunction	differential	CIT	protein	level	mapped	Concentration/level change without direction _ differential | level
PMC_biomarker_sets	Change in Concentration level of FABP2 for enteric dysfunction	differential	FABP2	protein	level	mapped	Concentration/level change without direction _ differential | level
PMC_biomarker_sets	Change in Concentration level of MPO for enteric dysfunction	differential	MPO	protein	level	mapped	Concentration/level change without direction _ differential | level
PMC_biomarker_sets	Change in Concentration level of REG1B for enteric dysfunction	differential	REG1B	protein	level	mapped	Concentration/level change without direction _ differential | level
PMC_biomarker_sets	Change in Concentration level of CD14 for enteric dysfunction	differential	CD14	protein	level	mapped	Concentration/level change without direction _ differential | level
PMC_biomarker_sets	Neruological symptom association with IL4	differential	IL4	protein	level	uncertain	"Only neurological symptoms related to IL4 have been described, but we do not know the specific direction of change. Since IL4 is a protein, the change is likely in its level, but could also refer to expression; this needs to be confirmed by referring to the original text."
PMC_biomarker_sets	Neruological symptom association with IL5	differential	IL5	protein	level	uncertain	"Only neurological symptoms related to IL5 have been described, but we do not know the specific direction of change. Since IL5 is a protein, the change is likely in its level, but could also refer to expression; this needs to be confirmed by referring to the original text."
PMC_biomarker_sets	Neruological symptom association with IL6	differential	IL6	protein	level	uncertain	"Only neurological symptoms related to IL6 have been described, but we do not know the specific direction of change. Since IL6 is a protein, the change is likely in its level, but could also refer to expression; this needs to be confirmed by referring to the original text."
PMC_biomarker_sets	Neruological symptom association with IL7	differential	IL7	protein	level	uncertain	"Only neurological symptoms related to IL7 have been described, but we do not know the specific direction of change. Since IL7 is a protein, the change is likely in its level, but could also refer to expression; this needs to be confirmed by referring to the original text."
PMC_biomarker_sets	Neruological symptom association with CXCL8	differential	CXCL8	protein	level	uncertain	"Only neurological symptoms related to CXCL8 have been described, but we do not know the specific direction of change. Since CXCL8 is a protein, the change is likely in its level, but could also refer to expression; this needs to be confirmed by referring to the original text."
PMC_biomarker_sets	Neruological symptom association with IL10	differential	IL10	protein	level	uncertain	"Only neurological symptoms related to IL10 have been described, but we do not know the specific direction of change. Since IL10 is a protein, the change is likely in its level, but could also refer to expression; this needs to be confirmed by referring to the original text."
PMC_biomarker_sets	Neruological symptom association with TNF	differential	TNF	protein	level	uncertain	"Only neurological symptoms related to TNF have been described, but we do not know the specific direction of change. Since TNF is a protein, the change is likely in its level, but could also refer to expression; this needs to be confirmed by referring to the original text."
PMC_biomarker_sets	Neruological symptom association with IL1B	differential	IL1B	protein	level	uncertain	"Only neurological symptoms related to IL1B have been described, but we do not know the specific direction of change. Since IL1B is a protein, the change is likely in its level, but could also refer to expression; this needs to be confirmed by referring to the original text."
PMC_biomarker_sets	Neruological symptom association with IL12A	differential	IL12A	protein	level	uncertain	"Only neurological symptoms related to IL12A have been described, but we do not know the specific direction of change. Since IL12A is a protein, the change is likely in its level, but could also refer to expression; this needs to be confirmed by referring to the original text."
PMC_biomarker_sets	Common biomarker candidate ALOX5	differential	ALOX5	protein	level	uncertain	"The raw term only mentions the entity,but the change is not definite."
PMC_biomarker_sets	Common biomarker candidate APOC1	differential	APOC1	protein	level	uncertain	"The raw term only mentions the entity,but the change is not definite."
PMC_biomarker_sets	Common biomarker candidate ARHGDIB	differential	ARHGDIB	protein	level	uncertain	"The raw term only mentions the entity,but the change is not definite."
PMC_biomarker_sets	Common biomarker candidate BDNF	differential	BDNF	protein	level	uncertain	"The raw term only mentions the entity,but the change is not definite."
PMC_biomarker_sets	Common biomarker candidate CCL19	differential	CCL19	protein	level	uncertain	"The raw term only mentions the entity,but the change is not definite."
PMC_biomarker_sets	Common biomarker candidate CCR7	differential	CCR7	protein	level	uncertain	"The raw term only mentions the entity,but the change is not definite."
PMC_biomarker_sets	Common biomarker candidate CSF3	differential	CSF3	protein	level	uncertain	"The raw term only mentions the entity,but the change is not definite."
PMC_biomarker_sets	Common biomarker candidate CXCL12	differential	CXCL12	protein	level	uncertain	"The raw term only mentions the entity,but the change is not definite."
PMC_biomarker_sets	Common biomarker candidate CXCR4	differential	CXCR4	protein	level	uncertain	"The raw term only mentions the entity,but the change is not definite."
PMC_biomarker_sets	Common biomarker candidate CYGB	differential	CYGB	protein	level	uncertain	"The raw term only mentions the entity,but the change is not definite."
PMC_biomarker_sets	Common biomarker candidate EIF4E	differential	EIF4E	protein	level	uncertain	"The raw term only mentions the entity,but the change is not definite."
PMC_biomarker_sets	Common biomarker candidate EREG	differential	EREG	protein	level	uncertain	"The raw term only mentions the entity,but the change is not definite."
PMC_biomarker_sets	Common biomarker candidate ESR1	differential	ESR1	protein	level	uncertain	"The raw term only mentions the entity,but the change is not definite."
PMC_biomarker_sets	Common biomarker candidate IGH	differential	IGH	protein	level	uncertain	"The raw term only mentions the entity,but the change is not definite."
PMC_biomarker_sets	Common biomarker candidate IL1B	differential	IL1B	protein	level	uncertain	"The raw term only mentions the entity,but the change is not definite."
PMC_biomarker_sets	Common biomarker candidate KDR	differential	KDR	protein	level	uncertain	"The raw term only mentions the entity,but the change is not definite."
PMC_biomarker_sets	Common biomarker candidate LCK	differential	LCK	protein	level	uncertain	"The raw term only mentions the entity,but the change is not definite."
PMC_biomarker_sets	Common biomarker candidate LCP1	differential	LCP1	protein	level	uncertain	"The raw term only mentions the entity,but the change is not definite."
PMC_biomarker_sets	Common biomarker candidate LGALS1	differential	LGALS1	protein	level	uncertain	"The raw term only mentions the entity,but the change is not definite."
PMC_biomarker_sets	Common biomarker candidate LYVE1	differential	LYVE1	protein	level	uncertain	"The raw term only mentions the entity,but the change is not definite."
PMC_biomarker_sets	Common biomarker candidate MMP9	differential	MMP9	protein	level	uncertain	"The raw term only mentions the entity,but the change is not definite."
PMC_biomarker_sets	Common biomarker candidate MS4A1	differential	MS4A1	protein	level	uncertain	"The raw term only mentions the entity,but the change is not definite."
PMC_biomarker_sets	Common biomarker candidate PAPPA	differential	PAPPA	protein	level	uncertain	"The raw term only mentions the entity,but the change is not definite."
PMC_biomarker_sets	Common biomarker candidate PDGFRB	differential	PDGFRB	protein	level	uncertain	"The raw term only mentions the entity,but the change is not definite."
PMC_biomarker_sets	Common biomarker candidate PECAM1	differential	PECAM1	protein	level	uncertain	"The raw term only mentions the entity,but the change is not definite."
PMC_biomarker_sets	Common biomarker candidate PRKCB	differential	PRKCB	protein	level	uncertain	"The raw term only mentions the entity,but the change is not definite."
PMC_biomarker_sets	Common biomarker candidate PTPRC	differential	PTPRC	protein	level	uncertain	"The raw term only mentions the entity,but the change is not definite."
PMC_biomarker_sets	Common biomarker candidate SERPINA1	differential	SERPINA1	protein	level	uncertain	"The raw term only mentions the entity,but the change is not definite."
PMC_biomarker_sets	Common biomarker candidate SFRP2	differential	SFRP2	protein	level	uncertain	"The raw term only mentions the entity,but the change is not definite."
PMC_biomarker_sets	Common biomarker candidate STRA6	differential	STRA6	protein	level	uncertain	"The raw term only mentions the entity,but the change is not definite."
PMC_biomarker_sets	Common biomarker candidate TAGLN	differential	TAGLN	protein	level	uncertain	"The raw term only mentions the entity,but the change is not definite."
PMC_biomarker_sets	Common biomarker candidate TIMP4	differential	TIMP4	protein	level	uncertain	"The raw term only mentions the entity,but the change is not definite."
PMC_biomarker_sets	Common biomarker candidate TNFSF13B	differential	TNFSF13B	protein	level	uncertain	"The raw term only mentions the entity,but the change is not definite."
PMC_biomarker_sets	Common biomarker candidate TPM1	differential	TPM1	protein	level	uncertain	"The raw term only mentions the entity,but the change is not definite."
PMC_biomarker_sets	Common biomarker candidate VIM	differential	VIM	protein	level	uncertain	"The raw term only mentions the entity,but the change is not definite."
PMC_biomarker_sets	Blood biomarker panel S100B	differential	S100B	protein	level	uncertain	"The raw term only mentions the entity,but the change is not definite."
PMC_biomarker_sets	Blood biomarker panel ENO2	differential	ENO2	protein	level	uncertain	"The raw term only mentions the entity,but the change is not definite."
PMC_biomarker_sets	Blood biomarker panel MAPT	differential	MAPT	protein	level	uncertain	"The raw term only mentions the entity,but the change is not definite."
PMC_biomarker_sets	Blood biomarker panel CSF1R	differential	CSF1R	protein	level	uncertain	"The raw term only mentions the entity,but the change is not definite."
PMC_biomarker_sets	Blood biomarker panel NRGN	differential	NRGN	protein	level	uncertain	"The raw term only mentions the entity,but the change is not definite."
PMC_biomarker_sets	Blood biomarker panel VSNL1	differential	VSNL1	protein	level	uncertain	"The raw term only mentions the entity,but the change is not definite."
PMC_biomarker_sets	Blood biomarker panel BDNF	differential	BDNF	protein	level	uncertain	"The raw term only mentions the entity,but the change is not definite."
PMC_biomarker_sets	Blood biomarker panel PRDX6	differential	PRDX6	protein	level	uncertain	"The raw term only mentions the entity,but the change is not definite."
PMC_biomarker_sets	Blood biomarker panel CCL2	differential	CCL2	protein	level	uncertain	"The raw term only mentions the entity,but the change is not definite."
PMC_biomarker_sets	Blood biomarker panel MMP9	differential	MMP9	protein	level	uncertain	"The raw term only mentions the entity,but the change is not definite."
PMC_biomarker_sets	Blood biomarker panel VWF	differential	VWF	protein	level	uncertain	"The raw term only mentions the entity,but the change is not definite."
PMC_biomarker_sets	Significant prognostic biomarker with external validation SDC2	differential	SDC2	protein	level	uncertain	"Prognostic biomarker term with identifiable entity, but no direction or specific measured aspect stated."
PMC_biomarker_sets	Significant prognostic biomarker with external validation TCF7L1	differential	TCF7L1	protein	level	uncertain	"Prognostic biomarker term with identifiable entity, but no direction or specific measured aspect stated."
PMC_biomarker_sets	Significant prognostic biomarker with external validation POLR3D	differential	POLR3D	protein	level	uncertain	"Prognostic biomarker term with identifiable entity, but no direction or specific measured aspect stated."
PMC_biomarker_sets	Significant prognostic biomarker with external validation CD38	differential	CD38	protein	level	uncertain	"Prognostic biomarker term with identifiable entity, but no direction or specific measured aspect stated."
PMC_biomarker_sets	Significant prognostic biomarker with external validation CD1A	differential	CD1A	protein	level	uncertain	"Prognostic biomarker term with identifiable entity, but no direction or specific measured aspect stated."
PMC_biomarker_sets	Significant prognostic biomarker with external validation CYP3A4	differential	CYP3A4	protein	level	uncertain	"Prognostic biomarker term with identifiable entity, but no direction or specific measured aspect stated."
PMC_biomarker_sets	Significant prognostic biomarker with external validation HMGCL	differential	HMGCL	protein	level	uncertain	"Prognostic biomarker term with identifiable entity, but no direction or specific measured aspect stated."
PMC_biomarker_sets	Significant prognostic biomarker with external validation ACAT2	differential	ACAT2	protein	level	uncertain	"Prognostic biomarker term with identifiable entity, but no direction or specific measured aspect stated."
PMC_biomarker_sets	Significant prognostic biomarker with external validation CYP27A1	differential	CYP27A1	protein	level	uncertain	"Prognostic biomarker term with identifiable entity, but no direction or specific measured aspect stated."
PMC_biomarker_sets	Significant prognostic biomarker with external validation PLB1	differential	PLB1	protein	level	uncertain	"Prognostic biomarker term with identifiable entity, but no direction or specific measured aspect stated."
PMC_biomarker_sets	Significant prognostic biomarker with external validation DPYS	differential	DPYS	protein	level	uncertain	"Prognostic biomarker term with identifiable entity, but no direction or specific measured aspect stated."
PMC_biomarker_sets	Significant prognostic biomarker with external validation GAD1	differential	GAD1	protein	level	uncertain	"Prognostic biomarker term with identifiable entity, but no direction or specific measured aspect stated."
PMC_biomarker_sets	Significant prognostic biomarker with external validation LTC4S	differential	LTC4S	protein	level	uncertain	"Prognostic biomarker term with identifiable entity, but no direction or specific measured aspect stated."
PMC_biomarker_sets	Significant prognostic biomarker with external validation PTGS1	differential	PTGS1	protein	level	uncertain	"Prognostic biomarker term with identifiable entity, but no direction or specific measured aspect stated."
PMC_biomarker_sets	Significant prognostic biomarker with external validation BCAT1	differential	BCAT1	protein	level	uncertain	"Prognostic biomarker term with identifiable entity, but no direction or specific measured aspect stated."
PMC_biomarker_sets	Significant prognostic biomarker with external validation BCKDHA	differential	BCKDHA	protein	level	uncertain	"Prognostic biomarker term with identifiable entity, but no direction or specific measured aspect stated."
PMC_biomarker_sets	Significant prognostic biomarker with external validation BCKDHB	differential	BCKDHB	protein	level	uncertain	"Prognostic biomarker term with identifiable entity, but no direction or specific measured aspect stated."
PMC_biomarker_sets	Significant prognostic biomarker with external validation ACTG1	differential	ACTG1	protein	level	uncertain	"Prognostic biomarker term with identifiable entity, but no direction or specific measured aspect stated."
PMC_biomarker_sets	Significant prognostic biomarker with external validation ACTN1	differential	ACTN1	protein	level	uncertain	"Prognostic biomarker term with identifiable entity, but no direction or specific measured aspect stated."
PMC_biomarker_sets	Pancreatic cancer panel APOE	differential	APOE	protein	level	uncertain	"Panel biomarker term with identifiable entity, but no direction or specific measured aspect stated."
PMC_biomarker_sets	Pancreatic cancer panel ITIH3	differential	ITIH3	protein	level	uncertain	"Panel biomarker term with identifiable entity, but no direction or specific measured aspect stated."
PMC_biomarker_sets	Pancreatic cancer panel APOA1	differential	APOA1	protein	level	uncertain	"Panel biomarker term with identifiable entity, but no direction or specific measured aspect stated."
PMC_biomarker_sets	Pancreatic cancer panel APOL1	differential	APOL1	protein	level	uncertain	"Panel biomarker term with identifiable entity, but no direction or specific measured aspect stated."
PMC_biomarker_sets	Increased inflammatory markers AXIN1	increased	inflammatory markers AXIN1	protein	level	mapped	Increased prefix _ level aspect (default for quantity terms)
PMC_biomarker_sets	Increased inflammatory markers CASP8	increased	inflammatory markers CASP8	protein	level	mapped	Increased prefix _ level aspect (default for quantity terms)
PMC_biomarker_sets	Increased inflammatory markers CCL3	increased	inflammatory markers CCL3	protein	level	mapped	Increased prefix _ level aspect (default for quantity terms)
PMC_biomarker_sets	Increased inflammatory markers CCL4	increased	inflammatory markers CCL4	protein	level	mapped	Increased prefix _ level aspect (default for quantity terms)
PMC_biomarker_sets	Increased inflammatory markers CCL11	increased	inflammatory markers CCL11	protein	level	mapped	Increased prefix _ level aspect (default for quantity terms)
PMC_biomarker_sets	Increased inflammatory markers CCL23	increased	inflammatory markers CCL23	protein	level	mapped	Increased prefix _ level aspect (default for quantity terms)
PMC_biomarker_sets	Increased inflammatory markers CD40	increased	inflammatory markers CD40	protein	level	mapped	Increased prefix _ level aspect (default for quantity terms)
PMC_biomarker_sets	Increased inflammatory markers CXCL1	increased	inflammatory markers CXCL1	protein	level	mapped	Increased prefix _ level aspect (default for quantity terms)
PMC_biomarker_sets	Increased inflammatory markers CXCL6	increased	inflammatory markers CXCL6	protein	level	mapped	Increased prefix _ level aspect (default for quantity terms)
PMC_biomarker_sets	Increased inflammatory markers CXCL11	increased	inflammatory markers CXCL11	protein	level	mapped	Increased prefix _ level aspect (default for quantity terms)
PMC_biomarker_sets	Increased inflammatory markers DNER	increased	inflammatory markers DNER	protein	level	mapped	Increased prefix _ level aspect (default for quantity terms)
PMC_biomarker_sets	Increased inflammatory markers GDNF	increased	inflammatory markers GDNF	protein	level	mapped	Increased prefix _ level aspect (default for quantity terms)
PMC_biomarker_sets	Increased inflammatory markers HGF	increased	inflammatory markers HGF	protein	level	mapped	Increased prefix _ level aspect (default for quantity terms)
PMC_biomarker_sets	Increased inflammatory markers IL12B	increased	inflammatory markers IL12B	protein	level	mapped	Increased prefix _ level aspect (default for quantity terms)
PMC_biomarker_sets	Increased inflammatory markers CCL2	increased	inflammatory markers CCL2	protein	level	mapped	Increased prefix _ level aspect (default for quantity terms)
PMC_biomarker_sets	Increased inflammatory markers CCL8	increased	inflammatory markers CCL8	protein	level	mapped	Increased prefix _ level aspect (default for quantity terms)
PMC_biomarker_sets	Increased inflammatory markers CCL7	increased	inflammatory markers CCL7	protein	level	mapped	Increased prefix _ level aspect (default for quantity terms)
PMC_biomarker_sets	Increased inflammatory markers CCL13	increased	inflammatory markers CCL13	protein	level	mapped	Increased prefix _ level aspect (default for quantity terms)
PMC_biomarker_sets	Increased inflammatory markers MMP1	increased	inflammatory markers MMP1	protein	level	mapped	Increased prefix _ level aspect (default for quantity terms)
PMC_biomarker_sets	Increased inflammatory markers OSM	increased	inflammatory markers OSM	protein	level	mapped	Increased prefix _ level aspect (default for quantity terms)
PMC_biomarker_sets	Increased inflammatory markers SIRT2	increased	inflammatory markers SIRT2	protein	level	mapped	Increased prefix _ level aspect (default for quantity terms)
PMC_biomarker_sets	Increased inflammatory markers STAMBP	increased	inflammatory markers STAMBP	protein	level	mapped	Increased prefix _ level aspect (default for quantity terms)
PMC_biomarker_sets	Increased inflammatory markers SULT1A1	increased	inflammatory markers SULT1A1	protein	level	mapped	Increased prefix _ level aspect (default for quantity terms)
PMC_biomarker_sets	Increased inflammatory markers TGFA	increased	inflammatory markers TGFA	protein	level	mapped	Increased prefix _ level aspect (default for quantity terms)
PMC_biomarker_sets	Increased inflammatory markers TGFB1	increased	inflammatory markers TGFB1	protein	level	mapped	Increased prefix _ level aspect (default for quantity terms)
PMC_biomarker_sets	Increased inflammatory markers TNFSF14	increased	inflammatory markers TNFSF14	protein	level	mapped	Increased prefix _ level aspect (default for quantity terms)
PMC_biomarker_sets	Increased inflammatory markers TNFSF12	increased	inflammatory markers TNFSF12	protein	level	mapped	Increased prefix _ level aspect (default for quantity terms)
PMC_biomarker_sets	Increased inflammatory markers PLAU	increased	inflammatory markers PLAU	protein	level	mapped	Increased prefix _ level aspect (default for quantity terms)
PMC_biomarker_sets	Increased inflammatory markers VEGFA	increased	inflammatory markers VEGFA	protein	level	mapped	Increased prefix _ level aspect (default for quantity terms)
PMC_biomarker_sets	Polyamine synthetic pathways biomarkers ARG1	differential	ARG1	protein	level	uncertain	"The raw term only mentions the entity,but the change is not definite."
PMC_biomarker_sets	Polyamine synthetic pathways biomarkers ODC1	differential	ODC1	protein	level	uncertain	"The raw term only mentions the entity,but the change is not definite."
PMC_biomarker_sets	Polyamine synthetic pathways biomarkers SAT1	differential	SAT1	protein	level	uncertain	"The raw term only mentions the entity,but the change is not definite."
PMC_biomarker_sets	Polyamine synthetic pathways biomarkers SMS	differential	SMS	protein	level	uncertain	"The raw term only mentions the entity,but the change is not definite."
PMC_biomarker_sets	Polyamine synthetic pathways biomarkers SRM	differential	SRM	protein	level	uncertain	"The raw term only mentions the entity,but the change is not definite."
PMC_biomarker_sets	Polyamine synthetic pathways biomarkers OAZ1	differential	OAZ1	protein	level	uncertain	"The raw term only mentions the entity,but the change is not definite."
PMC_biomarker_sets	Polyamine synthetic pathways biomarkers PAOX	differential	PAOX	protein	level	uncertain	"The raw term only mentions the entity,but the change is not definite."
PMC_biomarker_sets	Better survival indication panel PLXNB1	differential	PLXNB1	protein	level	uncertain	"Panel biomarker term associated with better survival, but no direction or specific measured aspect is stated."
PMC_biomarker_sets	Better survival indication panel PITX1	differential	PITX1	protein	level	uncertain	"Panel biomarker term associated with better survival, but no direction or specific measured aspect is stated."
PMC_biomarker_sets	Better survival indication panel N4BP3	differential	N4BP3	protein	level	uncertain	"Panel biomarker term associated with better survival, but no direction or specific measured aspect is stated."
PMC_biomarker_sets	Better survival indication panel SH2D4A	differential	SH2D4A	protein	level	uncertain	"Panel biomarker term associated with better survival, but no direction or specific measured aspect is stated."
PMC_biomarker_sets	Better survival indication panel RALGPS1	differential	RALGPS1	protein	level	uncertain	"Panel biomarker term associated with better survival, but no direction or specific measured aspect is stated."
PMC_biomarker_sets	Better survival indication panel SIGIRR	differential	SIGIRR	protein	level	uncertain	"Panel biomarker term associated with better survival, but no direction or specific measured aspect is stated."
PMC_biomarker_sets	Better survival indication panel PPFIBP2	differential	 PPFIBP2	protein	level	uncertain	"Panel biomarker term associated with better survival, but no direction or specific measured aspect is stated."
PMC_biomarker_sets	Better survival indication panel LMF1	differential	LMF1	protein	level	uncertain	"Panel biomarker term associated with better survival, but no direction or specific measured aspect is stated."
PMC_biomarker_sets	Better survival indication panel IL34	differential	IL34	protein	level	uncertain	"Panel biomarker term associated with better survival, but no direction or specific measured aspect is stated."
PMC_biomarker_sets	Better survival indication panel ZFP3	differential	ZFP3	protein	level	uncertain	"Panel biomarker term associated with better survival, but no direction or specific measured aspect is stated."
PMC_biomarker_sets	Better survival indication panel HLF	differential	HLF	protein	level	uncertain	"Panel biomarker term associated with better survival, but no direction or specific measured aspect is stated."
PMC_biomarker_sets	Better survival indication panel SLC25A23	differential	SLC25A23	protein	level	uncertain	"Panel biomarker term associated with better survival, but no direction or specific measured aspect is stated."
PMC_biomarker_sets	Better survival indication panel FAM83E	differential	FAM83E	protein	level	uncertain	"Panel biomarker term associated with better survival, but no direction or specific measured aspect is stated."
PMC_biomarker_sets	Better survival indication panel SIM2	differential	SIM2	protein	level	uncertain	"Panel biomarker term associated with better survival, but no direction or specific measured aspect is stated."
PMC_biomarker_sets	Poor survival indication panel ZNF281	differential	ZNF281	protein	level	uncertain	"Panel biomarker term associated with poor survival, but no direction or specific measured aspect is stated."
PMC_biomarker_sets	Poor survival indication panel MYO1B	differential	MYO1B	protein	level	uncertain	"Panel biomarker term associated with poor survival, but no direction or specific measured aspect is stated."
PMC_biomarker_sets	Poor survival indication panel BASP1	differential	BASP1	protein	level	uncertain	"Panel biomarker term associated with poor survival, but no direction or specific measured aspect is stated."
PMC_biomarker_sets	Poor survival indication panel CSF2	differential	CSF2	protein	level	uncertain	"Panel biomarker term associated with poor survival, but no direction or specific measured aspect is stated."
PMC_biomarker_sets	Poor survival indication panel DSE	differential	DSE	protein	level	uncertain	"Panel biomarker term associated with poor survival, but no direction or specific measured aspect is stated."
PMC_biomarker_sets	Poor survival indication panel GOPC	differential	GOPC	protein	level	uncertain	"Panel biomarker term associated with poor survival, but no direction or specific measured aspect is stated."
PMC_biomarker_sets	Poor survival indication panel DCBLD1	differential	DCBLD1	protein	level	uncertain	"Panel biomarker term associated with poor survival, but no direction or specific measured aspect is stated."
PMC_biomarker_sets	Poor survival indication panel KDELR2	differential	KDELR2	protein	level	uncertain	"Panel biomarker term associated with poor survival, but no direction or specific measured aspect is stated."
PMC_biomarker_sets	Poor survival indication panel FKBP14	differential	FKBP14	protein	level	uncertain	"Panel biomarker term associated with poor survival, but no direction or specific measured aspect is stated."
PMC_biomarker_sets	Poor survival indication panel INHBA	differential	INHBA	protein	level	uncertain	"Panel biomarker term associated with poor survival, but no direction or specific measured aspect is stated."
PMC_biomarker_sets	Poor survival indication panel CALU	differential	CALU	protein	level	uncertain	"Panel biomarker term associated with poor survival, but no direction or specific measured aspect is stated."
PMC_biomarker_sets	Poor survival indication panel MSC	differential	MSC	protein	level	uncertain	"Panel biomarker term associated with poor survival, but no direction or specific measured aspect is stated."
PMC_biomarker_sets	Poor survival indication panel INTS8	differential	INTS8	protein	level	uncertain	"Panel biomarker term associated with poor survival, but no direction or specific measured aspect is stated."
PMC_biomarker_sets	Poor survival indication panel MTDH	differential	MTDH	protein	level	uncertain	"Panel biomarker term associated with poor survival, but no direction or specific measured aspect is stated."
PMC_biomarker_sets	Poor survival indication panel DERL1	differential	DERL1	protein	level	uncertain	"Panel biomarker term associated with poor survival, but no direction or specific measured aspect is stated."
PMC_biomarker_sets	Poor survival indication panel NEK6	differential	NEK6	protein	level	uncertain	"Panel biomarker term associated with poor survival, but no direction or specific measured aspect is stated."
PMC_biomarker_sets	Poor survival indication panel PLAU	differential	PLAU	protein	level	uncertain	"Panel biomarker term associated with poor survival, but no direction or specific measured aspect is stated."
PMC_biomarker_sets	Poor survival indication panel SERPINH1	differential	SERPINH1	protein	level	uncertain	"Panel biomarker term associated with poor survival, but no direction or specific measured aspect is stated."
PMC_biomarker_sets	Poor survival indication panel OAF	differential	OAF	protein	level	uncertain	"Panel biomarker term associated with poor survival, but no direction or specific measured aspect is stated."
PMC_biomarker_sets	Poor survival indication panel ITGA5	differential	ITGA5	protein	level	uncertain	"Panel biomarker term associated with poor survival, but no direction or specific measured aspect is stated."
PMC_biomarker_sets	Poor survival indication panel PXN	differential	PXN	protein	level	uncertain	"Panel biomarker term associated with poor survival, but no direction or specific measured aspect is stated."
PMC_biomarker_sets	Poor survival indication panel HSPH1	differential	HSPH1	protein	level	uncertain	"Panel biomarker term associated with poor survival, but no direction or specific measured aspect is stated."
PMC_biomarker_sets	Poor survival indication panel SNAPC1	differential	SNAPC1	protein	level	uncertain	"Panel biomarker term associated with poor survival, but no direction or specific measured aspect is stated."
PMC_biomarker_sets	Poor survival indication panel ACTN1	differential	ACTN1	protein	level	uncertain	"Panel biomarker term associated with poor survival, but no direction or specific measured aspect is stated."
PMC_biomarker_sets	Poor survival indication panel SCG5	differential	SCG5	protein	level	uncertain	"Panel biomarker term associated with poor survival, but no direction or specific measured aspect is stated."
PMC_biomarker_sets	Poor survival indication panel CMIP	differential	CMIP	protein	level	uncertain	"Panel biomarker term associated with poor survival, but no direction or specific measured aspect is stated."
PMC_biomarker_sets	Poor survival indication panel AXL	differential	AXL	protein	level	uncertain	"Panel biomarker term associated with poor survival, but no direction or specific measured aspect is stated."
PMC_biomarker_sets	Poor survival indication panel PVR	differential	PVR	protein	level	uncertain	"Panel biomarker term associated with poor survival, but no direction or specific measured aspect is stated."
PMC_biomarker_sets	Poor survival indication panel MAP7D3	differential	MAP7D3	protein	level	uncertain	"Panel biomarker term associated with poor survival, but no direction or specific measured aspect is stated."
PMC_biomarker_sets	Molecular marker panel EGFR	differential	EGFR	protein	level	uncertain	Panel biomarker listing - no direction or aspect explicitly stated; defaulting to differential | level. Flag for review: may need protein/expression if context is known.
PMC_biomarker_sets	Molecular marker panel ERBB2	differential	ERBB2	protein	level	uncertain	Panel biomarker listing - no direction or aspect explicitly stated; defaulting to differential | level. Flag for review: may need protein/expression if context is known.
PMC_biomarker_sets	Molecular marker panel PTEN	differential	PTEN	protein	level	uncertain	Panel biomarker listing - no direction or aspect explicitly stated; defaulting to differential | level. Flag for review: may need protein/expression if context is known.
PMC_biomarker_sets	Molecular marker panel AURKA	differential	AURKA	protein	level	uncertain	Panel biomarker listing - no direction or aspect explicitly stated; defaulting to differential | level. Flag for review: may need protein/expression if context is known.
PMC_biomarker_sets	Molecular marker panel BRCA1	differential	BRCA1	protein	level	uncertain	Panel biomarker listing - no direction or aspect explicitly stated; defaulting to differential | level. Flag for review: may need protein/expression if context is known.
PMC_biomarker_sets	Molecular marker panel BRCA2	differential	BRCA2	protein	level	uncertain	Panel biomarker listing - no direction or aspect explicitly stated; defaulting to differential | level. Flag for review: may need protein/expression if context is known.
PMC_biomarker_sets	Molecular marker panel CD274	differential	CD274	protein	level	uncertain	Panel biomarker listing - no direction or aspect explicitly stated; defaulting to differential | level. Flag for review: may need protein/expression if context is known.
PMC_biomarker_sets	Common biomarker panel LCN2	differential	LCN2	protein	level	uncertain	Panel biomarker listing - no direction or aspect explicitly stated; defaulting to differential | level. Flag for review: may need protein/expression if context is known.
PMC_biomarker_sets	Common biomarker panel HAVCR1	differential	HAVCR1	protein	level	uncertain	Panel biomarker listing - no direction or aspect explicitly stated; defaulting to differential | level. Flag for review: may need protein/expression if context is known.
PMC_biomarker_sets	Common biomarker panel IL18	differential	IL18	protein	level	uncertain	Panel biomarker listing - no direction or aspect explicitly stated; defaulting to differential | level. Flag for review: may need protein/expression if context is known.
PMC_biomarker_sets	Common biomarker panel FABP1	differential	FABP1	protein	level	uncertain	Panel biomarker listing - no direction or aspect explicitly stated; defaulting to differential | level. Flag for review: may need protein/expression if context is known.
PMC_biomarker_sets	Common biomarker panel MIOX	differential	MIOX	protein	level	uncertain	Panel biomarker listing - no direction or aspect explicitly stated; defaulting to differential | level. Flag for review: may need protein/expression if context is known.
PMC_biomarker_sets	Common biomarker panel CST3	differential	CST3	protein	level	uncertain	Panel biomarker listing - no direction or aspect explicitly stated; defaulting to differential | level. Flag for review: may need protein/expression if context is known.
PMC_biomarker_sets	Common biomarker panel NAGA	differential	NAGA	protein	level	uncertain	Panel biomarker listing - no direction or aspect explicitly stated; defaulting to differential | level. Flag for review: may need protein/expression if context is known.
PMC_biomarker_sets	Biomarker panel PCSK1	differential	PCSK1	protein	level	uncertain	Panel biomarker listing - no direction or aspect explicitly stated; defaulting to differential | level. Flag for review: may need protein/expression if context is known.
PMC_biomarker_sets	Biomarker panel SCG2	differential	SCG2	protein	level	uncertain	Panel biomarker listing - no direction or aspect explicitly stated; defaulting to differential | level. Flag for review: may need protein/expression if context is known.
PMC_biomarker_sets	Biomarker panel SNAP91	differential	SNAP91	protein	level	uncertain	Panel biomarker listing - no direction or aspect explicitly stated; defaulting to differential | level. Flag for review: may need protein/expression if context is known.
PMC_biomarker_sets	Biomarker panel KIF5C	differential	KIF5C	protein	level	uncertain	Panel biomarker listing - no direction or aspect explicitly stated; defaulting to differential | level. Flag for review: may need protein/expression if context is known.
PMC_biomarker_sets	Biomarker panel CHGB	differential	CHGB	protein	level	uncertain	Panel biomarker listing - no direction or aspect explicitly stated; defaulting to differential | level. Flag for review: may need protein/expression if context is known.
PMC_biomarker_sets	Biomarker panel RAB3A	differential	RAB3A	protein	level	uncertain	Panel biomarker listing - no direction or aspect explicitly stated; defaulting to differential | level. Flag for review: may need protein/expression if context is known.
PMC_biomarker_sets	Biomarker panel NEFL	differential	NEFL	protein	level	uncertain	Panel biomarker listing - no direction or aspect explicitly stated; defaulting to differential | level. Flag for review: may need protein/expression if context is known.
PMC_biomarker_sets	Biomarker panel CHGA	differential	CHGA	protein	level	uncertain	Panel biomarker listing - no direction or aspect explicitly stated; defaulting to differential | level. Flag for review: may need protein/expression if context is known.
PMC_biomarker_sets	Biomarker panel CALCA	differential	CALCA	protein	level	uncertain	Panel biomarker listing - no direction or aspect explicitly stated; defaulting to differential | level. Flag for review: may need protein/expression if context is known.
PMC_biomarker_sets	Biomarker panel PTPRN	differential	PTPRN	protein	level	uncertain	Panel biomarker listing - no direction or aspect explicitly stated; defaulting to differential | level. Flag for review: may need protein/expression if context is known.
PMC_biomarker_sets	Biomarker panel APLP1	differential	APLP1	protein	level	uncertain	Panel biomarker listing - no direction or aspect explicitly stated; defaulting to differential | level. Flag for review: may need protein/expression if context is known.
PMC_biomarker_sets	Biomarker panel UCHL1	differential	UCHL1	protein	level	uncertain	Panel biomarker listing - no direction or aspect explicitly stated; defaulting to differential | level. Flag for review: may need protein/expression if context is known.
PMC_biomarker_sets	Biomarker panel CDK5R2	differential	CDK5R2	protein	level	uncertain	Panel biomarker listing - no direction or aspect explicitly stated; defaulting to differential | level. Flag for review: may need protein/expression if context is known.
PMC_biomarker_sets	Biomarker panel SV2A	differential	SV2A	protein	level	uncertain	Panel biomarker listing - no direction or aspect explicitly stated; defaulting to differential | level. Flag for review: may need protein/expression if context is known.
PMC_biomarker_sets	Biomarker panel NEFM	differential	NEFM	protein	level	uncertain	Panel biomarker listing - no direction or aspect explicitly stated; defaulting to differential | level. Flag for review: may need protein/expression if context is known.
PMC_biomarker_sets	Biomarker panel BATF3	differential	BATF3	protein	level	uncertain	Panel biomarker listing - no direction or aspect explicitly stated; defaulting to differential | level. Flag for review: may need protein/expression if context is known.
PMC_biomarker_sets	Biomarker panel GMEB1	differential	GMEB1	protein	level	uncertain	Panel biomarker listing - no direction or aspect explicitly stated; defaulting to differential | level. Flag for review: may need protein/expression if context is known.
PMC_biomarker_sets	Biomarker panel NFIA	differential	NFIA	protein	level	uncertain	Panel biomarker listing - no direction or aspect explicitly stated; defaulting to differential | level. Flag for review: may need protein/expression if context is known.
PMC_biomarker_sets	Biomarker panel REST	differential	REST	protein	level	uncertain	Panel biomarker listing - no direction or aspect explicitly stated; defaulting to differential | level. Flag for review: may need protein/expression if context is known.
PMC_biomarker_sets	Biomarker panel ZNF281	differential	ZNF281	protein	level	uncertain	Panel biomarker listing - no direction or aspect explicitly stated; defaulting to differential | level. Flag for review: may need protein/expression if context is known.
PMC_biomarker_sets	Signficant association to ROBO1 panel CXCR3	differential	CXCR3	protein	level	uncertain	Panel biomarker listing - no direction or aspect explicitly stated; defaulting to differential | level. Flag for review: may need protein/expression if context is known.
PMC_biomarker_sets	Signficant association to ROBO1 panel CCR4	differential	CCR4	protein	level	uncertain	Panel biomarker listing - no direction or aspect explicitly stated; defaulting to differential | level. Flag for review: may need protein/expression if context is known.
PMC_biomarker_sets	Signficant association to ROBO1 panel CCR6	differential	CCR6	protein	level	uncertain	Panel biomarker listing - no direction or aspect explicitly stated; defaulting to differential | level. Flag for review: may need protein/expression if context is known.
PMC_biomarker_sets	Signficant association to ROBO1 panel CCR10	differential	CCR10	protein	level	uncertain	Panel biomarker listing - no direction or aspect explicitly stated; defaulting to differential | level. Flag for review: may need protein/expression if context is known.
PMC_biomarker_sets	Signficant association to ROBO1 panel SELL	differential	SELL	protein	level	uncertain	Panel biomarker listing - no direction or aspect explicitly stated; defaulting to differential | level. Flag for review: may need protein/expression if context is known.
PMC_biomarker_sets	Signficant association to ROBO1 panel CCR5	differential	CCR5	protein	level	uncertain	Panel biomarker listing - no direction or aspect explicitly stated; defaulting to differential | level. Flag for review: may need protein/expression if context is known.
PMC_biomarker_sets	Signficant association to ROBO1 panel CD58	differential	CD58	protein	level	uncertain	Panel biomarker listing - no direction or aspect explicitly stated; defaulting to differential | level. Flag for review: may need protein/expression if context is known.
PMC_biomarker_sets	Signficant association to ROBO1 panel TCF7	differential	TCF7	protein	level	uncertain	Panel biomarker listing - no direction or aspect explicitly stated; defaulting to differential | level. Flag for review: may need protein/expression if context is known.
PMC_biomarker_sets	Signficant association to ROBO1 panel PTGDR2	differential	PTGDR2	protein	level	uncertain	Panel biomarker listing - no direction or aspect explicitly stated; defaulting to differential | level. Flag for review: may need protein/expression if context is known.
PMC_biomarker_sets	Signficant association to ROBO1 panel IL5	differential	IL5	protein	level	uncertain	Panel biomarker listing - no direction or aspect explicitly stated; defaulting to differential | level. Flag for review: may need protein/expression if context is known.
PMC_biomarker_sets	Signficant association to ROBO1 panel IL10	differential	IL10	protein	level	uncertain	Panel biomarker listing - no direction or aspect explicitly stated; defaulting to differential | level. Flag for review: may need protein/expression if context is known.
PMC_biomarker_sets	Signficant association to ROBO1 panel PPARG	differential	PPARG	protein	level	uncertain	Panel biomarker listing - no direction or aspect explicitly stated; defaulting to differential | level. Flag for review: may need protein/expression if context is known.
PMC_biomarker_sets	Signficant association to ROBO1 panel IRF5	differential	IRF5	protein	level	uncertain	Panel biomarker listing - no direction or aspect explicitly stated; defaulting to differential | level. Flag for review: may need protein/expression if context is known.
PMC_biomarker_sets	Signficant association to ROBO1 panel CD68	differential	CD68	protein	level	uncertain	Panel biomarker listing - no direction or aspect explicitly stated; defaulting to differential | level. Flag for review: may need protein/expression if context is known.
PMC_biomarker_sets	High risk biomarker panel MXRA7	differential	MXRA7	protein	level	uncertain	Panel biomarker listing - no direction or aspect explicitly stated; defaulting to differential | level. Flag for review: may need protein/expression if context is known.
PMC_biomarker_sets	High risk biomarker panel LAMA2	differential	LAMA2	protein	level	uncertain	Panel biomarker listing - no direction or aspect explicitly stated; defaulting to differential | level. Flag for review: may need protein/expression if context is known.
PMC_biomarker_sets	High risk biomarker panel AHNAK	differential	AHNAK	protein	level	uncertain	Panel biomarker listing - no direction or aspect explicitly stated; defaulting to differential | level. Flag for review: may need protein/expression if context is known.
PMC_biomarker_sets	High risk biomarker panel EMP1	differential	EMP1	protein	level	uncertain	Panel biomarker listing - no direction or aspect explicitly stated; defaulting to differential | level. Flag for review: may need protein/expression if context is known.
PMC_biomarker_sets	High risk biomarker panel MAP1A	differential	MAP1A	protein	level	uncertain	Panel biomarker listing - no direction or aspect explicitly stated; defaulting to differential | level. Flag for review: may need protein/expression if context is known.
PMC_biomarker_sets	High risk biomarker panel PRKG1	differential	PRKG1	protein	level	uncertain	Panel biomarker listing - no direction or aspect explicitly stated; defaulting to differential | level. Flag for review: may need protein/expression if context is known.
PMC_biomarker_sets	High risk biomarker panel SVIL	differential	SVIL	protein	level	uncertain	Panel biomarker listing - no direction or aspect explicitly stated; defaulting to differential | level. Flag for review: may need protein/expression if context is known.
PMC_biomarker_sets	High risk biomarker panel PID1	differential	PID1	protein	level	uncertain	Panel biomarker listing - no direction or aspect explicitly stated; defaulting to differential | level. Flag for review: may need protein/expression if context is known.
PMC_biomarker_sets	High risk biomarker panel NCAM1	differential	NCAM1	protein	level	uncertain	Panel biomarker listing - no direction or aspect explicitly stated; defaulting to differential | level. Flag for review: may need protein/expression if context is known.
PMC_biomarker_sets	High risk biomarker panel JAM3	differential	JAM3	protein	level	uncertain	Panel biomarker listing - no direction or aspect explicitly stated; defaulting to differential | level. Flag for review: may need protein/expression if context is known.
PMC_biomarker_sets	High risk biomarker panel EFEMP1	differential	EFEMP1	protein	level	uncertain	Panel biomarker listing - no direction or aspect explicitly stated; defaulting to differential | level. Flag for review: may need protein/expression if context is known.
PMC_biomarker_sets	Pro-inflammatory biomarkers CCL2	differential	CCL2	protein	level	uncertain	Panel biomarker listing - no direction or aspect explicitly stated; defaulting to differential | level. Flag for review: may need protein/expression if context is known.
PMC_biomarker_sets	Pro-inflammatory biomarkers CCL15	differential	CCL15	protein	level	uncertain	Panel biomarker listing - no direction or aspect explicitly stated; defaulting to differential | level. Flag for review: may need protein/expression if context is known.
PMC_biomarker_sets	Pro-inflammatory biomarkers CCL16	differential	CCL16	protein	level	uncertain	Panel biomarker listing - no direction or aspect explicitly stated; defaulting to differential | level. Flag for review: may need protein/expression if context is known.
PMC_biomarker_sets	Pro-inflammatory biomarkers CHI3L1	differential	CHI3L1	protein	level	uncertain	Panel biomarker listing - no direction or aspect explicitly stated; defaulting to differential | level. Flag for review: may need protein/expression if context is known.
PMC_biomarker_sets	Pro-inflammatory biomarkers CXCL16	differential	CXCL16	protein	level	uncertain	Panel biomarker listing - no direction or aspect explicitly stated; defaulting to differential | level. Flag for review: may need protein/expression if context is known.
PMC_biomarker_sets	Pro-inflammatory biomarkers LGALS4	differential	LGALS4	protein	level	uncertain	Panel biomarker listing - no direction or aspect explicitly stated; defaulting to differential | level. Flag for review: may need protein/expression if context is known.
PMC_biomarker_sets	Pro-inflammatory biomarkers GDF15	differential	GDF15	protein	level	uncertain	Panel biomarker listing - no direction or aspect explicitly stated; defaulting to differential | level. Flag for review: may need protein/expression if context is known.
PMC_biomarker_sets	Pro-inflammatory biomarkers MMP3	differential	MMP3	protein	level	uncertain	Panel biomarker listing - no direction or aspect explicitly stated; defaulting to differential | level. Flag for review: may need protein/expression if context is known.
PMC_biomarker_sets	Pro-inflammatory biomarkers MMP9	differential	MMP9	protein	level	uncertain	Panel biomarker listing - no direction or aspect explicitly stated; defaulting to differential | level. Flag for review: may need protein/expression if context is known.
PMC_biomarker_sets	Pro-inflammatory biomarkers NPPB	differential	NPPB	protein	level	uncertain	Panel biomarker listing - no direction or aspect explicitly stated; defaulting to differential | level. Flag for review: may need protein/expression if context is known.
PMC_biomarker_sets	Pro-inflammatory biomarkers PGLYRP1	differential	PGLYRP1	protein	level	uncertain	Panel biomarker listing - no direction or aspect explicitly stated; defaulting to differential | level. Flag for review: may need protein/expression if context is known.
PMC_biomarker_sets	Pro-inflammatory biomarkers PON3	differential	PON3	protein	level	uncertain	Panel biomarker listing - no direction or aspect explicitly stated; defaulting to differential | level. Flag for review: may need protein/expression if context is known.
PMC_biomarker_sets	Pro-inflammatory biomarkers SCGB3A2	differential	SCGB3A2	protein	level	uncertain	Panel biomarker listing - no direction or aspect explicitly stated; defaulting to differential | level. Flag for review: may need protein/expression if context is known.
PMC_biomarker_sets	Pro-inflammatory biomarkers PLAUR	differential	PLAUR	protein	level	uncertain	Panel biomarker listing - no direction or aspect explicitly stated; defaulting to differential | level. Flag for review: may need protein/expression if context is known.
PMC_biomarker_sets	Pro-inflammatory biomarkers TNF	differential	TNF	protein	level	uncertain	Panel biomarker listing - no direction or aspect explicitly stated; defaulting to differential | level. Flag for review: may need protein/expression if context is known.
PMC_biomarker_sets	Pro-inflammatory biomarkers TNFRSF1A	differential	TNFRSF1A	protein	level	uncertain	Panel biomarker listing - no direction or aspect explicitly stated; defaulting to differential | level. Flag for review: may need protein/expression if context is known.
PMC_biomarker_sets	Pro-inflammatory biomarkers PLAT	differential	PLAT	protein	level	uncertain	Panel biomarker listing - no direction or aspect explicitly stated; defaulting to differential | level. Flag for review: may need protein/expression if context is known.
PMC_biomarker_sets	Pro-inflammatory biomarkers TRAIL	differential	TRAIL	protein	level	uncertain	Panel biomarker listing - no direction or aspect explicitly stated; defaulting to differential | level. Flag for review: may need protein/expression if context is known.
PMC_biomarker_sets	COPD biomarker panel SCGB1A1	differential	SCGB1A1	protein	level	uncertain	Panel biomarker listing - no direction or aspect explicitly stated; defaulting to differential | level. Flag for review: may need protein/expression if context is known.
PMC_biomarker_sets	COPD biomarker panel CRP	differential	CRP	protein	level	uncertain	Panel biomarker listing - no direction or aspect explicitly stated; defaulting to differential | level. Flag for review: may need protein/expression if context is known.
PMC_biomarker_sets	COPD biomarker panel EDN1	differential	EDN1	protein	level	uncertain	Panel biomarker listing - no direction or aspect explicitly stated; defaulting to differential | level. Flag for review: may need protein/expression if context is known.
PMC_biomarker_sets	COPD biomarker panel IFNG	differential	IFNG	protein	level	uncertain	Panel biomarker listing - no direction or aspect explicitly stated; defaulting to differential | level. Flag for review: may need protein/expression if context is known.
PMC_biomarker_sets	COPD biomarker panel IGHG1	differential	IGHG1	protein	level	uncertain	Panel biomarker listing - no direction or aspect explicitly stated; defaulting to differential | level. Flag for review: may need protein/expression if context is known.
PMC_biomarker_sets	COPD biomarker panel IL1A	differential	IL1A	protein	level	uncertain	Panel biomarker listing - no direction or aspect explicitly stated; defaulting to differential | level. Flag for review: may need protein/expression if context is known.
PMC_biomarker_sets	COPD biomarker panel IL1B	differential	IL1B	protein	level	uncertain	Panel biomarker listing - no direction or aspect explicitly stated; defaulting to differential | level. Flag for review: may need protein/expression if context is known.
PMC_biomarker_sets	COPD biomarker panel IL4	differential	IL4	protein	level	uncertain	Panel biomarker listing - no direction or aspect explicitly stated; defaulting to differential | level. Flag for review: may need protein/expression if context is known.
PMC_biomarker_sets	COPD biomarker panel IL6	differential	IL6	protein	level	uncertain	Panel biomarker listing - no direction or aspect explicitly stated; defaulting to differential | level. Flag for review: may need protein/expression if context is known.
PMC_biomarker_sets	COPD biomarker panel CXCL8	differential	CXCL8	protein	level	uncertain	Panel biomarker listing - no direction or aspect explicitly stated; defaulting to differential | level. Flag for review: may need protein/expression if context is known.
PMC_biomarker_sets	COPD biomarker panel IL10	differential	IL10	protein	level	uncertain	Panel biomarker listing - no direction or aspect explicitly stated; defaulting to differential | level. Flag for review: may need protein/expression if context is known.
PMC_biomarker_sets	COPD biomarker panel IL12A	differential	IL12A	protein	level	uncertain	Panel biomarker listing - no direction or aspect explicitly stated; defaulting to differential | level. Flag for review: may need protein/expression if context is known.
PMC_biomarker_sets	COPD biomarker panel IL12B	differential	IL12B	protein	level	uncertain	Panel biomarker listing - no direction or aspect explicitly stated; defaulting to differential | level. Flag for review: may need protein/expression if context is known.
PMC_biomarker_sets	COPD biomarker panel IL13	differential	IL13	protein	level	uncertain	Panel biomarker listing - no direction or aspect explicitly stated; defaulting to differential | level. Flag for review: may need protein/expression if context is known.
PMC_biomarker_sets	COPD biomarker panel IL18	differential	IL18	protein	level	uncertain	Panel biomarker listing - no direction or aspect explicitly stated; defaulting to differential | level. Flag for review: may need protein/expression if context is known.
PMC_biomarker_sets	COPD biomarker panel CXCL10	differential	CXCL10	protein	level	uncertain	Panel biomarker listing - no direction or aspect explicitly stated; defaulting to differential | level. Flag for review: may need protein/expression if context is known.
PMC_biomarker_sets	COPD biomarker panel MMP2	differential	MMP2	protein	level	uncertain	Panel biomarker listing - no direction or aspect explicitly stated; defaulting to differential | level. Flag for review: may need protein/expression if context is known.
PMC_biomarker_sets	COPD biomarker panel MMP12	differential	MMP12	protein	level	uncertain	Panel biomarker listing - no direction or aspect explicitly stated; defaulting to differential | level. Flag for review: may need protein/expression if context is known.
PMC_biomarker_sets	COPD biomarker panel MPO	differential	MPO	protein	level	uncertain	Panel biomarker listing - no direction or aspect explicitly stated; defaulting to differential | level. Flag for review: may need protein/expression if context is known.
PMC_biomarker_sets	COPD biomarker panel ELANE	differential	ELANE	protein	level	uncertain	Panel biomarker listing - no direction or aspect explicitly stated; defaulting to differential | level. Flag for review: may need protein/expression if context is known.
PMC_biomarker_sets	COPD biomarker panel TIMP1	differential	TIMP1	protein	level	uncertain	Panel biomarker listing - no direction or aspect explicitly stated; defaulting to differential | level. Flag for review: may need protein/expression if context is known.
PMC_biomarker_sets	COPD biomarker panel TNF	differential	TNF	protein	level	uncertain	Panel biomarker listing - no direction or aspect explicitly stated; defaulting to differential | level. Flag for review: may need protein/expression if context is known.
PMC_biomarker_sets	Co-occurence biomarker with pTERT IDH1	differential	IDH1	protein	level	uncertain	Panel biomarker listing - no direction or aspect explicitly stated; defaulting to differential | level. Flag for review: may need protein/expression if context is known.
PMC_biomarker_sets	Co-occurence biomarker with pTERT IDH2	differential	IDH2	protein	level	uncertain	Panel biomarker listing - no direction or aspect explicitly stated; defaulting to differential | level. Flag for review: may need protein/expression if context is known.
PMC_biomarker_sets	Co-occurence biomarker with pTERT EGFR	differential	EGFR	protein	level	uncertain	Panel biomarker listing - no direction or aspect explicitly stated; defaulting to differential | level. Flag for review: may need protein/expression if context is known.
PMC_biomarker_sets	Co-occurence biomarker with pTERT PTEN	differential	PTEN	protein	level	uncertain	Panel biomarker listing - no direction or aspect explicitly stated; defaulting to differential | level. Flag for review: may need protein/expression if context is known.
PMC_biomarker_sets	Co-occurence biomarker with pTERT TP53	differential	TP53	protein	level	uncertain	Panel biomarker listing - no direction or aspect explicitly stated; defaulting to differential | level. Flag for review: may need protein/expression if context is known.
PMC_biomarker_sets	Co-occurence biomarker with pTERT ATRX	differential	ATRX	protein	level	uncertain	Panel biomarker listing - no direction or aspect explicitly stated; defaulting to differential | level. Flag for review: may need protein/expression if context is known.
PMC_biomarker_sets	Co-occurence biomarker with pTERT MGMT	differential	MGMT	protein	level	uncertain	Panel biomarker listing - no direction or aspect explicitly stated; defaulting to differential | level. Flag for review: may need protein/expression if context is known.
PMC_biomarker_sets	Co-occurence biomarker with pTERT SEL1L	differential	SEL1L	protein	level	uncertain	Panel biomarker listing - no direction or aspect explicitly stated; defaulting to differential | level. Flag for review: may need protein/expression if context is known.
PMC_biomarker_sets	Metabolic biomarker (gene)	differential		protein	level	cannot map	"Generic placeholder term ""Metabolic biomarker (gene)"" - entity missing, cannot map"
PMC_biomarker_sets	Disease Activity Assessment Biomarkers IL6	differential	IL6	protein	level	uncertain	Panel biomarker listing - no direction or aspect explicitly stated; defaulting to differential | level. Flag for review: may need protein/expression if context is known.
PMC_biomarker_sets	Disease Activity Assessment Biomarkers TNFRSF1A	differential	TNFRSF1A	protein	level	uncertain	Panel biomarker listing - no direction or aspect explicitly stated; defaulting to differential | level. Flag for review: may need protein/expression if context is known.
PMC_biomarker_sets	Disease Activity Assessment Biomarkers VCAM1	differential	VCAM1	protein	level	uncertain	Panel biomarker listing - no direction or aspect explicitly stated; defaulting to differential | level. Flag for review: may need protein/expression if context is known.
PMC_biomarker_sets	Disease Activity Assessment Biomarkers EGF	differential	EGF	protein	level	uncertain	Panel biomarker listing - no direction or aspect explicitly stated; defaulting to differential | level. Flag for review: may need protein/expression if context is known.
PMC_biomarker_sets	Disease Activity Assessment Biomarkers VEGF	differential	VEGF	protein	level	uncertain	Panel biomarker listing - no direction or aspect explicitly stated; defaulting to differential | level. Flag for review: may need protein/expression if context is known.
PMC_biomarker_sets	Disease Activity Assessment Biomarkers MMP1	differential	MMP1	protein	level	uncertain	Panel biomarker listing - no direction or aspect explicitly stated; defaulting to differential | level. Flag for review: may need protein/expression if context is known.
PMC_biomarker_sets	Disease Activity Assessment Biomarkers MMP3	differential	MMP3	protein	level	uncertain	Panel biomarker listing - no direction or aspect explicitly stated; defaulting to differential | level. Flag for review: may need protein/expression if context is known.
PMC_biomarker_sets	Disease Activity Assessment Biomarkers CHI3L1	differential	CHI3L1	protein	level	uncertain	Panel biomarker listing - no direction or aspect explicitly stated; defaulting to differential | level. Flag for review: may need protein/expression if context is known.
PMC_biomarker_sets	Disease Activity Assessment Biomarkers LEP	differential	LEP	protein	level	uncertain	Panel biomarker listing - no direction or aspect explicitly stated; defaulting to differential | level. Flag for review: may need protein/expression if context is known.
PMC_biomarker_sets	Disease Activity Assessment Biomarkers RETN	differential	RETN	protein	level	uncertain	Panel biomarker listing - no direction or aspect explicitly stated; defaulting to differential | level. Flag for review: may need protein/expression if context is known.
PMC_biomarker_sets	Disease Activity Assessment Biomarkers SAA1	differential	SAA1	protein	level	uncertain	Panel biomarker listing - no direction or aspect explicitly stated; defaulting to differential | level. Flag for review: may need protein/expression if context is known.
PMC_biomarker_sets	Disease Activity Assessment Biomarkers CRP	differential	CRP	protein	level	uncertain	Panel biomarker listing - no direction or aspect explicitly stated; defaulting to differential | level. Flag for review: may need protein/expression if context is known.
PMC_biomarker_sets	Predictive Value Added Biomarkers [gene}					cannot map	"This appears to be a template term. [gene} is not a specific biomarker entity, and no change direction or measured aspect is stated."
PMC_biomarker_sets	Conensus biomarkers [gene}					cannot map	"This appears to be a template term. [gene} is not a specific biomarker entity, and no change direction or measured aspect is stated."
PMC_biomarker_sets	Serum Biomarkers CXCL11	differential	CXCL11	protein	level	uncertain	Panel biomarker listing - no direction or aspect explicitly stated; defaulting to differential | level. Flag for review: may need protein/expression if context is known.
PMC_biomarker_sets	Serum Biomarkers IL17B	differential	IL17B	protein	level	uncertain	Panel biomarker listing - no direction or aspect explicitly stated; defaulting to differential | level. Flag for review: may need protein/expression if context is known.
PMC_biomarker_sets	Serum Biomarkers IL17D	differential	IL17D	protein	level	uncertain	Panel biomarker listing - no direction or aspect explicitly stated; defaulting to differential | level. Flag for review: may need protein/expression if context is known.
PMC_biomarker_sets	Serum Biomarkers IL22	differential	IL22	protein	level	uncertain	Panel biomarker listing - no direction or aspect explicitly stated; defaulting to differential | level. Flag for review: may need protein/expression if context is known.
PMC_biomarker_sets	Serum Biomarkers CXCL10	differential	CXCL10	protein	level	uncertain	Panel biomarker listing - no direction or aspect explicitly stated; defaulting to differential | level. Flag for review: may need protein/expression if context is known.
PMC_biomarker_sets	Serum Biomarkers MCP1	differential	MCP1	protein	level	uncertain	Panel biomarker listing - no direction or aspect explicitly stated; defaulting to differential | level. Flag for review: may need protein/expression if context is known.
PMC_biomarker_sets	Serum Biomarkers ANGPT2	differential	ANGPT2	protein	level	uncertain	Panel biomarker listing - no direction or aspect explicitly stated; defaulting to differential | level. Flag for review: may need protein/expression if context is known.
PMC_biomarker_sets	Serum Biomarkers MIF	differential	MIF	protein	level	uncertain	Panel biomarker listing - no direction or aspect explicitly stated; defaulting to differential | level. Flag for review: may need protein/expression if context is known.
PMC_biomarker_sets	Common NSCLC biomarkers with targets [gene}					cannot map	"This appears to be a template term. [gene} is not a specific biomarker entity, and no change direction or measured aspect is stated."
PMC_biomarker_sets	Expression changes in stem cell biomarker CD44	differential	CD44	protein	expression	mapped	Expression change phrasing without direction stated _ differential | expression
PMC_biomarker_sets	Expression changes in stem cell biomarker PROM1	differential	PROM1	protein	expression	mapped	Expression change phrasing without direction stated _ differential | expression
PMC_biomarker_sets	Expression changes in stem cell biomarker ALCAM	differential	ALCAM	protein	expression	mapped	Expression change phrasing without direction stated _ differential | expression
PMC_biomarker_sets	Expression changes in stem cell biomarker TACSTD2	differential	TACSTD2	protein	expression	mapped	Expression change phrasing without direction stated _ differential | expression
PMC_biomarker_sets	Expression changes in stem cell biomarker KIT	differential	KIT	protein	expression	mapped	Expression change phrasing without direction stated _ differential | expression
PMC_biomarker_sets	Expression changes in stem cell biomarker ALDH1A1	differential	ALDH1A1	protein	expression	mapped	Expression change phrasing without direction stated _ differential | expression
PMC_biomarker_sets	Expression changes in stem cell biomarker ABCG2	differential	ABCG2	protein	expression	mapped	Expression change phrasing without direction stated _ differential | expression
PMC_biomarker_sets	Expression changes in stem cell biomarker SOX2	differential	SOX2	protein	expression	mapped	Expression change phrasing without direction stated _ differential | expression
PMC_biomarker_sets	Expression changes in stem cell biomarker EZH2	differential	EZH2	protein	expression	mapped	Expression change phrasing without direction stated _ differential | expression
PMC_biomarker_sets	Expression changes in stem cell biomarker ACP5	differential	ACP5	protein	expression	mapped	Expression change phrasing without direction stated _ differential | expression
PMC_biomarker_sets	Expression changes in stem cell biomarker HGF	differential	HGF	protein	expression	mapped	Expression change phrasing without direction stated _ differential | expression
PMC_biomarker_sets	Expression changes in stem cell biomarker TGM2	differential	TGM2	protein	expression	mapped	Expression change phrasing without direction stated _ differential | expression
PMC_biomarker_sets	Expression changes in serum and urine biomarkers C4A	differential	C4A	protein	expression	mapped	Expression change phrasing without direction stated _ differential | expression
PMC_biomarker_sets	Expression changes in serum and urine biomarkers CXCL10	differential	CXCL10	protein	expression	mapped	Expression change phrasing without direction stated _ differential | expression
PMC_biomarker_sets	Expression changes in serum and urine biomarkers SIGLEC1	differential	SIGLEC1	protein	expression	mapped	Expression change phrasing without direction stated _ differential | expression
PMC_biomarker_sets	Expression changes in serum and urine biomarkers IL18	differential	IL18	protein	expression	mapped	Expression change phrasing without direction stated _ differential | expression
PMC_biomarker_sets	Expression changes in serum and urine biomarkers TNFSF13B	differential	TNFSF13B	protein	expression	mapped	Expression change phrasing without direction stated _ differential | expression
PMC_biomarker_sets	Expression changes in serum and urine biomarkers TNFRSF17	differential	TNFRSF17	protein	expression	mapped	Expression change phrasing without direction stated _ differential | expression
PMC_biomarker_sets	Expression changes in serum and urine biomarkers TNFSF12	differential	TNFSF12	protein	expression	mapped	Expression change phrasing without direction stated _ differential | expression
PMC_biomarker_sets	Expression changes in serum and urine biomarkers CCL2	differential	CCL2	protein	expression	mapped	Expression change phrasing without direction stated _ differential | expression
PMC_biomarker_sets	Expression changes in serum and urine biomarkers CXCL16	differential	CXCL16	protein	expression	mapped	Expression change phrasing without direction stated _ differential | expression
PMC_biomarker_sets	Expression changes in serum and urine biomarkers PF4	differential	PF4	protein	expression	mapped	Expression change phrasing without direction stated _ differential | expression
PMC_biomarker_sets	Expression changes in serum and urine biomarkers ALCAM	differential	ALCAM	protein	expression	mapped	Expression change phrasing without direction stated _ differential | expression
PMC_biomarker_sets	Expression changes in serum and urine biomarkers LCN2	differential	LCN2	protein	expression	mapped	Expression change phrasing without direction stated _ differential | expression
PMC_biomarker_sets	Tumor Suppressor Gene Biomarker Panel CDKN2A	differential	CDKN2A	protein	level	uncertain	Panel biomarker listing - no direction or aspect explicitly stated; defaulting to differential | level. Flag for review: may need protein/expression if context is known.
PMC_biomarker_sets	Tumor Suppressor Gene Biomarker Panel CDKN2B	differential	CDKN2B	protein	level	uncertain	Panel biomarker listing - no direction or aspect explicitly stated; defaulting to differential | level. Flag for review: may need protein/expression if context is known.
PMC_biomarker_sets	Tumor Suppressor Gene Biomarker Panel RASSF1	differential	RASSF1	protein	level	uncertain	Panel biomarker listing - no direction or aspect explicitly stated; defaulting to differential | level. Flag for review: may need protein/expression if context is known.
PMC_biomarker_sets	Tumor Suppressor Gene Biomarker Panel DAPK1	differential	DAPK1	protein	level	uncertain	Panel biomarker listing - no direction or aspect explicitly stated; defaulting to differential | level. Flag for review: may need protein/expression if context is known.
PMC_biomarker_sets	Tumor Suppressor Gene Biomarker Panel CDH1	differential	CDH1	protein	level	uncertain	Panel biomarker listing - no direction or aspect explicitly stated; defaulting to differential | level. Flag for review: may need protein/expression if context is known.
PMC_biomarker_sets	Tumor Suppressor Gene Biomarker Panel SCGB3A1	differential	SCGB3A1	protein	level	uncertain	Panel biomarker listing - no direction or aspect explicitly stated; defaulting to differential | level. Flag for review: may need protein/expression if context is known.
PMC_biomarker_sets	Tumor Suppressor Gene Biomarker Panel MGMT	differential	MGMT	protein	level	uncertain	Panel biomarker listing - no direction or aspect explicitly stated; defaulting to differential | level. Flag for review: may need protein/expression if context is known.
PMC_biomarker_sets	Tumor Suppressor Gene Biomarker Panel MLH1	differential	MLH1	protein	level	uncertain	Panel biomarker listing - no direction or aspect explicitly stated; defaulting to differential | level. Flag for review: may need protein/expression if context is known.
PMC_biomarker_sets	Tumor Suppressor Gene Biomarker Panel PRDM2	differential	PRDM2	protein	level	uncertain	Panel biomarker listing - no direction or aspect explicitly stated; defaulting to differential | level. Flag for review: may need protein/expression if context is known.
PMC_biomarker_sets	Tumor Suppressor Gene Biomarker Panel DLEC1	differential	DLEC1	protein	level	uncertain	Panel biomarker listing - no direction or aspect explicitly stated; defaulting to differential | level. Flag for review: may need protein/expression if context is known.
PMC_biomarker_sets	Tumor Suppressor Gene Biomarker Panel UCHL1	differential	UCHL1	protein	level	uncertain	Panel biomarker listing - no direction or aspect explicitly stated; defaulting to differential | level. Flag for review: may need protein/expression if context is known.
PMC_biomarker_sets	Tumor Suppressor Gene Biomarker Panel WIF1	differential	WIF1	protein	level	uncertain	Panel biomarker listing - no direction or aspect explicitly stated; defaulting to differential | level. Flag for review: may need protein/expression if context is known.
PMC_biomarker_sets	Tumor Suppressor Gene Biomarker Panel DLC1	differential	DLC1	protein	level	uncertain	Panel biomarker listing - no direction or aspect explicitly stated; defaulting to differential | level. Flag for review: may need protein/expression if context is known.
PMC_biomarker_sets	Tumor Suppressor Gene Biomarker Panel SOX11	differential	SOX11	protein	level	uncertain	Panel biomarker listing - no direction or aspect explicitly stated; defaulting to differential | level. Flag for review: may need protein/expression if context is known.
PMC_biomarker_sets	Tumor Suppressor Gene Biomarker Panel SFN	differential	SFN	protein	level	uncertain	Panel biomarker listing - no direction or aspect explicitly stated; defaulting to differential | level. Flag for review: may need protein/expression if context is known.
PMC_biomarker_sets	Immune Markers for ALS TGFB1	differential	TGFB1	protein	level	uncertain	"This term indicates that TGFB1 is an ALS-related immune biomarker, but does not specify whether it is elevated, reduced, expressed, mutated, or modified."
PMC_biomarker_sets	Immune Markers for ALS TGFB3	differential	TGFB3	protein	level	uncertain	"This term indicates that TGFB3 is an ALS-related immune biomarker, but does not specify whether it is elevated, reduced, expressed, mutated, or modified."
PMC_biomarker_sets	Immune Markers for ALS IL2	differential	IL2	protein	level	uncertain	"This term indicates that IL2 is an ALS-related immune biomarker, but does not specify whether it is elevated, reduced, expressed, mutated, or modified."
PMC_biomarker_sets	Immune Markers for ALS IL4	differential	IL4	protein	level	uncertain	"This term indicates that IL4 is an ALS-related immune biomarker, but does not specify whether it is elevated, reduced, expressed, mutated, or modified."
PMC_biomarker_sets	Immune Markers for ALS IL5	differential	L5	protein	level	uncertain	"This term indicates that IL5 is an ALS-related immune biomarker, but does not specify whether it is elevated, reduced, expressed, mutated, or modified."
PMC_biomarker_sets	Immune Markers for ALS IL6	differential	IL6	protein	level	uncertain	"This term indicates that IL6 is an ALS-related immune biomarker, but does not specify whether it is elevated, reduced, expressed, mutated, or modified."
PMC_biomarker_sets	Immune Markers for ALS IL8	differential	IL8	protein	level	uncertain	"This term indicates that IL8 is an ALS-related immune biomarker, but does not specify whether it is elevated, reduced, expressed, mutated, or modified."
PMC_biomarker_sets	Immune Markers for ALS IL10	differential	IL10	protein	level	uncertain	"This term indicates that IL10 is an ALS-related immune biomarker, but does not specify whether it is elevated, reduced, expressed, mutated, or modified."
PMC_biomarker_sets	Immune Markers for ALS IL13	differential	IL13	protein	level	uncertain	"This term indicates that IL13 is an ALS-related immune biomarker, but does not specify whether it is elevated, reduced, expressed, mutated, or modified."
PMC_biomarker_sets	Immune Markers for ALS TNF	differential	TNF	protein	level	uncertain	"This term indicates that TNF is an ALS-related immune biomarker, but does not specify whether it is elevated, reduced, expressed, mutated, or modified."
PMC_biomarker_sets	Immune Markers for ALS FTH1	differential	FTH1	protein	level	uncertain	"This term indicates that FTH1 is an ALS-related immune biomarker, but does not specify whether it is elevated, reduced, expressed, mutated, or modified."
PMC_biomarker_sets	Immune Markers for ALS IFNG	differential	IFNG	protein	level	uncertain	"This term indicates that IFNGis an ALS-related immune biomarker, but does not specify whether it is elevated, reduced, expressed, mutated, or modified."
PMC_biomarker_sets	Immune Markers for ALS FGF2	differential	FGF2	protein	level	uncertain	"This term indicates that FGF2 is an ALS-related immune biomarker, but does not specify whether it is elevated, reduced, expressed, mutated, or modified."
PMC_biomarker_sets	Immune Markers for ALS VEGFA	differential	VEGFA	protein	level	uncertain	"This term indicates that VEGFA is an ALS-related immune biomarker, but does not specify whether it is elevated, reduced, expressed, mutated, or modified."
PMC_biomarker_sets	Immune Markers for ALS CCL3	differential	CCL3	protein	level	uncertain	"This term indicates that CCL3 is an ALS-related immune biomarker, but does not specify whether it is elevated, reduced, expressed, mutated, or modified."
PMC_biomarker_sets	Immune Markers for ALS CCL2	differential	CCL2	protein	level	uncertain	"This term indicates that CCL2 is an ALS-related immune biomarker, but does not specify whether it is elevated, reduced, expressed, mutated, or modified."
PMC_biomarker_sets	Immune Markers for ALS TNFSF10	differential	TNFSF10	protein	level	uncertain	"This term indicates that TNFSF10 is an ALS-related immune biomarker, but does not specify whether it is elevated, reduced, expressed, mutated, or modified."
PMC_biomarker_sets	Immune Markers for ALS CHIT1	differential	CHIT1	protein	level	uncertain	"This term indicates that CHIT1 is an ALS-related immune biomarker, but does not specify whether it is elevated, reduced, expressed, mutated, or modified."
PMC_biomarker_sets	Immune Markers for ALS CHI3L1	differential	CHI3L1	protein	level	uncertain	"This term indicates that CHI3L1 is an ALS-related immune biomarker, but does not specify whether it is elevated, reduced, expressed, mutated, or modified."
PMC_biomarker_sets	Immune Markers for ALS CHI3L2	differential	CHI3L2	protein	level	uncertain	"This term indicates that CHI3L2 is an ALS-related immune biomarker, but does not specify whether it is elevated, reduced, expressed, mutated, or modified."
PMC_biomarker_sets	Peripheral Blood Biomarker Panel AGER	differential	AGER	protein	level	uncertain	Panel biomarker listing - no direction or aspect explicitly stated; defaulting to differential | level. Flag for review: may need protein/expression if context is known.
PMC_biomarker_sets	Peripheral Blood Biomarker Panel CCL20	differential	CCL20	protein	level	uncertain	Panel biomarker listing - no direction or aspect explicitly stated; defaulting to differential | level. Flag for review: may need protein/expression if context is known.
PMC_biomarker_sets	Peripheral Blood Biomarker Panel ICAM1	differential	ICAM1	protein	level	uncertain	Panel biomarker listing - no direction or aspect explicitly stated; defaulting to differential | level. Flag for review: may need protein/expression if context is known.
PMC_biomarker_sets	Peripheral Blood Biomarker Panel SERPINA7	differential	SERPINA7	protein	level	uncertain	Panel biomarker listing - no direction or aspect explicitly stated; defaulting to differential | level. Flag for review: may need protein/expression if context is known.
PMC_biomarker_sets	Peripheral Blood Biomarker Panel CDH13	differential	CDH13	protein	level	uncertain	Panel biomarker listing - no direction or aspect explicitly stated; defaulting to differential | level. Flag for review: may need protein/expression if context is known.
PMC_biomarker_sets	Peripheral Blood Biomarker Panel CDH1	differential	CDH1	protein	level	uncertain	Panel biomarker listing - no direction or aspect explicitly stated; defaulting to differential | level. Flag for review: may need protein/expression if context is known.
PMC_biomarker_sets	Peripheral Blood Biomarker Panel TGFB1	differential	TGFB1	protein	level	uncertain	Panel biomarker listing - no direction or aspect explicitly stated; defaulting to differential | level. Flag for review: may need protein/expression if context is known.
PMC_biomarker_sets	Peripheral Blood Biomarker Panel CCL13	differential	CCL13	protein	level	uncertain	Panel biomarker listing - no direction or aspect explicitly stated; defaulting to differential | level. Flag for review: may need protein/expression if context is known.
PMC_biomarker_sets	Peripheral Blood Biomarker Panel TNFRSF11B	differential	TNFRSF11B	protein	level	uncertain	Panel biomarker listing - no direction or aspect explicitly stated; defaulting to differential | level. Flag for review: may need protein/expression if context is known.
PMC_biomarker_sets	Peripheral Blood Biomarker Panel CCL8	differential	CCL8	protein	level	uncertain	Panel biomarker listing - no direction or aspect explicitly stated; defaulting to differential | level. Flag for review: may need protein/expression if context is known.
PMC_biomarker_sets	Peripheral Blood Biomarker Panel IGHA1	differential	IGHA1	protein	level	uncertain	Panel biomarker listing - no direction or aspect explicitly stated; defaulting to differential | level. Flag for review: may need protein/expression if context is known.
PMC_biomarker_sets	Peripheral Blood Biomarker Panel SORT1	differential	SORT1	protein	level	uncertain	Panel biomarker listing - no direction or aspect explicitly stated; defaulting to differential | level. Flag for review: may need protein/expression if context is known.
PMC_biomarker_sets	Peripheral Blood Biomarker Panel IL2RA	differential	IL2RA	protein	level	uncertain	Panel biomarker listing - no direction or aspect explicitly stated; defaulting to differential | level. Flag for review: may need protein/expression if context is known.
PMC_biomarker_sets	Immune Associated Biomarker CD19	differential	CD19	protein	level	uncertain	Panel biomarker listing - no direction or aspect explicitly stated; defaulting to differential | level. Flag for review: may need protein/expression if context is known.
PMC_biomarker_sets	Immune Associated Biomarker CD79A	differential	CD79A	protein	level	uncertain	Panel biomarker listing - no direction or aspect explicitly stated; defaulting to differential | level. Flag for review: may need protein/expression if context is known.
PMC_biomarker_sets	Immune Associated Biomarker CD8A	differential	CD8A	protein	level	uncertain	Panel biomarker listing - no direction or aspect explicitly stated; defaulting to differential | level. Flag for review: may need protein/expression if context is known.
PMC_biomarker_sets	Immune Associated Biomarker CD8B	differential	CD8B	protein	level	uncertain	Panel biomarker listing - no direction or aspect explicitly stated; defaulting to differential | level. Flag for review: may need protein/expression if context is known.
PMC_biomarker_sets	Immune Associated Biomarker CD4	differential	CD4	protein	level	uncertain	Panel biomarker listing - no direction or aspect explicitly stated; defaulting to differential | level. Flag for review: may need protein/expression if context is known.
PMC_biomarker_sets	Immune Associated Biomarker NOS2	differential	NOS2	protein	level	uncertain	Panel biomarker listing - no direction or aspect explicitly stated; defaulting to differential | level. Flag for review: may need protein/expression if context is known.
PMC_biomarker_sets	Immune Associated Biomarker IRF5	differential	IRF5	protein	level	uncertain	Panel biomarker listing - no direction or aspect explicitly stated; defaulting to differential | level. Flag for review: may need protein/expression if context is known.
PMC_biomarker_sets	Immune Associated Biomarker PTGS2	differential	PTGS2	protein	level	uncertain	Panel biomarker listing - no direction or aspect explicitly stated; defaulting to differential | level. Flag for review: may need protein/expression if context is known.
PMC_biomarker_sets	Immune Associated Biomarker CD163	differential	CD163	protein	level	uncertain	Panel biomarker listing - no direction or aspect explicitly stated; defaulting to differential | level. Flag for review: may need protein/expression if context is known.
PMC_biomarker_sets	Immune Associated Biomarker VSIG4	differential	VSIG4	protein	level	uncertain	Panel biomarker listing - no direction or aspect explicitly stated; defaulting to differential | level. Flag for review: may need protein/expression if context is known.
PMC_biomarker_sets	Immune Associated Biomarker MS4A4A	differential	MS4A4A	protein	level	uncertain	Panel biomarker listing - no direction or aspect explicitly stated; defaulting to differential | level. Flag for review: may need protein/expression if context is known.
PMC_biomarker_sets	Immune Associated Biomarker ITGAM	differential	ITGAM	protein	level	uncertain	Panel biomarker listing - no direction or aspect explicitly stated; defaulting to differential | level. Flag for review: may need protein/expression if context is known.
PMC_biomarker_sets	Immune Associated Biomarker CCR7	differential	CCR7	protein	level	uncertain	Panel biomarker listing - no direction or aspect explicitly stated; defaulting to differential | level. Flag for review: may need protein/expression if context is known.
PMC_biomarker_sets	Immune Associated Biomarker CD1C	differential	CD1C	protein	level	uncertain	Panel biomarker listing - no direction or aspect explicitly stated; defaulting to differential | level. Flag for review: may need protein/expression if context is known.
PMC_biomarker_sets	Immune Associated Biomarker NRP1	differential	NRP1	protein	level	uncertain	Panel biomarker listing - no direction or aspect explicitly stated; defaulting to differential | level. Flag for review: may need protein/expression if context is known.
PMC_biomarker_sets	Immune Associated Biomarker ITGAX	differential	ITGAX	protein	level	uncertain	Panel biomarker listing - no direction or aspect explicitly stated; defaulting to differential | level. Flag for review: may need protein/expression if context is known.
PMC_biomarker_sets	Immune Associated Biomarker CAMK2N1	differential	CAMK2N1	protein	level	uncertain	Panel biomarker listing - no direction or aspect explicitly stated; defaulting to differential | level. Flag for review: may need protein/expression if context is known.
PMC_biomarker_sets	Immune Validated Panel MUC16	differential	MUC16	protein	level	uncertain	Panel biomarker listing - no direction or aspect explicitly stated; defaulting to differential | level. Flag for review: may need protein/expression if context is known.
PMC_biomarker_sets	Immune Validated Panel KRT19	differential	KRT19	protein	level	uncertain	Panel biomarker listing - no direction or aspect explicitly stated; defaulting to differential | level. Flag for review: may need protein/expression if context is known.
PMC_biomarker_sets	Immune Validated Panel FOLR1	differential	FOLR1	protein	level	uncertain	Panel biomarker listing - no direction or aspect explicitly stated; defaulting to differential | level. Flag for review: may need protein/expression if context is known.
PMC_biomarker_sets	Immune Validated Panel CEACAM5	differential	CEACAM5	protein	level	uncertain	Panel biomarker listing - no direction or aspect explicitly stated; defaulting to differential | level. Flag for review: may need protein/expression if context is known.
PMC_biomarker_sets	Immune Validated Panel HGF	differential	HGF	protein	level	uncertain	Panel biomarker listing - no direction or aspect explicitly stated; defaulting to differential | level. Flag for review: may need protein/expression if context is known.
PMC_biomarker_sets	Immune Validated Panel TNFRSF11B	differential	TNFRSF11B	protein	level	uncertain	Panel biomarker listing - no direction or aspect explicitly stated; defaulting to differential | level. Flag for review: may need protein/expression if context is known.
PMC_biomarker_sets	Immune Validated Panel TEK	differential	TEK	protein	level	uncertain	Panel biomarker listing - no direction or aspect explicitly stated; defaulting to differential | level. Flag for review: may need protein/expression if context is known.
PMC_biomarker_sets	Immune Validated Panel FUT3	differential	FUT3	protein	level	uncertain	Panel biomarker listing - no direction or aspect explicitly stated; defaulting to differential | level. Flag for review: may need protein/expression if context is known.
PMC_biomarker_sets	Blood Biomarker Panel FAXDC2	differential	FAXDC2	protein	level	uncertain	Panel biomarker listing - no direction or aspect explicitly stated; defaulting to differential | level. Flag for review: may need protein/expression if context is known.
PMC_biomarker_sets	Blood Biomarker Panel COPZ1	differential	COPZ1	protein	level	uncertain	Panel biomarker listing - no direction or aspect explicitly stated; defaulting to differential | level. Flag for review: may need protein/expression if context is known.
PMC_biomarker_sets	Blood Biomarker Panel EFTUD2	differential	EFTUD2	protein	level	uncertain	Panel biomarker listing - no direction or aspect explicitly stated; defaulting to differential | level. Flag for review: may need protein/expression if context is known.
PMC_biomarker_sets	Blood Biomarker Panel SLC14A1	differential	SLC14A1	protein	level	uncertain	Panel biomarker listing - no direction or aspect explicitly stated; defaulting to differential | level. Flag for review: may need protein/expression if context is known.
PMC_biomarker_sets	Blood Biomarker Panel HNF4A	differential	HNF4A	protein	level	uncertain	Panel biomarker listing - no direction or aspect explicitly stated; defaulting to differential | level. Flag for review: may need protein/expression if context is known.
PMC_biomarker_sets	Blood Biomarker Panel PTBP1	differential	PTBP1	protein	level	uncertain	Panel biomarker listing - no direction or aspect explicitly stated; defaulting to differential | level. Flag for review: may need protein/expression if context is known.
PMC_biomarker_sets	Blood Biomarker Panel PTPN1	differential	PTPN1	protein	level	uncertain	Panel biomarker listing - no direction or aspect explicitly stated; defaulting to differential | level. Flag for review: may need protein/expression if context is known.
PMC_biomarker_sets	Serum Biomarker Panel C4B	differential	C4B	protein	level	uncertain	Panel biomarker listing - no direction or aspect explicitly stated; defaulting to differential | level. Flag for review: may need protein/expression if context is known.
PMC_biomarker_sets	Serum Biomarker Panel HSD17B1	differential	HSD17B1	protein	level	uncertain	Panel biomarker listing - no direction or aspect explicitly stated; defaulting to differential | level. Flag for review: may need protein/expression if context is known.
PMC_biomarker_sets	Serum Biomarker Panel PGAM1	differential	PGAM1	protein	level	uncertain	Panel biomarker listing - no direction or aspect explicitly stated; defaulting to differential | level. Flag for review: may need protein/expression if context is known.
PMC_biomarker_sets	Serum Biomarker Panel TF	differential	TF	protein	level	uncertain	Panel biomarker listing - no direction or aspect explicitly stated; defaulting to differential | level. Flag for review: may need protein/expression if context is known.
PMC_biomarker_sets	Serum Biomarker Panel PTPN6	differential	PTPN6	protein	level	uncertain	Panel biomarker listing - no direction or aspect explicitly stated; defaulting to differential | level. Flag for review: may need protein/expression if context is known.
PMC_biomarker_sets	Serum Biomarker Panel PRKACA	differential	PRKACA	protein	level	uncertain	Panel biomarker listing - no direction or aspect explicitly stated; defaulting to differential | level. Flag for review: may need protein/expression if context is known.
PMC_biomarker_sets	Serum Biomarker Panel LTF	differential	LTF	protein	level	uncertain	Panel biomarker listing - no direction or aspect explicitly stated; defaulting to differential | level. Flag for review: may need protein/expression if context is known.
PMC_biomarker_sets	Serum Biomarker Panel CAPG	differential	CAPG	protein	level	uncertain	Panel biomarker listing - no direction or aspect explicitly stated; defaulting to differential | level. Flag for review: may need protein/expression if context is known.
PMC_biomarker_sets	Serum Biomarker Panel AZU1	differential	AZU1	protein	level	uncertain	Panel biomarker listing - no direction or aspect explicitly stated; defaulting to differential | level. Flag for review: may need protein/expression if context is known.
PMC_biomarker_sets	Serum Biomarker Panel FUT5	differential	FUT5	protein	level	uncertain	Panel biomarker listing - no direction or aspect explicitly stated; defaulting to differential | level. Flag for review: may need protein/expression if context is known.
PMC_biomarker_sets	Serum Biomarker Panel PAPPA	differential	PAPPA	protein	level	uncertain	Panel biomarker listing - no direction or aspect explicitly stated; defaulting to differential | level. Flag for review: may need protein/expression if context is known.
PMC_biomarker_sets	Serum Biomarker Panel FRAS1	differential	FRAS1	protein	level	uncertain	Panel biomarker listing - no direction or aspect explicitly stated; defaulting to differential | level. Flag for review: may need protein/expression if context is known.
PMC_biomarker_sets	Serum Biomarker Panel MMP12	differential	MMP12	protein	level	uncertain	Panel biomarker listing - no direction or aspect explicitly stated; defaulting to differential | level. Flag for review: may need protein/expression if context is known.
PMC_biomarker_sets	Serum Biomarker Panel GCG	differential	GCG	protein	level	uncertain	Panel biomarker listing - no direction or aspect explicitly stated; defaulting to differential | level. Flag for review: may need protein/expression if context is known.
PMC_biomarker_sets	Serum Biomarker Panel C5	differential	C5	protein	level	uncertain	Panel biomarker listing - no direction or aspect explicitly stated; defaulting to differential | level. Flag for review: may need protein/expression if context is known.
PMC_biomarker_sets	Serum Biomarker Panel TFF1	differential	TFF1	protein	level	uncertain	Panel biomarker listing - no direction or aspect explicitly stated; defaulting to differential | level. Flag for review: may need protein/expression if context is known.
PMC_biomarker_sets	Molecular Profiling Panel NTRK3	differential	NTRK3	protein	level	uncertain	Panel biomarker listing - no direction or aspect explicitly stated; defaulting to differential | level. Flag for review: may need protein/expression if context is known.
PMC_biomarker_sets	Molecular Profiling Panel BRAF	differential	BRAF	protein	level	uncertain	Panel biomarker listing - no direction or aspect explicitly stated; defaulting to differential | level. Flag for review: may need protein/expression if context is known.
PMC_biomarker_sets	Molecular Profiling Panel NTRK1	differential	NTRK1	protein	level	uncertain	Panel biomarker listing - no direction or aspect explicitly stated; defaulting to differential | level. Flag for review: may need protein/expression if context is known.
PMC_biomarker_sets	Molecular Profiling Panel NTRK2	differential	NTRK2	protein	level	uncertain	Panel biomarker listing - no direction or aspect explicitly stated; defaulting to differential | level. Flag for review: may need protein/expression if context is known.
PMC_biomarker_sets	Molecular Profiling Panel KIT	differential	KIT	protein	level	uncertain	Panel biomarker listing - no direction or aspect explicitly stated; defaulting to differential | level. Flag for review: may need protein/expression if context is known.
PMC_biomarker_sets	Molecular Profiling Panel MAP2K1	differential	MAP2K1	protein	level	uncertain	Panel biomarker listing - no direction or aspect explicitly stated; defaulting to differential | level. Flag for review: may need protein/expression if context is known.
PMC_biomarker_sets	Molecular Profiling Panel MAP2K2	differential	MAP2K2	protein	level	uncertain	Panel biomarker listing - no direction or aspect explicitly stated; defaulting to differential | level. Flag for review: may need protein/expression if context is known.
PMC_biomarker_sets	Molecular Profiling Panel NF1	differential	NF1	protein	level	uncertain	Panel biomarker listing - no direction or aspect explicitly stated; defaulting to differential | level. Flag for review: may need protein/expression if context is known.
PMC_biomarker_sets	Molecular Profiling Panel NRAS	differential	NRAS	protein	level	uncertain	Panel biomarker listing - no direction or aspect explicitly stated; defaulting to differential | level. Flag for review: may need protein/expression if context is known.
PMC_biomarker_sets	PBMC Biomarker Panel COL5A1	differential	COL5A1	protein	level	uncertain	Panel biomarker listing - no direction or aspect explicitly stated; defaulting to differential | level. Flag for review: may need protein/expression if context is known.
PMC_biomarker_sets	PBMC Biomarker Panel MMP2	differential	MMP2	protein	level	uncertain	Panel biomarker listing - no direction or aspect explicitly stated; defaulting to differential | level. Flag for review: may need protein/expression if context is known.
PMC_biomarker_sets	PBMC Biomarker Panel CDK4	differential	CDK4	protein	level	uncertain	Panel biomarker listing - no direction or aspect explicitly stated; defaulting to differential | level. Flag for review: may need protein/expression if context is known.
PMC_biomarker_sets	Inflammatory Biomarker Panel CRP	differential	CRP	protein	level	uncertain	Panel biomarker listing - no direction or aspect explicitly stated; defaulting to differential | level. Flag for review: may need protein/expression if context is known.
PMC_biomarker_sets	Inflammatory Biomarker Panel IL2	differential	IL2	protein	level	uncertain	Panel biomarker listing - no direction or aspect explicitly stated; defaulting to differential | level. Flag for review: may need protein/expression if context is known.
PMC_biomarker_sets	Inflammatory Biomarker Panel IL4	differential	IL4	protein	level	uncertain	Panel biomarker listing - no direction or aspect explicitly stated; defaulting to differential | level. Flag for review: may need protein/expression if context is known.
PMC_biomarker_sets	Inflammatory Biomarker Panel IL6	differential	IL6	protein	level	uncertain	Panel biomarker listing - no direction or aspect explicitly stated; defaulting to differential | level. Flag for review: may need protein/expression if context is known.
PMC_biomarker_sets	Inflammatory Biomarker Panel IL8	differential	IL8	protein	level	uncertain	Panel biomarker listing - no direction or aspect explicitly stated; defaulting to differential | level. Flag for review: may need protein/expression if context is known.
PMC_biomarker_sets	Inflammatory Biomarker Panel TNF	differential	TNF	protein	level	uncertain	Panel biomarker listing - no direction or aspect explicitly stated; defaulting to differential | level. Flag for review: may need protein/expression if context is known.
PMC_biomarker_sets	Inflammatory Biomarker Panel CCL2	differential	CCL2	protein	level	uncertain	Panel biomarker listing - no direction or aspect explicitly stated; defaulting to differential | level. Flag for review: may need protein/expression if context is known.
PMC_biomarker_sets	Inflammatory Biomarker Panel LEP	differential	LEP	protein	level	uncertain	Panel biomarker listing - no direction or aspect explicitly stated; defaulting to differential | level. Flag for review: may need protein/expression if context is known.
PMC_biomarker_sets	Inflammatory Biomarker Panel IL10	differential	IL10	protein	level	uncertain	Panel biomarker listing - no direction or aspect explicitly stated; defaulting to differential | level. Flag for review: may need protein/expression if context is known.
PMC_biomarker_sets	Inflammatory Biomarker Panel ADIPOQ	differential	ADIPOQ	protein	level	uncertain	Panel biomarker listing - no direction or aspect explicitly stated; defaulting to differential | level. Flag for review: may need protein/expression if context is known.
PMC_biomarker_sets	Multimarker detection panel AFP	differential	AFP	protein	level	uncertain	Panel biomarker listing - no direction or aspect explicitly stated; defaulting to differential | level. Flag for review: may need protein/expression if context is known.
PMC_biomarker_sets	Multimarker detection panel GPC3	differential	GPC3	protein	level	uncertain	Panel biomarker listing - no direction or aspect explicitly stated; defaulting to differential | level. Flag for review: may need protein/expression if context is known.
PMC_biomarker_sets	Multimarker detection panel WFDC2	differential	WFDC2	protein	level	uncertain	Panel biomarker listing - no direction or aspect explicitly stated; defaulting to differential | level. Flag for review: may need protein/expression if context is known.
PMC_biomarker_sets	Multimarker detection panel IGFBP3	differential	IGFBP3	protein	level	uncertain	Panel biomarker listing - no direction or aspect explicitly stated; defaulting to differential | level. Flag for review: may need protein/expression if context is known.
PMC_biomarker_sets	Multimarker detection panel HGF	differential	HGF	protein	level	uncertain	Panel biomarker listing - no direction or aspect explicitly stated; defaulting to differential | level. Flag for review: may need protein/expression if context is known.
PMC_biomarker_sets	Multimarker detection panel MMP2	differential	MMP2	protein	level	uncertain	Panel biomarker listing - no direction or aspect explicitly stated; defaulting to differential | level. Flag for review: may need protein/expression if context is known.
PMC_biomarker_sets	Multimarker detection panel TIMP1	differential	TIMP1	protein	level	uncertain	Panel biomarker listing - no direction or aspect explicitly stated; defaulting to differential | level. Flag for review: may need protein/expression if context is known.
PMC_biomarker_sets	Multimarker detection panel ANGPT2	differential	ANGPT2	protein	level	uncertain	Panel biomarker listing - no direction or aspect explicitly stated; defaulting to differential | level. Flag for review: may need protein/expression if context is known.
PMC_biomarker_sets	Multimarker detection panel GGT1	differential	GGT1	protein	level	uncertain	Panel biomarker listing - no direction or aspect explicitly stated; defaulting to differential | level. Flag for review: may need protein/expression if context is known.
PMC_biomarker_sets	Multimarker detection panel COMP	differential	COMP	protein	level	uncertain	Panel biomarker listing - no direction or aspect explicitly stated; defaulting to differential | level. Flag for review: may need protein/expression if context is known.
PMC_biomarker_sets	Multimarker detection panel AXL	differential	AXL	protein	level	uncertain	Panel biomarker listing - no direction or aspect explicitly stated; defaulting to differential | level. Flag for review: may need protein/expression if context is known.
PMC_biomarker_sets	Multimarker detection panel KRT19	differential	KRT19	protein	level	uncertain	Panel biomarker listing - no direction or aspect explicitly stated; defaulting to differential | level. Flag for review: may need protein/expression if context is known.
PMC_biomarker_sets	Multimarker detection panel DKK1	differential	DKK1	protein	level	uncertain	Panel biomarker listing - no direction or aspect explicitly stated; defaulting to differential | level. Flag for review: may need protein/expression if context is known.
PMC_biomarker_sets	Multimarker detection panel IGF1	differential	IGF1	protein	level	uncertain	Panel biomarker listing - no direction or aspect explicitly stated; defaulting to differential | level. Flag for review: may need protein/expression if context is known.
PMC_biomarker_sets	Multimarker detection panel IL6	differential	IL6	protein	level	uncertain	Panel biomarker listing - no direction or aspect explicitly stated; defaulting to differential | level. Flag for review: may need protein/expression if context is known.
PMC_biomarker_sets	Inflammatory and immune panel ADIPOQ	differential	ADIPOQ	protein	level	uncertain	"This term indicates that ADIPOQ belongs to the immune-related panel, but does not specify whether it is elevated, reduced, expressed, mutated, or modified."
PMC_biomarker_sets	Inflammatory and immune panel CRP	differential	CRP	protein	level	uncertain	"This term indicates that CRP belongs to the immune-related panel, but does not specify whether it is elevated, reduced, expressed, mutated, or modified."
PMC_biomarker_sets	Inflammatory and immune panel F3	differential	F3	protein	level	uncertain	"This term indicates that F3 belongs to the immune-related panel, but does not specify whether it is elevated, reduced, expressed, mutated, or modified."
PMC_biomarker_sets	Inflammatory and immune panel CSF3	differential	CSF3	protein	level	uncertain	"This term indicates that CSF3 belongs to the immune-related panel, but does not specify whether it is elevated, reduced, expressed, mutated, or modified."
PMC_biomarker_sets	Inflammatory and immune panel IL1RN	differential	IL1RN	protein	level	uncertain	"This term indicates that IL1RN belongs to the immune-related panel, but does not specify whether it is elevated, reduced, expressed, mutated, or modified."
PMC_biomarker_sets	Inflammatory and immune panel IL6	differential	IL6	protein	level	uncertain	"This term indicates that IL6 belongs to the immune-related panel, but does not specify whether it is elevated, reduced, expressed, mutated, or modified."
PMC_biomarker_sets	Inflammatory and immune panel IL8	differential	IL8	protein	level	uncertain	"This term indicates that IL8 belongs to the immune-related panel, but does not specify whether it is elevated, reduced, expressed, mutated, or modified."
PMC_biomarker_sets	Inflammatory and immune panel LEP	differential	LEP	protein	level	uncertain	"This term indicates that LEP belongs to the immune-related panel, but does not specify whether it is elevated, reduced, expressed, mutated, or modified."
PMC_biomarker_sets	Inflammatory and immune panel CCL2	differential	CCL2	protein	level	uncertain	"This term indicates that CCL2 belongs to the immune-related panel, but does not specify whether it is elevated, reduced, expressed, mutated, or modified."
PMC_biomarker_sets	Inflammatory and immune panel MMP3	differential	MMP3	protein	level	uncertain	"This term indicates that MMP3 belongs to the immune-related panel, but does not specify whether it is elevated, reduced, expressed, mutated, or modified."
PMC_biomarker_sets	Inflammatory and immune panel PON1	differential	PON1	protein	level	uncertain	"This term indicates that PON1 belongs to the immune-related panel, but does not specify whether it is elevated, reduced, expressed, mutated, or modified."
PMC_biomarker_sets	Inflammatory and immune panel CCL5	differential	CCL5	protein	level	uncertain	"This term indicates that CCL5 belongs to the immune-related panel, but does not specify whether it is elevated, reduced, expressed, mutated, or modified."
PMC_biomarker_sets	Inflammatory and immune panel TNF	differential	TNF	protein	level	uncertain	"This term indicates that TNF belongs to the immune-related panel, but does not specify whether it is elevated, reduced, expressed, mutated, or modified."
PMC_biomarker_sets	Inflammatory and immune panel TNFRSF1A	differential	TNFRSF1A	protein	level	uncertain	"This term indicates that TNFRSF1A belongs to the immune-related panel, but does not specify whether it is elevated, reduced, expressed, mutated, or modified."
PMC_biomarker_sets	Inflammatory and immune panel TNFRSF1B	differential	TNFRSF1B	protein	level	uncertain	"This term indicates that TNFRSF1B belongs to the immune-related panel, but does not specify whether it is elevated, reduced, expressed, mutated, or modified."
PMC_biomarker_sets	Inflammatory and immune panel TNFSF10	differential	TNFSF10	protein	level	uncertain	"This term indicates that TNFRSF1B belongs to the immune-related panel, but does not specify whether it is elevated, reduced, expressed, mutated, or modified."
PMC_biomarker_sets	Inflammatory and immune panel VEGFA	differential	VEGFA	protein	level	uncertain	"This term indicates that VEGFA belongs to the immune-related panel, but does not specify whether it is elevated, reduced, expressed, mutated, or modified."
PMC_biomarker_sets	AKI Biomarker Panel LCN2	differential	LCN2	protein	level	uncertain	Panel biomarker listing - no direction or aspect explicitly stated; defaulting to differential | level. Flag for review: may need protein/expression if context is known.
PMC_biomarker_sets	AKI Biomarker Panel HAVCR1	differential	HAVCR1	protein	level	uncertain	Panel biomarker listing - no direction or aspect explicitly stated; defaulting to differential | level. Flag for review: may need protein/expression if context is known.
PMC_biomarker_sets	AKI Biomarker Panel TIMP2	differential	TIMP2	protein	level	uncertain	Panel biomarker listing - no direction or aspect explicitly stated; defaulting to differential | level. Flag for review: may need protein/expression if context is known.
PMC_biomarker_sets	AKI Biomarker Panel IGFBP7	differential	IGFBP7	protein	level	uncertain	Panel biomarker listing - no direction or aspect explicitly stated; defaulting to differential | level. Flag for review: may need protein/expression if context is known.
PMC_biomarker_sets	AKI Biomarker Panel AMBP	differential	AMBP	protein	level	uncertain	Panel biomarker listing - no direction or aspect explicitly stated; defaulting to differential | level. Flag for review: may need protein/expression if context is known.
PMC_biomarker_sets	AKI Biomarker Panel FABP1	differential	FABP1	protein	level	uncertain	Panel biomarker listing - no direction or aspect explicitly stated; defaulting to differential | level. Flag for review: may need protein/expression if context is known.
PMC_biomarker_sets	AKI Biomarker Panel UMOD	differential	UMOD	protein	level	uncertain	Panel biomarker listing - no direction or aspect explicitly stated; defaulting to differential | level. Flag for review: may need protein/expression if context is known.
PMC_biomarker_sets	AKI Biomarker Panel IL18	differential	IL18	protein	level	uncertain	Panel biomarker listing - no direction or aspect explicitly stated; defaulting to differential | level. Flag for review: may need protein/expression if context is known.
PMC_biomarker_sets	AKI Biomarker Panel CCL2	differential	CCL2	protein	level	uncertain	Panel biomarker listing - no direction or aspect explicitly stated; defaulting to differential | level. Flag for review: may need protein/expression if context is known.
PMC_biomarker_sets	Immune Cell Biomarker Panel CD19	differential	CD19	cell	level	uncertain	Panel biomarker listing - no direction or aspect explicitly stated; defaulting to differential | level. Flag for review: may need protein/expression if context is known.
PMC_biomarker_sets	Immune Cell Biomarker Panel CD22	differential	CD22	cell	level	uncertain	Panel biomarker listing - no direction or aspect explicitly stated; defaulting to differential | level. Flag for review: may need protein/expression if context is known.
PMC_biomarker_sets	Immune Cell Biomarker Panel CD79A	differential	CD79A	cell	level	uncertain	Panel biomarker listing - no direction or aspect explicitly stated; defaulting to differential | level. Flag for review: may need protein/expression if context is known.
PMC_biomarker_sets	Immune Cell Biomarker Panel CD4	differential	CD4	cell	level	uncertain	Panel biomarker listing - no direction or aspect explicitly stated; defaulting to differential | level. Flag for review: may need protein/expression if context is known.
PMC_biomarker_sets	Immune Cell Biomarker Panel CD8	differential	CD8	cell	level	uncertain	Panel biomarker listing - no direction or aspect explicitly stated; defaulting to differential | level. Flag for review: may need protein/expression if context is known.
PMC_biomarker_sets	Immune Cell Biomarker Panel CD80	differential	CD80	cell	level	uncertain	Panel biomarker listing - no direction or aspect explicitly stated; defaulting to differential | level. Flag for review: may need protein/expression if context is known.
PMC_biomarker_sets	Immune Cell Biomarker Panel CD86	differential	CD86	cell	level	uncertain	Panel biomarker listing - no direction or aspect explicitly stated; defaulting to differential | level. Flag for review: may need protein/expression if context is known.
PMC_biomarker_sets	Immune Cell Biomarker Panel NOS2	differential	NOS2	cell	level	uncertain	Panel biomarker listing - no direction or aspect explicitly stated; defaulting to differential | level. Flag for review: may need protein/expression if context is known.
PMC_biomarker_sets	Immune Cell Biomarker Panel CSF1R	differential	CSF1R	cell	level	uncertain	Panel biomarker listing - no direction or aspect explicitly stated; defaulting to differential | level. Flag for review: may need protein/expression if context is known.
PMC_biomarker_sets	Immune Cell Biomarker Panel CD163	differential	CD163	cell	level	uncertain	Panel biomarker listing - no direction or aspect explicitly stated; defaulting to differential | level. Flag for review: may need protein/expression if context is known.
PMC_biomarker_sets	Immune Cell Biomarker Panel MRC1	differential	MRC1	cell	level	uncertain	Panel biomarker listing - no direction or aspect explicitly stated; defaulting to differential | level. Flag for review: may need protein/expression if context is known.
PMC_biomarker_sets	Immune Cell Biomarker Panel PDCD1LG2	differential	PDCD1LG2	cell	level	uncertain	Panel biomarker listing - no direction or aspect explicitly stated; defaulting to differential | level. Flag for review: may need protein/expression if context is known.
PMC_biomarker_sets	Immune Cell Biomarker Panel NCR1	differential	NCR1	cell	level	uncertain	Panel biomarker listing - no direction or aspect explicitly stated; defaulting to differential | level. Flag for review: may need protein/expression if context is known.
PMC_biomarker_sets	Immune Cell Biomarker Panel SLAMF7	differential	SLAMF7	cell	level	uncertain	Panel biomarker listing - no direction or aspect explicitly stated; defaulting to differential | level. Flag for review: may need protein/expression if context is known.
PMC_biomarker_sets	Immune Cell Biomarker Panel CD47	differential	CD47	cell	level	uncertain	Panel biomarker listing - no direction or aspect explicitly stated; defaulting to differential | level. Flag for review: may need protein/expression if context is known.
PMC_biomarker_sets	Immune Cell Biomarker Panel ITGB1	differential	ITGB1	cell	level	uncertain	Panel biomarker listing - no direction or aspect explicitly stated; defaulting to differential | level. Flag for review: may need protein/expression if context is known.
PMC_biomarker_sets	Immune Cell Biomarker Panel ITGAX	differential	ITGAX	cell	level	uncertain	Panel biomarker listing - no direction or aspect explicitly stated; defaulting to differential | level. Flag for review: may need protein/expression if context is known.
PMC_biomarker_sets	Immune Cell Biomarker Panel CCR7	differential	CCR7	cell	level	uncertain	Panel biomarker listing - no direction or aspect explicitly stated; defaulting to differential | level. Flag for review: may need protein/expression if context is known.
PMC_biomarker_sets	Immune Cell Biomarker Panel ITGAM	differential	ITGAM	cell	level	uncertain	Panel biomarker listing - no direction or aspect explicitly stated; defaulting to differential | level. Flag for review: may need protein/expression if context is known.
PMC_biomarker_sets	Treatment Serum Biomarker Panel IL1B	differential	IL1B	protein	level	uncertain	Panel biomarker listing - no direction or aspect explicitly stated; defaulting to differential | level. Flag for review: may need protein/expression if context is known.
PMC_biomarker_sets	Treatment Serum Biomarker Panel PF4	differential	PF4	protein	level	uncertain	Panel biomarker listing - no direction or aspect explicitly stated; defaulting to differential | level. Flag for review: may need protein/expression if context is known.
PMC_biomarker_sets	Treatment Serum Biomarker Panel CCL27	differential	CCL27	protein	level	uncertain	Panel biomarker listing - no direction or aspect explicitly stated; defaulting to differential | level. Flag for review: may need protein/expression if context is known.
PMC_biomarker_sets	Treatment Serum Biomarker Panel WFDC2	differential	WFDC2	protein	level	uncertain	Panel biomarker listing - no direction or aspect explicitly stated; defaulting to differential | level. Flag for review: may need protein/expression if context is known.
PMC_biomarker_sets	Treatment Serum Biomarker Panel SOST	differential	SOST	protein	level	uncertain	Panel biomarker listing - no direction or aspect explicitly stated; defaulting to differential | level. Flag for review: may need protein/expression if context is known.
PMC_biomarker_sets	Treatment Serum Biomarker Panel CXCL6	differential	CXCL6	protein	level	uncertain	Panel biomarker listing - no direction or aspect explicitly stated; defaulting to differential | level. Flag for review: may need protein/expression if context is known.
PMC_biomarker_sets	Treatment Serum Biomarker Panel PDCD1	differential	PDCD1	protein	level	uncertain	Panel biomarker listing - no direction or aspect explicitly stated; defaulting to differential | level. Flag for review: may need protein/expression if context is known.
PMC_biomarker_sets	Treatment Serum Biomarker Panel LAIR1	differential	LAIR1	protein	level	uncertain	Panel biomarker listing - no direction or aspect explicitly stated; defaulting to differential | level. Flag for review: may need protein/expression if context is known.
PMC_biomarker_sets	Immune Markers for Metabolic Syndrome TNF	differential	TNF	protein	level	uncertain	"Immune marker term with identifiable entity, but no direction or specific measured aspect is stated."
PMC_biomarker_sets	Immune Markers for Metabolic Syndrome IL6	differential	IL6	protein	level	uncertain	"Immune marker term with identifiable entity, but no direction or specific measured aspect is stated."
PMC_biomarker_sets	Immune Markers for Metabolic Syndrome SERPINE1	differential	SERPINE1	protein	level	uncertain	"Immune marker term with identifiable entity, but no direction or specific measured aspect is stated."
PMC_biomarker_sets	Immune Markers for Metabolic Syndrome CCL2	differential	CCL2	protein	level	uncertain	"Immune marker term with identifiable entity, but no direction or specific measured aspect is stated."
PMC_biomarker_sets	Immune Markers for Metabolic Syndrome CRP	differential	CRP	protein	level	uncertain	"Immune marker term with identifiable entity, but no direction or specific measured aspect is stated."
PMC_biomarker_sets	Blood Biomarker Panel CD163	differential	CD163	protein	level	uncertain	Panel biomarker listing - no direction or aspect explicitly stated; defaulting to differential | level. Flag for review: may need protein/expression if context is known.
PMC_biomarker_sets	Blood Biomarker Panel GRN	differential	GRN	protein	level	uncertain	Panel biomarker listing - no direction or aspect explicitly stated; defaulting to differential | level. Flag for review: may need protein/expression if context is known.
PMC_biomarker_sets	Blood Biomarker Panel SPON1	differential	SPON1	protein	level	uncertain	Panel biomarker listing - no direction or aspect explicitly stated; defaulting to differential | level. Flag for review: may need protein/expression if context is known.
PMC_biomarker_sets	Blood Biomarker Panel PGLYRP1	differential	PGLYRP1	protein	level	uncertain	Panel biomarker listing - no direction or aspect explicitly stated; defaulting to differential | level. Flag for review: may need protein/expression if context is known.
PMC_biomarker_sets	Urinary Biomarker Panel ANKRD36C	differential	ANKRD36C	protein	level	uncertain	Panel biomarker listing - no direction or aspect explicitly stated; defaulting to differential | level. Flag for review: may need protein/expression if context is known.
PMC_biomarker_sets	Urinary Biomarker Panel CD99	differential	CD99	protein	level	uncertain	Panel biomarker listing - no direction or aspect explicitly stated; defaulting to differential | level. Flag for review: may need protein/expression if context is known.
PMC_biomarker_sets	Urinary Biomarker Panel COL1A1	differential	COL1A1	protein	level	uncertain	Panel biomarker listing - no direction or aspect explicitly stated; defaulting to differential | level. Flag for review: may need protein/expression if context is known.
PMC_biomarker_sets	Urinary Biomarker Panel COL2A1	differential	COL2A1	protein	level	uncertain	Panel biomarker listing - no direction or aspect explicitly stated; defaulting to differential | level. Flag for review: may need protein/expression if context is known.
PMC_biomarker_sets	Urinary Biomarker Panel COL3A1	differential	COL3A1	protein	level	uncertain	Panel biomarker listing - no direction or aspect explicitly stated; defaulting to differential | level. Flag for review: may need protein/expression if context is known.
PMC_biomarker_sets	Urinary Biomarker Panel COL5A1	differential	COL5A1	protein	level	uncertain	Panel biomarker listing - no direction or aspect explicitly stated; defaulting to differential | level. Flag for review: may need protein/expression if context is known.
PMC_biomarker_sets	Urinary Biomarker Panel COL6A1	differential	COL6A1	protein	level	uncertain	Panel biomarker listing - no direction or aspect explicitly stated; defaulting to differential | level. Flag for review: may need protein/expression if context is known.
PMC_biomarker_sets	Urinary Biomarker Panel COL8A1	differential	COL8A1	protein	level	uncertain	Panel biomarker listing - no direction or aspect explicitly stated; defaulting to differential | level. Flag for review: may need protein/expression if context is known.
PMC_biomarker_sets	Urinary Biomarker Panel COL11A1	differential	COL11A1	protein	level	uncertain	Panel biomarker listing - no direction or aspect explicitly stated; defaulting to differential | level. Flag for review: may need protein/expression if context is known.
PMC_biomarker_sets	Urinary Biomarker Panel COL14A1	differential	COL14A1	protein	level	uncertain	Panel biomarker listing - no direction or aspect explicitly stated; defaulting to differential | level. Flag for review: may need protein/expression if context is known.
PMC_biomarker_sets	Urinary Biomarker Panel COL15A1	differential	COL15A1	protein	level	uncertain	Panel biomarker listing - no direction or aspect explicitly stated; defaulting to differential | level. Flag for review: may need protein/expression if context is known.
PMC_biomarker_sets	Urinary Biomarker Panel COL4A2	differential	COL4A2	protein	level	uncertain	Panel biomarker listing - no direction or aspect explicitly stated; defaulting to differential | level. Flag for review: may need protein/expression if context is known.
PMC_biomarker_sets	Urinary Biomarker Panel COL4A3	differential	COL4A3	protein	level	uncertain	Panel biomarker listing - no direction or aspect explicitly stated; defaulting to differential | level. Flag for review: may need protein/expression if context is known.
PMC_biomarker_sets	Urinary Biomarker Panel COL4A4	differential	COL4A4	protein	level	uncertain	Panel biomarker listing - no direction or aspect explicitly stated; defaulting to differential | level. Flag for review: may need protein/expression if context is known.
PMC_biomarker_sets	Urinary Biomarker Panel FGA	differential	FGA	protein	level	uncertain	Panel biomarker listing - no direction or aspect explicitly stated; defaulting to differential | level. Flag for review: may need protein/expression if context is known.
PMC_biomarker_sets	Urinary Biomarker Panel FOXD2	differential	FOXD2	protein	level	uncertain	Panel biomarker listing - no direction or aspect explicitly stated; defaulting to differential | level. Flag for review: may need protein/expression if context is known.
PMC_biomarker_sets	Urinary Biomarker Panel NEB	differential	NEB	protein	level	uncertain	Panel biomarker listing - no direction or aspect explicitly stated; defaulting to differential | level. Flag for review: may need protein/expression if context is known.
PMC_biomarker_sets	Urinary Biomarker Panel PGLYRP1	differential	PGLYRP1	protein	level	uncertain	Panel biomarker listing - no direction or aspect explicitly stated; defaulting to differential | level. Flag for review: may need protein/expression if context is known.
PMC_biomarker_sets	Urinary Biomarker Panel PIGR	differential	PIGR	protein	level	uncertain	Panel biomarker listing - no direction or aspect explicitly stated; defaulting to differential | level. Flag for review: may need protein/expression if context is known.
mw	Biotinidase activity	differential	Biotinidase activity	protein	level	uncertain	"No direction is stated, so change = differential. The measured entity is biotinidase, an enzyme/protein encoded by BTD. The raw term specifically refers to enzyme activity, but activity is not available in the current aspect vocabulary, so level is used as the closest fallback and the term should be flagged."
mw	Increased LP432699-9 Gliadin 33 mer peptide	increased	LP432699-9 Gliadin 33 mer peptide	protein	level	mapped	Increased prefix _ level aspect (default for quantity terms)
mw	Increased Prostate-specific antigen (PSA)	increased	Prostate-specific antigen (PSA)	protein	level	mapped	Increased prefix _ level aspect (default for quantity terms)
mw	Increased Aspartate aminotransferase	increased	Aspartate aminotransferase	protein	level	mapped	Increased prefix _ level aspect (default for quantity terms)
mw	Increased Alpha-1-acid glycoprotein	increased	Alpha-1-acid glycoprotein	metabolite	level	mapped	Increased prefix _ level aspect (default for quantity terms)
mw	Decreased Alpha-1-acid glycoprotein	decreased	Alpha-1-acid glycoprotein	metabolite	level	mapped	Decreased prefix _ level aspect (default for quantity terms)
mw	Increased Glucose (C6H12O6)	increased	Glucose (C6H12O6)	metabolite	level	mapped	Increased prefix _ level aspect (default for quantity terms)
mw	Decreased Glucose (C6H12O6)	decreased	Glucose (C6H12O6)	metabolite	level	mapped	Decreased prefix _ level aspect (default for quantity terms)
mw	Increased Immunoglobulin E (IgE)	increased	Immunoglobulin E (IgE)	protein	level	mapped	Increased prefix _ level aspect (default for quantity terms)
mw	Increased liver stiffness	increased	liver stiffness	image	level	mapped	Increased prefix _ level aspect (default for quantity terms)
mw	Increased liver ultrasound attenuation	increased	liver ultrasound attenuation	image	level	mapped	Increased prefix _ level aspect (default for quantity terms)
mw	Increased Leukotriene E4	increased	Leukotriene E4	metabolite	level	mapped	Increased prefix _ level aspect (default for quantity terms)
mw	Increased Immunoglobulin light chains	increased	Immunoglobulin light chains	protein	level	mapped	Increased prefix _ level aspect (default for quantity terms)
mw	Increased Creatine kinase.MB	increased	Creatine kinase.MB	protein	level	mapped	Increased prefix _ level aspect (default for quantity terms)
mw	Increased recombinant prion protein (PrP)	increased	recombinant prion protein (PrP)	protein	level	mapped	Increased prefix _ level aspect (default for quantity terms)
mw	Increased Monoclonal Gammopathy	increased	Monoclonal Gammopathy	protein	level	mapped	Increased prefix _ level aspect (default for quantity terms)
mw	Increased Bence Jones protein	increased	Bence Jones protein	protein	level	mapped	Increased prefix _ level aspect (default for quantity terms)
mw	Monoclonal gammopathy isotypes	presence of	Monoclonal gammopathy isotypes	gene	/	cannot map	"Variant/isotype phrasing - presence of, sequence variation tentative; flag for review"
mw	Increased Monoclonal immunoglobulins	increased	Monoclonal immunoglobulins	protein	level	mapped	Increased prefix _ level aspect (default for quantity terms)
mw	Increased Sodium urate crystals	increased	Sodium urate crystals	element	level	mapped	Increased prefix _ level aspect (default for quantity terms)
mw	Increased Amyloid beta 42	increased	Amyloid beta 42	protein	level	mapped	Increased prefix _ level aspect (default for quantity terms)
mw	Increased Amyloid beta 40	increased	Amyloid beta 40	protein	level	mapped	Increased prefix _ level aspect (default for quantity terms)
mw	Increased Calcium oxalate	increased	Calcium oxalate	metabolite	level	mapped	Increased prefix _ level aspect (default for quantity terms)
mw	Increased Quinolinic acid	increased	Quinolinic acid	metabolite	level	mapped	Increased prefix _ level aspect (default for quantity terms)
mw	Increased Kynurenic acid	increased	Kynurenic acid	metabolite	level	mapped	Increased prefix _ level aspect (default for quantity terms)
mw	Increased CA 125	increased	CA 125	protein	level	mapped	Increased prefix _ level aspect (default for quantity terms)
mw	Increased phosphorylated tau protein at threonine 181	increased	phosphorylated tau protein at threonine 181	protein	modification	mapped	Increased phosphorylation _ modification aspect
mw	Increased 11-Ketotestosterone (11-KT)	increased	11-Ketotestosterone (11-KT)	protein	level	mapped	Increased prefix _ level aspect (default for quantity terms)
mw	Increased 11-Hydroxytestosterone (11-OHT)	increased	11-Hydroxytestosterone (11-OHT)	protein	level	mapped	Increased prefix _ level aspect (default for quantity terms)
mw	Increased 11oxC19 steroids	increased	11oxC19 steroids	protein	level	mapped	Increased prefix _ level aspect (default for quantity terms)
mw	Increased Fibroblast growth factor 23	increased	Fibroblast growth factor 23	protein	level	mapped	Increased prefix _ level aspect (default for quantity terms)
mw	Increased free light chains	increased	free light chains	protein	level	mapped	Increased prefix _ level aspect (default for quantity terms)
mw	Increased polyclonal free light chains	increased	polyclonal free light chains	protein	level	mapped	Increased prefix _ level aspect (default for quantity terms)
mw	"Increased DMA 16:0 (1,1-Dimethoxyhexadecane)"	increased	"DMA 16:0 (1,1-Dimethoxyhexadecane)"	lipid	level	mapped	Increased prefix _ level aspect (default for quantity terms)
mw	"Increased DMA 18:0 (1,1-Dimethoxyoctadecane)"	increased	"DMA 18:0 (1,1-Dimethoxyoctadecane)"	lipid	level	mapped	Increased prefix _ level aspect (default for quantity terms)
mw	"Increased DMA 18:1 (1,1-dimethoxy-(9Z)octadecene)"	increased	"DMA 18:1 (1,1-dimethoxy-(9Z)octadecene)"	lipid	level	mapped	Increased prefix _ level aspect (default for quantity terms)
mw	Increased DMA 16:0	increased	DMA 16:0	lipid	level	mapped	Increased prefix _ level aspect (default for quantity terms)
mw	Increased DMA 18:0	increased	DMA 18:0	lipid	level	mapped	Increased prefix _ level aspect (default for quantity terms)
mw	Increased DMA 18:1n9	increased	DMA 18:1n9	lipid	level	mapped	Increased prefix _ level aspect (default for quantity terms)
mw	Increased DMA 18:1	increased	DMA 18:1	lipid	level	mapped	Increased prefix _ level aspect (default for quantity terms)
mw	Decreased Alpha 1 antitrypsin	decreased	Alpha 1 antitrypsin	protein	level	mapped	Decreased prefix _ level aspect (default for quantity terms)
mw	Increased serum amyloid A	increased	serum amyloid A	protein	level	mapped	Increased prefix _ level aspect (default for quantity terms)
mw	Increased Luteinizing hormone (LH)	increased	Luteinizing hormone (LH)	protein	level	mapped	Increased prefix _ level aspect (default for quantity terms)
mw	Increased C-reactive protein (CRP)	increased	C-reactive protein (CRP)	protein	level	mapped	Increased prefix _ level aspect (default for quantity terms)
mw	Increased Acid phosphatase	increased	Acid phosphatase	metabolite	level	mapped	Increased prefix _ level aspect (default for quantity terms)
mw	Increased Carcinoembryonic antigen (CEA)	increased	Carcinoembryonic antigen (CEA)	protein	level	mapped	Increased prefix _ level aspect (default for quantity terms)
mw	Alpha Lipoprotein	differential	Alpha Lipoprotein	protein	level	uncertain	Entity named without change direction or aspect  defaulting to differential | level; flag for review
mw	Decreased Carnitine.free (C0)	decreased	Carnitine.free (C0)	metabolite	level	mapped	Decreased prefix _ level aspect (default for quantity terms)
mw	Decreased Prostate Specific Antigen	decreased	Prostate Specific Antigen	protein	level	mapped	Decreased prefix _ level aspect (default for quantity terms)
mw	Increased Triacylglycerol lipase	increased	Triacylglycerol lipase	protein	level	mapped	Increased prefix _ level aspect (default for quantity terms)
mw	Decreased Galactose-1-phosphate uridylyltransferase	decreased	Galactose-1-phosphate uridylyltransferase	protein	level	mapped	Decreased prefix _ level aspect (default for quantity terms)
mw	Increased dihydroxyacetone phosphate (DHAP)	increased	dihydroxyacetone phosphate (DHAP)	protein	level	mapped	Increased prefix _ level aspect (default for quantity terms)
mw	Increased Free kappa light chains	increased	Free kappa light chains	protein	level	mapped	Increased prefix _ level aspect (default for quantity terms)
mw	Increased kappa/lambda ratio	increased	kappa/lambda ratio	protein	level	mapped	Increased prefix _ level aspect (default for quantity terms)
mw	Increased kappa light chains	increased	kappa light chains	protein	level	mapped	Increased prefix _ level aspect (default for quantity terms)
mw	Decreased lambda light chains	decreased	lambda light chains	protein	level	mapped	Decreased prefix _ level aspect (default for quantity terms)
mw	Decreased HDL-bound cholesterol	decreased	HDL-bound cholesterol	lipid	level	mapped	Decreased prefix _ level aspect (default for quantity terms)
mw	Decreased Uroporphyrinogen III synthase	decreased	Uroporphyrinogen III synthase	protein	level	mapped	Decreased prefix _ level aspect (default for quantity terms)
mw	Increased Non-glucuronidated bilirubin	increased	Non-glucuronidated bilirubin	metabolite	level	mapped	Increased prefix _ level aspect (default for quantity terms)
mw	Increased Glucuronidated bilirubin	increased	Glucuronidated bilirubin	metabolite	level	mapped	Increased prefix _ level aspect (default for quantity terms)
mw	Increased or Decreased Sodium (Na)	increased	or Decreased Sodium (Na)	element	level	mapped	Increased prefix _ level aspect (default for quantity terms)
mw	Increased Alpha-1-fetoprotein (AFP)	increased	Alpha-1-fetoprotein (AFP)	protein	level	mapped	Increased prefix _ level aspect (default for quantity terms)
mw	Decreased Corticotropin-releasing hormone (CRH)	decreased	Corticotropin-releasing hormone (CRH)	protein	level	mapped	Decreased prefix _ level aspect (default for quantity terms)
mw	Decreased Pyruvate kinase	decreased	Pyruvate kinase	protein	level	mapped	Decreased prefix _ level aspect (default for quantity terms)
mw	Decreased Albumin to Globulin Ratio (A/G)	decreased	Albumin to Globulin Ratio (A/G)	protein	level	mapped	Decreased prefix _ level aspect (default for quantity terms)
mw	Increased Amino acids	increased	Amino acids	metabolite	level	mapped	Increased prefix _ level aspect (default for quantity terms)
mw	Increased Immunoglobulins (gamma fraction)	increased	Immunoglobulins (gamma fraction)	protein	level	mapped	Increased prefix _ level aspect (default for quantity terms)
mw	Increased Alpha 1 antitrypsin	increased	Alpha 1 antitrypsin	protein	level	mapped	Increased prefix _ level aspect (default for quantity terms)
mw	Increased Angiotensin converting enzyme (ACE)	increased	Angiotensin converting enzyme (ACE)	protein	level	mapped	Increased prefix _ level aspect (default for quantity terms)
mw	Decreased Angiotensin converting enzyme (ACE)	decreased	Angiotensin converting enzyme (ACE)	protein	level	mapped	Decreased prefix _ level aspect (default for quantity terms)
mw	Increased Pristanic acid	increased	Pristanic acid	lipid	level	mapped	Increased prefix _ level aspect (default for quantity terms)
mw	Increased Phytanic acid	increased	Phytanic acid	lipid	level	mapped	Increased prefix _ level aspect (default for quantity terms)
mw	Increased N-methylhistamine (NHM)	increased	N-methylhistamine (NHM)	protein	level	mapped	Increased prefix _ level aspect (default for quantity terms)
mw	Interleukin 12	differential	Interleukin 12	protein	level	uncertain	Entity named without change direction or aspect - defaulting to differential | level; flag for review
mw	Increased monoclonal free light chains	increased	monoclonal free light chains	protein	level	mapped	Increased prefix _ level aspect (default for quantity terms)
mw	Increased Free light chains (lambda)	increased	Free light chains (lambda)	protein	level	mapped	Increased prefix _ level aspect (default for quantity terms)
mw	"Increased Immunoglobulins (IgG, IgA, and IgM)"	increased	"Immunoglobulins (IgG, IgA, and IgM)"	protein	level	mapped	Increased prefix _ level aspect (default for quantity terms)
mw	Increased Prostatic Acid Phosphatase	increased	Prostatic Acid Phosphatase	metabolite	level	mapped	Increased prefix _ level aspect (default for quantity terms)
mw	Decreased pyridoxal 5 phosphate (P5P)	decreased	pyridoxal 5 phosphate (P5P)	protein	level	mapped	Decreased prefix _ level aspect (default for quantity terms)
mw	Decreased vitamin B6	decreased	vitamin B6	metabolite	level	mapped	Decreased prefix _ level aspect (default for quantity terms)
mw	Increased Prostaglandin E2	increased	Prostaglandin E2	metabolite	level	mapped	Increased prefix _ level aspect (default for quantity terms)
mw	Increased Prostaglandin E1	increased	Prostaglandin E1	metabolite	level	mapped	Increased prefix _ level aspect (default for quantity terms)
mw	Decreased Prostaglandin D2	decreased	Prostaglandin D2	metabolite	level	mapped	Decreased prefix _ level aspect (default for quantity terms)
mw	Increased Prostaglandin F2 alpha	increased	Prostaglandin F2 alpha	metabolite	level	mapped	Increased prefix _ level aspect (default for quantity terms)
mw	Decreased Prostate Specific Antigen (PSA)	decreased	Prostate Specific Antigen (PSA)	protein	level	mapped	Decreased prefix _ level aspect (default for quantity terms)
mw	Decreased Hexosaminidase A	decreased	Hexosaminidase A	protein	level	mapped	Decreased prefix _ level aspect (default for quantity terms)
mw	Decreased Hexosaminidase B	decreased	Hexosaminidase B	protein	level	mapped	Decreased prefix _ level aspect (default for quantity terms)
mw	Decreased Sialic acid	decreased	Sialic acid	metabolite	level	mapped	Decreased prefix _ level aspect (default for quantity terms)
mw	Decreased Beta aminoisobutyrate	decreased	Beta aminoisobutyrate	protein	level	mapped	Decreased prefix _ level aspect (default for quantity terms)
mw	Increased Beta aminoisobutyrate	increased	Beta aminoisobutyrate	protein	level	mapped	Increased prefix _ level aspect (default for quantity terms)
mw	Increased or Decreased Alpha-Aminobutyric Acid (AABA)	increased	or Decreased Alpha-Aminobutyric Acid (AABA)	metabolite	level	mapped	Increased prefix _ level aspect (default for quantity terms)
mw	Increased HDL Cholesterol	increased	HDL Cholesterol	lipid	level	mapped	Increased prefix _ level aspect (default for quantity terms)
mw	Increased LDL Cholesterol	increased	LDL Cholesterol	lipid	level	mapped	Increased prefix _ level aspect (default for quantity terms)
mw	Increased Beta-2-Microglobulin (_2-M)	increased	Beta-2-Microglobulin (_2-M)	protein	level	mapped	Increased prefix _ level aspect (default for quantity terms)
mw	Increased Triple Phosphate Crystals	increased	Triple Phosphate Crystals	protein	level	mapped	Increased prefix _ level aspect (default for quantity terms)
mw	Interleukin 1 beta	differential	Interleukin 1 beta	protein	level	uncertain	Entity named without change direction or aspect - defaulting to differential | level; flag for review
mw	Increased Alpha aminobutyrate	increased	Alpha aminobutyrate	metabolite	level	mapped	Increased prefix _ level aspect (default for quantity terms)
mw	Increased 2-Ethylhydracrylate (2-EHA)	increased	2-Ethylhydracrylate (2-EHA)	protein	level	mapped	Increased prefix _ level aspect (default for quantity terms)
mw	Increased HMVA (2-Hydroxy-3-Methylvaleric acid)	increased	HMVA (2-Hydroxy-3-Methylvaleric acid)	metabolite	level	mapped	Increased prefix _ level aspect (default for quantity terms)
mw	Increased Beta hydroxybutyrate	increased	Beta hydroxybutyrate	protein	level	mapped	Increased prefix _ level aspect (default for quantity terms)
mw	Increased 4-Hydroxyphenylpyruvic acid	increased	4-Hydroxyphenylpyruvic acid	metabolite	level	mapped	Increased prefix _ level aspect (default for quantity terms)
mw	Increased LP32035-5 Creatinine	increased	LP32035-5 Creatinine	metabolite	level	mapped	Increased prefix _ level aspect (default for quantity terms)
mw	Increased LP15312-9 Acetoacetate	increased	LP15312-9 Acetoacetate	protein	level	mapped	Increased prefix _ level aspect (default for quantity terms)
mw	Increased Adipate (adipic acid)	increased	Adipate (adipic acid)	metabolite	level	mapped	Increased prefix _ level aspect (default for quantity terms)
mw	Increased Decenedioic acid	increased	Decenedioic acid	metabolite	level	mapped	Increased prefix _ level aspect (default for quantity terms)
mw	Increased Ethylmalonic acid	increased	Ethylmalonic acid	metabolite	level	mapped	Increased prefix _ level aspect (default for quantity terms)
mw	Increased Fumarate Fumaric acid	increased	Fumarate Fumaric acid	metabolite	level	mapped	Increased prefix _ level aspect (default for quantity terms)
mw	Increased Methylsuccinic acid	increased	Methylsuccinic acid	metabolite	level	mapped	Increased prefix _ level aspect (default for quantity terms)
mw	Increased Phenylpyruvate Phenylpyruvic acid	increased	Phenylpyruvate Phenylpyruvic acid	metabolite	level	mapped	Increased prefix _ level aspect (default for quantity terms)
mw	Increased Succinic acid	increased	Succinic acid	metabolite	level	mapped	Increased prefix _ level aspect (default for quantity terms)
mw	Increased LP15872-2 Succinylacetone	increased	LP15872-2 Succinylacetone	protein	level	mapped	Increased prefix _ level aspect (default for quantity terms)
mw	Increased Lactate dehydrogenase	increased	Lactate dehydrogenase	metabolite	level	mapped	Increased prefix _ level aspect (default for quantity terms)
mw	Increased Insulin-like growth factor-I	increased	Insulin-like growth factor-I	protein	level	mapped	Increased prefix _ level aspect (default for quantity terms)
mw	Increased Tumor necrosis factor-alpha	increased	Tumor necrosis factor-alpha	protein	level	mapped	Increased prefix _ level aspect (default for quantity terms)
mw	Increased Orotic acid	increased	Orotic acid	metabolite	level	mapped	Increased prefix _ level aspect (default for quantity terms)
mw	Increased Methylcitric acid	increased	Methylcitric acid	metabolite	level	mapped	Increased prefix _ level aspect (default for quantity terms)
mw	Increased or Decreased testosterone	increased	or Decreased testosterone	protein	level	mapped	Increased prefix _ level aspect (default for quantity terms)
mw	Increased Total Protein	increased	Total Protein	protein	level	mapped	Increased prefix _ level aspect (default for quantity terms)
mw	Decreased Transthyretin (TTR)	decreased	Transthyretin (TTR)	protein	level	mapped	Decreased prefix _ level aspect (default for quantity terms)
mw	Increased Transthyretin (TTR)	increased	Transthyretin (TTR)	protein	level	mapped	Increased prefix _ level aspect (default for quantity terms)
mw	Increased Lactic acid	increased	Lactic acid	metabolite	level	mapped	Increased prefix _ level aspect (default for quantity terms)
mw	Increased Collagen crosslinked N-telopeptide	increased	Collagen crosslinked N-telopeptide	protein	level	mapped	Increased prefix _ level aspect (default for quantity terms)
mw	Increased Direct Bilirubin	increased	Direct Bilirubin	metabolite	level	mapped	Increased prefix _ level aspect (default for quantity terms)
mw	Increased N-methylimidazoleacetate (N-tau MIAA)	increased	N-methylimidazoleacetate (N-tau MIAA)	protein	level	mapped	Increased prefix _ level aspect (default for quantity terms)
mw	Increased Tissue polypeptide antigen (TPA)	increased	Tissue polypeptide antigen (TPA)	protein	level	mapped	Increased prefix _ level aspect (default for quantity terms)
mw	Increased Tissue Polypeptide Specific Antigen (TPS)	increased	Tissue Polypeptide Specific Antigen (TPS)	protein	level	mapped	Increased prefix _ level aspect (default for quantity terms)
mw	Increased Titratable Acid	increased	Titratable Acid	metabolite	level	mapped	Increased prefix _ level aspect (default for quantity terms)
mw	Increased Alkaline phosphatase isoenzymes	increased	Alkaline phosphatase isoenzymes	protein	level	mapped	Increased prefix _ level aspect (default for quantity terms)
mw	Increased Bile Acid	increased	Bile Acid	metabolite	level	mapped	Increased prefix _ level aspect (default for quantity terms)
mw	Increased Coproporphyrin I	increased	Coproporphyrin I	protein	level	mapped	Increased prefix _ level aspect (default for quantity terms)
mw	Increased Coproporphyrin III	increased	Coproporphyrin III	protein	level	mapped	Increased prefix _ level aspect (default for quantity terms)
mw	Increased Vitamin B12	increased	Vitamin B12	metabolite	level	mapped	Increased prefix _ level aspect (default for quantity terms)
mw	Increased	increased		protein	level	cannot map	Change direction stated but entity is missing - cannot map without entity
mw	Decreased	decreased		protein	level	cannot map	Change direction stated but entity is missing - cannot map without entity
mw	Increased Calcium Oxalate (CaOx)	increased	Calcium Oxalate (CaOx)	metabolite	level	mapped	Increased prefix _ level aspect (default for quantity terms)
mw	Increased Free T4	increased	Free T4	protein	level	mapped	Increased prefix _ level aspect (default for quantity terms)
mw	Decreased Free T4	decreased	Free T4	protein	level	mapped	Decreased prefix _ level aspect (default for quantity terms)
mw	Increased Free T3	increased	Free T3	protein	level	mapped	Increased prefix _ level aspect (default for quantity terms)
mw	Decreased Free T3	decreased	Free T3	protein	level	mapped	Decreased prefix _ level aspect (default for quantity terms)
mw	Increased Uroporphyrin I	increased	Uroporphyrin I	protein	level	mapped	Increased prefix _ level aspect (default for quantity terms)
mw	Increased Uroporphyrin III	increased	Uroporphyrin III	protein	level	mapped	Increased prefix _ level aspect (default for quantity terms)
mw	Increased Vanillylmandelic acid (VMA)	increased	Vanillylmandelic acid (VMA)	metabolite	level	mapped	Increased prefix _ level aspect (default for quantity terms)
mw	Increased Bone alkaline phosphatase (B-ALP)	increased	Bone alkaline phosphatase (B-ALP)	protein	level	mapped	Increased prefix _ level aspect (default for quantity terms)
mw	Increased Alkaline phosphatase	increased	Alkaline phosphatase	protein	level	mapped	Increased prefix _ level aspect (default for quantity terms)
mw	Increased Placental Alkaline Phosphatase (P-ALP)	increased	Placental Alkaline Phosphatase (P-ALP)	protein	level	mapped	Increased prefix _ level aspect (default for quantity terms)
mw	Increased Angiotensin II	increased	Angiotensin II	protein	level	mapped	Increased prefix _ level aspect (default for quantity terms)
mw	Increased Creatine kinase.BB	increased	Creatine kinase.BB	protein	level	mapped	Increased prefix _ level aspect (default for quantity terms)
mw	Increased Enolase.neuron specific	increased	Enolase.neuron specific	protein	level	mapped	Increased prefix _ level aspect (default for quantity terms)
mw	Increased aniline dyes	increased	aniline dyes	protein	level	mapped	Increased prefix _ level aspect (default for quantity terms)
mw	Decreased Alkaline phosphatase	decreased	Alkaline phosphatase	protein	level	mapped	Decreased prefix _ level aspect (default for quantity terms)
mw	Increased serum free light chains	increased	serum free light chains	protein	level	mapped	Increased prefix _ level aspect (default for quantity terms)
mw	Increased Immunoglobulin light chains.kappa	increased	Immunoglobulin light chains.kappa	protein	level	mapped	Increased prefix _ level aspect (default for quantity terms)
mw	Decreased calciferol (vitamin D2)	decreased	calciferol (vitamin D2)	metabolite	level	mapped	Decreased prefix _ level aspect (default for quantity terms)
mw	Increased Prostatic acid phosphatase	increased	Prostatic acid phosphatase	metabolite	level	mapped	Increased prefix _ level aspect (default for quantity terms)
mw	Increased Alanine aminotransferase (ALT)	increased	Alanine aminotransferase (ALT)	protein	level	mapped	Increased prefix _ level aspect (default for quantity terms)
mw	Increased Aspartate aminotransferase (AST)	increased	Aspartate aminotransferase (AST)	protein	level	mapped	Increased prefix _ level aspect (default for quantity terms)
mw	Increased Butyric acid	increased	Butyric acid	metabolite	level	mapped	Increased prefix _ level aspect (default for quantity terms)
mw	Increased C-reactive protein	increased	C-reactive protein	protein	level	mapped	Increased prefix _ level aspect (default for quantity terms)
mw	Decreased Cerebroside sulfatase	decreased	Cerebroside sulfatase	protein	level	mapped	Decreased prefix _ level aspect (default for quantity terms)
upkb_reviewed_v2	DEFB126 mutation	presence of	DEFB126	gene	sequence variation	mapped	MUTATION/oncogenic mutation keyword _ sequence variation
upkb_reviewed_v2	loss of function of DDHD1	presence of	DDHD1	gene	sequence variation	uncertain	“loss of function” indicates the presence of a functional-impact variant rather than a decreased biomarker level. 
upkb_reviewed_v2	variants of osteopontin	presence of	variants of osteopontin	gene	sequence variation	uncertain	"Variant/isotype phrasing - presence of, sequence variation tentative; flag for review"
upkb_reviewed_v2	MITF-M inframe deletions	presence of	MITF-M	gene	sequence variation	mapped	Inframe deletion/insertion _ sequence variation
cgi	ABL1:E255K	presence of	ABL1	gene	sequence variation	mapped	HGVS protein notation E255K in gene ABL1 _ sequence variation
cgi	ABL1:F359V	presence of	ABL1	gene	sequence variation	mapped	HGVS protein notation F359V in gene ABL1 _ sequence variation
cgi	ABL1:I242T	presence of	ABL1	gene	sequence variation	mapped	HGVS protein notation I242T in gene ABL1 _ sequence variation
cgi	ABL1:T315A	presence of	ABL1	gene	sequence variation	mapped	HGVS protein notation T315A in gene ABL1 _ sequence variation
cgi	ABL1:T315I	presence of	ABL1	gene	sequence variation	mapped	HGVS protein notation T315I in gene ABL1 _ sequence variation
cgi	ABL1:V299L	presence of	ABL1	gene	sequence variation	mapped	HGVS protein notation V299L in gene ABL1 _ sequence variation
cgi	ABL1-BCR fusion	presence of	ABL1-BCR	gene	sequence variation	mapped	Fusion/rearrangement keyword _ sequence variation
cgi	AKT1:E17K	presence of	AKT1	gene	sequence variation	mapped	HGVS protein notation E17K in gene AKT1 _ sequence variation
cgi	AKT1:H238Y	presence of	AKT1	gene	sequence variation	mapped	HGVS protein notation H238Y in gene AKT1 _ sequence variation
cgi	AKT1:Q79K	presence of	AKT1	gene	sequence variation	mapped	HGVS protein notation Q79K in gene AKT1 _ sequence variation
cgi	AKT3 fusion	presence of	AKT3	gene	sequence variation	mapped	Fusion/rearrangement keyword _ sequence variation
cgi	ALK oncogenic mutation	presence of	ALK	gene	sequence variation	mapped	MUTATION/oncogenic mutation keyword _ sequence variation
cgi	1151T					cannot map	No pattern matched 
cgi	ALK:C1156Y	presence of	ALK	gene	sequence variation	mapped	HGVS protein notation C1156Y in gene ALK _ sequence variation
cgi	ALK:E1408V	presence of	ALK	gene	sequence variation	mapped	HGVS protein notation E1408V in gene ALK _ sequence variation
cgi	ALK:F1174L	presence of	ALK	gene	sequence variation	mapped	HGVS protein notation F1174L in gene ALK _ sequence variation
cgi	ALK:F856S	presence of	ALK	gene	sequence variation	mapped	HGVS protein notation F856S in gene ALK _ sequence variation
cgi	ALK:G1123S	presence of	ALK	gene	sequence variation	mapped	HGVS protein notation G1123S in gene ALK _ sequence variation
cgi	ALK:I1171T	presence of	ALK	gene	sequence variation	mapped	HGVS protein notation I1171T in gene ALK _ sequence variation
cgi	ALK:L1196M	presence of	ALK	gene	sequence variation	mapped	HGVS protein notation L1196M in gene ALK _ sequence variation
cgi	ALK:L1198F	presence of	ALK	gene	sequence variation	mapped	HGVS protein notation L1198F in gene ALK _ sequence variation
cgi	ALK:R1275Q	presence of	ALK	gene	sequence variation	mapped	HGVS protein notation R1275Q in gene ALK _ sequence variation
cgi	ALK fusion	presence of	ALK	gene	sequence variation	mapped	Fusion/rearrangement keyword _ sequence variation
cgi	APC oncogenic mutation	presence of	APC	gene	sequence variation	mapped	MUTATION/oncogenic mutation keyword _ sequence variation
cgi	AR:F877L	presence of	AR	gene	sequence variation	mapped	HGVS protein notation F877L in gene AR _ sequence variation
cgi	AR (F877L) + AR (T878A)	presence of	AR	gene	sequence variation	mapped	"AR (F877L) + AR (T878A)"" represents a specific co-mutation profile within the androgen receptor gene. "
cgi	AR:L702H	presence of	AR	gene	sequence variation	mapped	HGVS protein notation L702H in gene AR _ sequence variation
cgi	AR:T878A	presence of	AR	gene	sequence variation	mapped	HGVS protein notation T878A in gene AR _ sequence variation
cgi	ARAF oncogenic mutation	presence of	ARAF	gene	sequence variation	mapped	MUTATION/oncogenic mutation keyword _ sequence variation
cgi	ARAF:S214C	presence of	ARAF	gene	sequence variation	mapped	HGVS protein notation S214C in gene ARAF _ sequence variation
cgi	ARID1A oncogenic mutation	presence of	ARID1A	gene	sequence variation	mapped	MUTATION/oncogenic mutation keyword _ sequence variation
cgi	ARID1A oncogenic mutation + ANXA1 overexpression	presence of				cannot map	"This term includes two biomarker events,so I suggest splitting them into two separate ones for processing."
cgi	ARID1A amplification + ANXA1 overexpression	increased				cannot map	"This term includes two biomarker events,so I suggest splitting them into two separate ones for processing."
cgi	ATM oncogenic mutation	presence of	ATM	gene	sequence variation	mapped	MUTATION/oncogenic mutation keyword _ sequence variation
cgi	ATM deletion	presence of	ATM	gene	sequence variation	mapped	DELETION keyword _ sequence variation (loss of genetic material)
cgi	ATR oncogenic mutation	presence of	ATR	gene	sequence variation	mapped	MUTATION/oncogenic mutation keyword _ sequence variation
cgi	ATR deletion	presence of	ATR	gene	sequence variation	mapped	DELETION keyword _ sequence variation (loss of genetic material)
cgi	BAP1 oncogenic mutation	presence of	BAP1	gene	sequence variation	mapped	MUTATION/oncogenic mutation keyword _ sequence variation
cgi	BAP1 deletion	presence of	BAP1	gene	sequence variation	mapped	DELETION keyword _ sequence variation (loss of genetic material)
cgi	BCOR oncogenic mutation	presence of	BCOR	gene	sequence variation	mapped	MUTATION/oncogenic mutation keyword _ sequence variation
cgi	"BRAF inframe deletion (L485),inframe deletion (P490)"	presence of	BRAF	gene	sequence variation	mapped	DELETION keyword _ sequence variation (loss of genetic material)
cgi	BRAF:D594G	presence of	BRAF	gene	sequence variation	mapped	HGVS protein notation D594G in gene BRAF _ sequence variation
cgi	BRAF:G466V	presence of	BRAF	gene	sequence variation	mapped	HGVS protein notation G466V in gene BRAF _ sequence variation
cgi	BRAF (G469A) + EGFR oncogenic mutation	presence of	BRAF	gene	sequence variation	mapped	MUTATION/oncogenic mutation keyword _ sequence variation
cgi	BRAF:K601R	presence of	BRAF	gene	sequence variation	mapped	HGVS protein notation K601R in gene BRAF _ sequence variation
cgi	BRAF:L485W	presence of	BRAF	gene	sequence variation	mapped	HGVS protein notation L485W in gene BRAF _ sequence variation
cgi	BRAF:L597R	presence of	BRAF	gene	sequence variation	mapped	HGVS protein notation L597R in gene BRAF _ sequence variation
cgi	BRAF (V600)	presence of	BRAF	gene	sequence variation	mapped	Gene + amino acid position notation _ sequence variation
cgi	BRAF:V600D	presence of	BRAF	gene	sequence variation	mapped	HGVS protein notation V600D in gene BRAF _ sequence variation
cgi	BRAF:V600E	presence of	BRAF	gene	sequence variation	mapped	HGVS protein notation V600E in gene BRAF _ sequence variation
cgi	BRAF:V600R	presence of	BRAF	gene	sequence variation	mapped	HGVS protein notation V600R in gene BRAF _ sequence variation
cgi	BRAF:Y472C	presence of	BRAF	gene	sequence variation	mapped	HGVS protein notation Y472C in gene BRAF _ sequence variation
cgi	BRAF fusion	presence of	BRAF	gene	sequence variation	mapped	Fusion/rearrangement keyword _ sequence variation
cgi	BRCA1 oncogenic mutation	presence of	BRCA1	gene	sequence variation	mapped	MUTATION/oncogenic mutation keyword _ sequence variation
cgi	BRCA1 deletion	presence of	BRCA1	gene	sequence variation	mapped	DELETION keyword _ sequence variation (loss of genetic material)
cgi	BRCA2 oncogenic mutation	presence of	BRCA2	gene	sequence variation	mapped	MUTATION/oncogenic mutation keyword _ sequence variation
cgi	BRCA2 deletion	presence of	BRCA2	gene	sequence variation	mapped	DELETION keyword _ sequence variation (loss of genetic material)
cgi	BTK (C481)	differential	BTK	gene	sequence variation	uncertain	"Only the altered sites were provided, but the specific direction of change was not indicated."
cgi	BTK:C481S	presence of	BTK	gene	sequence variation	mapped	HGVS protein notation C481S in gene BTK _ sequence variation
cgi	CD69 undexpression	decreased	CD69	protein	expression	mapped	UNDEREXPRESSION _ decreased expression
cgi	CDH1 oncogenic mutation	presence of	CDH1	gene	sequence variation	mapped	MUTATION/oncogenic mutation keyword _ sequence variation
cgi	CDK12 oncogenic mutation	presence of	CDK12	gene	sequence variation	mapped	MUTATION/oncogenic mutation keyword _ sequence variation
cgi	CDK4 oncogenic mutation	presence of	CDK4	gene	sequence variation	mapped	MUTATION/oncogenic mutation keyword _ sequence variation
cgi	CDK4 amplification + RB1 expression					cannot map	"This term includes two biomarker events,so I suggest splitting them into two separate ones for processing."
cgi	CDK6 oncogenic mutation	presence of	CDK6	gene	sequence variation	mapped	MUTATION/oncogenic mutation keyword _ sequence variation
cgi	CDKN1A oncogenic mutation	presence of	CDKN1A	gene	sequence variation	mapped	MUTATION/oncogenic mutation keyword _ sequence variation
cgi	CDKN1A deletion	presence of	CDKN1A	gene	sequence variation	mapped	DELETION keyword _ sequence variation (loss of genetic material)
cgi	CDKN1B oncogenic mutation	presence of	CDKN1B	gene	sequence variation	mapped	MUTATION/oncogenic mutation keyword _ sequence variation
cgi	CDKN1B deletion	presence of	CDKN1B	gene	sequence variation	mapped	DELETION keyword _ sequence variation (loss of genetic material)
cgi	CDKN2A oncogenic mutation	presence of	CDKN2A	gene	sequence variation	mapped	MUTATION/oncogenic mutation keyword _ sequence variation
cgi	CDKN2A deletion	presence of	CDKN2A	gene	sequence variation	mapped	DELETION keyword _ sequence variation (loss of genetic material)
cgi	CDKN2B oncogenic mutation	presence of	CDKN2B	gene	sequence variation	mapped	MUTATION/oncogenic mutation keyword _ sequence variation
cgi	CDKN2B deletion	presence of	CDKN2B	gene	sequence variation	mapped	DELETION keyword _ sequence variation (loss of genetic material)
cgi	CDKN2C oncogenic mutation	presence of	CDKN2C	gene	sequence variation	mapped	MUTATION/oncogenic mutation keyword _ sequence variation
cgi	CDKN2C deletion	presence of	CDKN2C	gene	sequence variation	mapped	DELETION keyword _ sequence variation (loss of genetic material)
cgi	CHEK2 oncogenic mutation	presence of	CHEK2	gene	sequence variation	mapped	MUTATION/oncogenic mutation keyword _ sequence variation
cgi	CHEK2 deletion	presence of	CHEK2	gene	sequence variation	mapped	DELETION keyword _ sequence variation (loss of genetic material)
cgi	CRBN oncogenic mutation	presence of	CRBN	gene	sequence variation	mapped	MUTATION/oncogenic mutation keyword _ sequence variation
cgi	CRBN:Q100*	differential	CRBN	gene	sequence variation	uncertain	"Only the altered sites were provided, but the specific direction of change was not indicated."
cgi	CRBN undexpression	decreased	CRBN	protein	expression	mapped	UNDEREXPRESSION _ decreased expression
cgi	CRLF2 fusion	presence of	CRLF2	gene	sequence variation	mapped	Fusion/rearrangement keyword _ sequence variation
cgi	"CSF3R frameshift variant (D771),frameshift variant (S783)"	presence of	CSF3R	gene	sequence variation	mapped	FRAMESHIFT _ sequence variation (insertion/deletion causing frame shift)
cgi	CTNNB1 oncogenic mutation	presence of	CTNNB1	gene	sequence variation	mapped	MUTATION/oncogenic mutation keyword _ sequence variation
cgi	CTNNB1:H36Y	presence of	CTNNB1	gene	sequence variation	mapped	HGVS protein notation H36Y in gene CTNNB1 _ sequence variation
cgi	DDR2:I638F	presence of	DDR2	gene	sequence variation	mapped	HGVS protein notation I638F in gene DDR2 _ sequence variation
cgi	DDR2:S768R	presence of	DDR2	gene	sequence variation	mapped	HGVS protein notation S768R in gene DDR2 _ sequence variation
cgi	DNMT3A oncogenic mutation	presence of	DNMT3A	gene	sequence variation	mapped	MUTATION/oncogenic mutation keyword _ sequence variation
cgi	DPYD biallelic inactivation	presence of	DPYD	gene	sequence variation	mapped	Inactivation _ loss of function sequence variation
cgi	DPYD splice donor variant	presence of	DPYD	gene	sequence variation	mapped	Splice site variant _ sequence variation
cgi	DPYD:I560S	presence of	DPYD	gene	sequence variation	mapped	HGVS protein notation I560S in gene DPYD _ sequence variation
cgi	EGFR inframe deletion (30-336)	presence of	EGFR	gene	sequence variation	mapped	DELETION keyword _ sequence variation (loss of genetic material)
cgi	EGFR inframe deletion (6-273)	presence of	EGFR	gene	sequence variation	mapped	DELETION keyword _ sequence variation (loss of genetic material)
cgi	EGFR exon 19 deletions	presence of	EGFR	gene	sequence variation	mapped	Exon-level insertion/deletion/mutation _ sequence variation
cgi	EGFR exon 19 insertions	presence of	EGFR	gene	sequence variation	mapped	Exon-level insertion/deletion/mutation _ sequence variation
cgi	EGFR exon 20 insertions	presence of	EGFR	gene	sequence variation	mapped	Exon-level insertion/deletion/mutation _ sequence variation
cgi	769-770					cannot map	No pattern matched 
cgi	EGFR:A289V	presence of	EGFR	gene	sequence variation	mapped	HGVS protein notation A289V in gene EGFR _ sequence variation
cgi	EGFR:C797S	presence of	EGFR	gene	sequence variation	mapped	HGVS protein notation C797S in gene EGFR _ sequence variation
cgi	EGFR:D761Y	presence of	EGFR	gene	sequence variation	mapped	HGVS protein notation D761Y in gene EGFR _ sequence variation
cgi	EGFR:E690K	presence of	EGFR	gene	sequence variation	mapped	HGVS protein notation E690K in gene EGFR _ sequence variation
cgi	EGFR:G465R	presence of	EGFR	gene	sequence variation	mapped	HGVS protein notation G465R in gene EGFR _ sequence variation
cgi	EGFR:K757R	presence of	EGFR	gene	sequence variation	mapped	HGVS protein notation K757R in gene EGFR _ sequence variation
cgi	EGFR (L718)	presence of	EGFR	gene	sequence variation	mapped	Gene + amino acid position notation _ sequence variation
cgi	EGFR (L792)	presence of	EGFR	gene	sequence variation	mapped	Gene + amino acid position notation _ sequence variation
cgi	EGFR:L798I	presence of	EGFR	gene	sequence variation	mapped	HGVS protein notation L798I in gene EGFR _ sequence variation
cgi	EGFR:L858R	presence of	EGFR	gene	sequence variation	mapped	HGVS protein notation L858R in gene EGFR _ sequence variation
cgi	"EGFR (L858R,L861,G719,S768I)"					cannot map	No pattern matched 
cgi	EGFR:L861Q	presence of	EGFR	gene	sequence variation	mapped	HGVS protein notation L861Q in gene EGFR _ sequence variation
cgi	EGFR:S464L	presence of	EGFR	gene	sequence variation	mapped	HGVS protein notation S464L in gene EGFR _ sequence variation
cgi	EGFR:S492R	presence of	EGFR	gene	sequence variation	mapped	HGVS protein notation S492R in gene EGFR _ sequence variation
cgi	EGFR (S720)	presence of	EGFR	gene	sequence variation	mapped	Gene + amino acid position notation _ sequence variation
cgi	EGFR:T790M	presence of	EGFR	gene	sequence variation	mapped	HGVS protein notation T790M in gene EGFR _ sequence variation
cgi	EGFR-RAD51 fusion	presence of	EGFR-RAD51	gene	sequence variation	mapped	Fusion/rearrangement keyword _ sequence variation
cgi	EPHA2:G391R	presence of	EPHA2	gene	sequence variation	mapped	HGVS protein notation G391R in gene EPHA2 _ sequence variation
cgi	ERBB2 oncogenic mutation	presence of	ERBB2	gene	sequence variation	mapped	MUTATION/oncogenic mutation keyword _ sequence variation
cgi	780GSP					cannot map	No pattern matched 
cgi	ERBB2 proximal exon 20					cannot map	No pattern matched 
cgi	A775YVMA					cannot map	No pattern matched 
cgi	P780GSP					cannot map	No pattern matched 
cgi	ERBB2:D769Y	presence of	ERBB2	gene	sequence variation	mapped	HGVS protein notation D769Y in gene ERBB2 _ sequence variation
cgi	ERBB2:G309E	presence of	ERBB2	gene	sequence variation	mapped	HGVS protein notation G309E in gene ERBB2 _ sequence variation
cgi	ERBB2:G776L	presence of	ERBB2	gene	sequence variation	mapped	HGVS protein notation G776L in gene ERBB2 _ sequence variation
cgi	ERBB2:K753E	presence of	ERBB2	gene	sequence variation	mapped	HGVS protein notation K753E in gene ERBB2 _ sequence variation
cgi	ERBB2:L755S	presence of	ERBB2	gene	sequence variation	mapped	HGVS protein notation L755S in gene ERBB2 _ sequence variation
cgi	ERBB2:L869R	presence of	ERBB2	gene	sequence variation	mapped	HGVS protein notation L869R in gene ERBB2 _ sequence variation
cgi	"ERBB2 (S310,L755,V777)"					cannot map	No pattern matched 
cgi	ERBB2:T798I	presence of	ERBB2	gene	sequence variation	mapped	HGVS protein notation T798I in gene ERBB2 _ sequence variation
cgi	ERBB2:V659E	presence of	ERBB2	gene	sequence variation	mapped	HGVS protein notation V659E in gene ERBB2 _ sequence variation
cgi	ERBB2 expression + ESR1 overexpression	/	ERBB2_ESR1	protein	expression	cannot map	"The term includes two biomarkers,and I can't  map two terms in a single entry."
cgi	ERBB3:G284R	presence of	ERBB3	gene	sequence variation	mapped	HGVS protein notation G284R in gene ERBB3 _ sequence variation
cgi	ERBB3:P262H	presence of	ERBB3	gene	sequence variation	mapped	HGVS protein notation P262H in gene ERBB3 _ sequence variation
cgi	ERBB4:E317K	presence of	ERBB4	gene	sequence variation	mapped	HGVS protein notation E317K in gene ERBB4 _ sequence variation
cgi	ERBB4:H809G	presence of	ERBB4	gene	sequence variation	mapped	HGVS protein notation H809G in gene ERBB4 _ sequence variation
cgi	ERBB4 fusion	presence of	ERBB4	gene	sequence variation	mapped	Fusion/rearrangement keyword _ sequence variation
cgi	ERCC1 oncogenic mutation	presence of	ERCC1	gene	sequence variation	mapped	MUTATION/oncogenic mutation keyword _ sequence variation
cgi	ERCC1 deletion	presence of	ERCC1	gene	sequence variation	mapped	DELETION keyword _ sequence variation (loss of genetic material)
cgi	ERCC2 oncogenic mutation	presence of	ERCC2	gene	sequence variation	mapped	MUTATION/oncogenic mutation keyword _ sequence variation
cgi	ERCC4 oncogenic mutation	presence of	ERCC4	gene	sequence variation	mapped	MUTATION/oncogenic mutation keyword _ sequence variation
cgi	ERCC6 oncogenic mutation	presence of	ERCC6	gene	sequence variation	mapped	MUTATION/oncogenic mutation keyword _ sequence variation
cgi	ESR1 oncogenic mutation	presence of	ESR1	gene	sequence variation	mapped	MUTATION/oncogenic mutation keyword _ sequence variation
cgi	"ESR1 (E380Q,537,538,L536,P535H)"					cannot map	No pattern matched 
cgi	ESR1:Y537S	presence of	ESR1	gene	sequence variation	mapped	HGVS protein notation Y537S in gene ESR1 _ sequence variation
cgi	ESR1-YAP1 fusion	presence of	ESR1-YAP1	gene	sequence variation	mapped	Fusion/rearrangement keyword _ sequence variation
cgi	"EZH2 (Y641,A677)"					cannot map	No pattern matched 
cgi	FANCA oncogenic mutation	presence of	FANCA	gene	sequence variation	mapped	MUTATION/oncogenic mutation keyword _ sequence variation
cgi	FANCA deletion	presence of	FANCA	gene	sequence variation	mapped	DELETION keyword _ sequence variation (loss of genetic material)
cgi	FANCC oncogenic mutation	presence of	FANCC	gene	sequence variation	mapped	MUTATION/oncogenic mutation keyword _ sequence variation
cgi	FANCC deletion	presence of	FANCC	gene	sequence variation	mapped	DELETION keyword _ sequence variation (loss of genetic material)
cgi	FBXW7 oncogenic mutation	presence of	FBXW7	gene	sequence variation	mapped	MUTATION/oncogenic mutation keyword _ sequence variation
cgi	FBXW7 deletion	presence of	FBXW7	gene	sequence variation	mapped	DELETION keyword _ sequence variation (loss of genetic material)
cgi	A266					cannot map	No pattern matched 
cgi	"FGFR2 (M536I,M538I,I548V,N550,E566G,L618M,K660E)"	presence of	FGFR2	gene	sequence variation	uncertain 	"Contains multiple variations, uncertain whether this standardization is appropriate."
cgi	"FGFR2 (N549H,V564F,K659M,L617V,K641R,R565A) + FGFR2 fusion"	presence of	FGFR2	gene	sequence variation	uncertain	"Contains multiple variations, uncertain whether this standardization is appropriate."
cgi	FGFR2:S252W	presence of	FGFR2	gene	sequence variation	mapped	HGVS protein notation S252W in gene FGFR2 _ sequence variation
cgi	FGFR2:V565I	presence of	FGFR2	gene	sequence variation	mapped	HGVS protein notation V565I in gene FGFR2 _ sequence variation
cgi	"FGFR2 (V565I,M536I,M538I,I548V,N550,E566G,L618M,K660E)"	presence of	FGFR2	gene	sequence variation	uncertain 	"Contains multiple variations, uncertain whether this standardization is appropriate."
cgi	FGFR2:W290C	presence of	FGFR2	gene	sequence variation	mapped	HGVS protein notation W290C in gene FGFR2 _ sequence variation
cgi	FGFR2 fusion	presence of	FGFR2	gene	sequence variation	mapped	Fusion/rearrangement keyword _ sequence variation
cgi	FGFR3 oncogenic mutation	presence of	FGFR3	gene	sequence variation	mapped	MUTATION/oncogenic mutation keyword _ sequence variation
cgi	FGFR3 (K650)	differential	FGFR3	gene	sequence variation	uncertain	"We only know the site where the change occurs, but not the specific direction of the change."
cgi	"FGFR3 (K650,Y373C)"	presence of	FGFR3	gene	sequence variation	uncertain	"Contains multiple variations, uncertain whether this standardization is appropriate."
cgi	FGFR3:S249C	presence of	FGFR3	gene	sequence variation	mapped	HGVS protein notation S249C in gene FGFR3 _ sequence variation
cgi	FGFR3:V555M	presence of	FGFR3	gene	sequence variation	mapped	HGVS protein notation V555M in gene FGFR3 _ sequence variation
cgi	FGFR3:Y373C	presence of	FGFR3	gene	sequence variation	mapped	HGVS protein notation Y373C in gene FGFR3 _ sequence variation
cgi	FGFR3 fusion	presence of	FGFR3	gene	sequence variation	mapped	Fusion/rearrangement keyword _ sequence variation
cgi	FGFR3-TACC3 fusion	presence of	FGFR3-TACC3	gene	sequence variation	mapped	Fusion/rearrangement keyword _ sequence variation
cgi	"FGFR4 (N535,V550)"	differential	FGFR4	gene	sequence variation	uncertain	"We only know the site where the change occurs, but not the specific direction of the change."
cgi	FLCN deletion	presence of	FLCN	gene	sequence variation	mapped	DELETION keyword _ sequence variation (loss of genetic material)
cgi	FLT3-ITD	presence of	FLT3-ITD	gene	sequence variation	mapped	GENE1-GENE2 fusion format _ sequence variation
cgi	FLT3 (D835)	differential	FLT3	gene	sequence variation	mapped	Gene + amino acid position notation _ sequence variation
cgi	"FLT3 (D835,Y842)"	differential	FLT3	gene	sequence variation	uncertain	"We only know the site where the change occurs, but not the specific direction of the change."
cgi	FLT3 (F691)	differential	FLT3	gene	sequence variation	uncertain	"We only know the site where the change occurs, but not the specific direction of the change."
cgi	"FLT3 (F691,D835,N676,Y842)"	differential	FLT3	gene	sequence variation	uncertain	"We only know the site where the change occurs, but not the specific direction of the change."
cgi	FLT3 (N676)	differential	FLT3	gene	sequence variation	uncertain	"We only know the site where the change occurs, but not the specific direction of the change."
cgi	G6PD biallelic inactivation	presence of	G6PD	gene	sequence variation	mapped	Inactivation _ loss of function sequence variation
cgi	G6PD:S218F	presence of	G6PD	gene	sequence variation	mapped	HGVS protein notation S218F in gene G6PD _ sequence variation
cgi	G6PD (V98M) + G6PD (N156D)	presence of	G6PD	gene	sequence variation	uncertain	"Contains two variations, uncertain whether this standardization is appropriate."
cgi	GATA3 oncogenic mutation	presence of	GATA3	gene	sequence variation	mapped	MUTATION/oncogenic mutation keyword _ sequence variation
cgi	GNA11:Q209L	presence of	GNA11	gene	sequence variation	mapped	HGVS protein notation Q209L in gene GNA11 _ sequence variation
cgi	GNAQ (Q209)	differential	GNAQ	gene	sequence variation	mapped	"We only know the site where the change occurs, but not the specific direction of the change."
cgi	GNAS (R201)	differential	GNAS	gene	sequence variation	mapped	"We only know the site where the change occurs, but not the specific direction of the change."
cgi	HDAC2 biallelic inactivation	presence of	HDAC2	gene	sequence variation	mapped	Inactivation _ loss of function sequence variation
cgi	HGF amplification + ERBB2 amplification	presence of	HGF/ ERBB2	gene	sequence variation	uncertain	"It contains two variations,and I think we should split into two rows,so I set a flag here for review."
cgi	HRAS oncogenic mutation	presence of	HRAS	gene	sequence variation	mapped	MUTATION/oncogenic mutation keyword _ sequence variation
cgi	IDH1 oncogenic mutation	presence of	IDH1	gene	sequence variation	mapped	MUTATION/oncogenic mutation keyword _ sequence variation
cgi	IDH1 (R132)	presence of	IDH1	gene	sequence variation	uncertain	"We only know the site where the change occurs, but not the specific direction of the change."
cgi	IDH2 oncogenic mutation	presence of	IDH2	gene	sequence variation	mapped	MUTATION/oncogenic mutation keyword _ sequence variation
cgi	IDH2 (R172)	presence of	IDH2	gene	sequence variation	uncertain	"We only know the site where the change occurs, but not the specific direction of the change."
cgi	237-255					cannot map	No entity
cgi	IL7R (S185C) + SH2B3 deletion	presence of	IL7R/SH2B3	gene	sequence variation	uncertain	"It contains two variations,and I think we should split into two rows,so I set a flag here for review."
cgi	INPP4B oncogenic mutation	presence of	INPP4B	gene	sequence variation	mapped	MUTATION/oncogenic mutation keyword _ sequence variation
cgi	INPP4B deletion	presence of	INPP4B	gene	sequence variation	mapped	DELETION keyword _ sequence variation (loss of genetic material)
cgi	JAK1 oncogenic mutation	presence of	JAK1	gene	sequence variation	mapped	MUTATION/oncogenic mutation keyword _ sequence variation
cgi	JAK1 (S646F;R683)					cannot map	"It contains two different variations,and I think we should split into two rows,so I set a flag here for review."
cgi	JAK2 oncogenic mutation	presence of	JAK2	gene	sequence variation	mapped	MUTATION/oncogenic mutation keyword _ sequence variation
cgi	JAK2:V617F	presence of	JAK2	gene	sequence variation	mapped	HGVS protein notation V617F in gene JAK2 _ sequence variation
cgi	JAK2-BRAF fusion	presence of	JAK2-BRAF	gene	sequence variation	mapped	Fusion/rearrangement keyword _ sequence variation
cgi	JAK3:A572V	presence of	JAK3	gene	sequence variation	mapped	HGVS protein notation A572V in gene JAK3 _ sequence variation
cgi	KCNJ5:L168R	presence of	KCNJ5	gene	sequence variation	mapped	HGVS protein notation L168R in gene KCNJ5 _ sequence variation
cgi	KDR:A1065T	presence of	KDR	gene	sequence variation	mapped	HGVS protein notation A1065T in gene KDR _ sequence variation
cgi	"KIT mutation in exon 9,11,13,14 or 17"	presence of	KIT	gene	sequence variation	mapped	MUTATION/oncogenic mutation keyword _ sequence variation
cgi	KIT mutation in exon 11	presence of	KIT	gene	sequence variation	mapped	MUTATION/oncogenic mutation keyword _ sequence variation
cgi	KIT mutation in exon 9 or 11	presence of	KIT	gene	sequence variation	mapped	MUTATION/oncogenic mutation keyword _ sequence variation
cgi	"KIT (550-592,627-664,788-828,829-860)"		KIT			cannot map	No pattern matched 
cgi	"KIT (627-664,664-714,449-514)"		KIT			cannot map	No pattern matched 
cgi	KIT mutation in exon 17	presence of	KIT	gene	sequence variation	mapped	MUTATION/oncogenic mutation keyword _ sequence variation
cgi	KIT mutation in exon 9 or 17	presence of	KIT	gene	sequence variation	mapped	MUTATION/oncogenic mutation keyword _ sequence variation
cgi	KIT mutation in exon 17 or 18	presence of	KIT	gene	sequence variation	mapped	MUTATION/oncogenic mutation keyword _ sequence variation
cgi	"KIT (788-828,829-860,550-592)"		KIT			cannot map	No pattern matched 
cgi	416-422					cannot map	No pattern matched 
cgi	KIT wildtype	absence of	KIT	gene	sequence variation	mapped	WILDTYPE _ absence of mutation/sequence variation
cgi	KIT:A829P	presence of	KIT	gene	sequence variation	mapped	HGVS protein notation A829P in gene KIT _ sequence variation
cgi	KIT (D816)	differential	KIT	gene	sequence variation	uncertain	"We only know the site where the change occurs, but not the specific direction of the change."
cgi	KIT:D816V	presence of	KIT	gene	sequence variation	mapped	HGVS protein notation D816V in gene KIT _ sequence variation
cgi	KIT:D816Y	presence of	KIT	gene	sequence variation	mapped	HGVS protein notation D816Y in gene KIT _ sequence variation
cgi	KIT:D820Y	presence of	KIT	gene	sequence variation	mapped	HGVS protein notation D820Y in gene KIT _ sequence variation
cgi	KIT:N822K	presence of	KIT	gene	sequence variation	mapped	HGVS protein notation N822K in gene KIT _ sequence variation
cgi	KIT:T670I	presence of	KIT	gene	sequence variation	mapped	HGVS protein notation T670I in gene KIT _ sequence variation
cgi	"KIT (V559I,H697Y,T670,V654A,A829P,D816,N822,Y823D)"	presence of	KIT	gene	sequence variation	uncertain	"Contains multiple variations, uncertain whether this standardization is appropriate."
cgi	KRAS oncogenic mutation	presence of	KRAS	gene	sequence variation	mapped	MUTATION/oncogenic mutation keyword _ sequence variation
cgi	"KRAS (12,13)"					cannot map	No pattern matched 
cgi	"KRAS (12,13,59,61,117,146)"					cannot map	No pattern matched 
cgi	KRAS (G12)	presence of	KRAS	gene	sequence variation	uncertain	"We only know the site where the change occurs, but not the specific direction of the change."
cgi	KRAS:G13D	presence of	KRAS	gene	sequence variation	mapped	HGVS protein notation G13D in gene KRAS _ sequence variation
cgi	LRP1B oncogenic mutation	presence of	LRP1B	gene	sequence variation	mapped	MUTATION/oncogenic mutation keyword _ sequence variation
cgi	LRP1B deletion	presence of	LRP1B	gene	sequence variation	mapped	DELETION keyword _ sequence variation (loss of genetic material)
cgi	MAP2K1 oncogenic mutation	presence of	MAP2K1	gene	sequence variation	mapped	MUTATION/oncogenic mutation keyword _ sequence variation
cgi	MAP2K1 inframe deletion (56-60)	presence of	MAP2K1	gene	sequence variation	mapped	DELETION keyword _ sequence variation (loss of genetic material)
cgi	MAP2K1:C121S	presence of	MAP2K1	gene	sequence variation	mapped	HGVS protein notation C121S in gene MAP2K1 _ sequence variation
cgi	MAP2K1:E203K	presence of	MAP2K1	gene	sequence variation	mapped	HGVS protein notation E203K in gene MAP2K1 _ sequence variation
cgi	"MAP2K1 (F129L,L215P,I103N,P124)"	presence of	MAP2K1 	gene	sequence variation	uncertain	"Contains multiple variations, uncertain whether this standardization is appropriate."
cgi	"MAP2K1 (I99T,L115,G128D,F129L,V211D,L215P,I103N,K104N,I111N,H119P,E120D,F133L,P124,D67N)"	presence of	MAP2K1 	gene	sequence variation	uncertain	"Contains multiple variations, uncertain whether this standardization is appropriate."
cgi	MAP2K1:K57T	presence of	MAP2K1	gene	sequence variation	mapped	HGVS protein notation K57T in gene MAP2K1 _ sequence variation
cgi	MAP2K1 (P124)	presence of	MAP2K1	gene	sequence variation	mapped	Gene + amino acid position notation _ sequence variation
cgi	MAP2K1:P124L	presence of	MAP2K1	gene	sequence variation	mapped	HGVS protein notation P124L in gene MAP2K1 _ sequence variation
cgi	"MAP2K1 (P124S,I111S) + BRAF oncogenic mutation"	presence of	MAP2K1	gene	sequence variation	mapped	MUTATION/oncogenic mutation keyword _ sequence variation
cgi	MAP2K1:Q56P	presence of	MAP2K1	gene	sequence variation	mapped	HGVS protein notation Q56P in gene MAP2K1 _ sequence variation
cgi	"MAP2K1 (Q56P,P124S,P124L;C121S)"	presence of	MAP2K1 	gene	sequence variation	uncertain	"Contains multiple variations, uncertain whether this standardization is appropriate."
cgi	MAP2K2:Q60P	presence of	MAP2K2	gene	sequence variation	mapped	HGVS protein notation Q60P in gene MAP2K2 _ sequence variation
cgi	MAP2K2:V35M	presence of	MAP2K2	gene	sequence variation	mapped	HGVS protein notation V35M in gene MAP2K2 _ sequence variation
cgi	MET:D1246V	presence of	MET	gene	sequence variation	mapped	HGVS protein notation D1246V in gene MET _ sequence variation
cgi	MET:H1112L	presence of	MET	gene	sequence variation	mapped	HGVS protein notation H1112L in gene MET _ sequence variation
cgi	MET:V1110I	presence of	MET	gene	sequence variation	mapped	HGVS protein notation V1110I in gene MET _ sequence variation
cgi	MET (Y1230C;Y1235D)	presence of	MET	gene	sequence variation	uncertain	"Contains multiple variations, uncertain whether this standardization is appropriate."
cgi	MET amplification + c (V600E)	increased	MET/BRAF	gene	sequence variation	uncertain	"It contains two variations,and I think we should split into two rows,so I set a flag here for review."
cgi	MET amplification + EGFR oncogenic mutation	presence of	MET/EGFR	gene	sequence variation	uncertain	"It contains two variations,and I think we should split into two rows,so I set a flag here for review."
cgi	MET amplification + ERBB2 amplification	increased	MET/ERBB2	gene	sequence variation	uncertain	"It contains two variations,and I think we should split into two rows,so I set a flag here for review."
cgi	MET fusion	presence of	MET	gene	sequence variation	mapped	Fusion/rearrangement keyword _ sequence variation
cgi	MSH3 oncogenic mutation	presence of	MSH3	gene	sequence variation	mapped	MUTATION/oncogenic mutation keyword _ sequence variation
cgi	MTOR:E2014K	presence of	MTOR	gene	sequence variation	mapped	HGVS protein notation E2014K in gene MTOR _ sequence variation
cgi	MTOR:F2108L	presence of	MTOR	gene	sequence variation	mapped	HGVS protein notation F2108L in gene MTOR _ sequence variation
cgi	MTOR:I1973F	presence of	MTOR	gene	sequence variation	mapped	HGVS protein notation I1973F in gene MTOR _ sequence variation
cgi	MTOR:K1771R	presence of	MTOR	gene	sequence variation	mapped	HGVS protein notation K1771R in gene MTOR _ sequence variation
cgi	MTOR:L1460P	presence of	MTOR	gene	sequence variation	mapped	HGVS protein notation L1460P in gene MTOR _ sequence variation
cgi	MTOR:N1421D	presence of	MTOR	gene	sequence variation	mapped	HGVS protein notation N1421D in gene MTOR _ sequence variation
cgi	NF1 biallelic inactivation	presence of	NF1	gene	sequence variation	mapped	Inactivation _ loss of function sequence variation
cgi	NF1 oncogenic mutation	presence of	NF1	gene	sequence variation	mapped	MUTATION/oncogenic mutation keyword _ sequence variation
cgi	NF1 oncogenic mutation + BRAF oncogenic mutation	presence of	NF1/BRAF	gene	sequence variation	uncertain	"It contains two variations,and I think we should split into two rows,so I set a flag here for review."
cgi	NF1 deletion	presence of	NF1	gene	sequence variation	mapped	DELETION keyword _ sequence variation (loss of genetic material)
cgi	NF1 deletion + BRAF oncogenic mutation	presence of	NF1/BRAF	gene	sequence variation	uncertain	"It contains two variations,and I think we should split into two rows,so I set a flag here for review."
cgi	NF2 oncogenic mutation	presence of	NF2	gene	sequence variation	mapped	MUTATION/oncogenic mutation keyword _ sequence variation
cgi	NF2 oncogenic mutation + EGFR oncogenic mutation	presence of	NF2/EGFR	gene	sequence variation	uncertain	"It contains two variations,and I think we should split into two rows,so I set a flag here for review."
cgi	NF2 deletion	presence of	NF2	gene	sequence variation	mapped	DELETION keyword _ sequence variation (loss of genetic material)
cgi	NF2 deletion + EGFR oncogenic mutation	presence of	NF2/EGFR	gene	sequence variation	uncertain	"It contains two variations,and I think we should split into two rows,so I set a flag here for review."
cgi	NOTCH1 oncogenic mutation	presence of	NOTCH1	gene	sequence variation	mapped	MUTATION/oncogenic mutation keyword _ sequence variation
cgi	NOTCH1 activating mutation in Cterm-PEST domain	presence of	NOTCH1	gene	sequence variation	mapped	MUTATION/oncogenic mutation keyword _ sequence variation
cgi	"NOTCH1 splice donor variant (2245-2536),splice acceptor variant (2245-2536),stop gained (2245-2536),stop lost (2245-2536),frameshift variant (2245-2536)"	presence of	NOTCH1	gene	sequence variation	uncertain	"Contains multiple variations, uncertain whether this standardization is appropriate."
cgi	NOTCH1 fusion	presence of	NOTCH1	gene	sequence variation	mapped	Fusion/rearrangement keyword _ sequence variation
cgi	NOTCH2 activating mutation (missense in TAD or truncating in Cterm-PEST domain)	presence of	NOTCH2	gene	sequence variation	mapped	MUTATION/oncogenic mutation keyword _ sequence variation
cgi	NOTCH2 fusion	presence of	NOTCH2	gene	sequence variation	mapped	Fusion/rearrangement keyword _ sequence variation
cgi	NPM1 oncogenic mutation	presence of	NPM1	gene	sequence variation	mapped	MUTATION/oncogenic mutation keyword _ sequence variation
cgi	NRAS oncogenic mutation	presence of	NRAS	gene	sequence variation	mapped	MUTATION/oncogenic mutation keyword _ sequence variation
cgi	"NRAS (12,13,59,61,117,146)"					cannot map	No pattern matched 
cgi	NRAS:G12C	presence of	NRAS	gene	sequence variation	mapped	HGVS protein notation G12C in gene NRAS _ sequence variation
cgi	NRAS (Q61)	differential	NRAS	gene	sequence variation	uncertain	"We only know the site where the change occurs, but not the specific direction of the change."
cgi	NTRK1:G595R	presence of	NTRK1	gene	sequence variation	mapped	HGVS protein notation G595R in gene NTRK1 _ sequence variation
cgi	NTRK1 fusion	presence of	NTRK1	gene	sequence variation	mapped	Fusion/rearrangement keyword _ sequence variation
cgi	NTRK3:G623R	presence of	NTRK3	gene	sequence variation	mapped	HGVS protein notation G623R in gene NTRK3 _ sequence variation
cgi	NTRK3 fusion	presence of	NTRK3	gene	sequence variation	mapped	Fusion/rearrangement keyword _ sequence variation
cgi	PALB2 oncogenic mutation	presence of	PALB2	gene	sequence variation	mapped	MUTATION/oncogenic mutation keyword _ sequence variation
cgi	PALB2 deletion	presence of	PALB2	gene	sequence variation	mapped	DELETION keyword _ sequence variation (loss of genetic material)
cgi	PBRM1 oncogenic mutation	presence of	PBRM1	gene	sequence variation	mapped	MUTATION/oncogenic mutation keyword _ sequence variation
cgi	PBRM1 deletion	presence of	PBRM1	gene	sequence variation	mapped	DELETION keyword _ sequence variation (loss of genetic material)
cgi	PDGFB-COL1A1 fusion	presence of	PDGFB-COL1A1	gene	sequence variation	mapped	Fusion/rearrangement keyword _ sequence variation
cgi	"PDGFRA (552-596,631-668,814-854)"					cannot map	No pattern matched 
cgi	PDGFRA inframe deletion (I843)	presence of	PDGFRA	gene	sequence variation	mapped	DELETION keyword _ sequence variation (loss of genetic material)
cgi	PDGFRA wildtype	absence of	PDGFRA	gene	sequence variation	mapped	WILDTYPE _ absence of mutation/sequence variation
cgi	PDGFRA:D842V	presence of	PDGFRA	gene	sequence variation	mapped	HGVS protein notation D842V in gene PDGFRA _ sequence variation
cgi	PDGFRA:P577S	presence of	PDGFRA	gene	sequence variation	mapped	HGVS protein notation P577S in gene PDGFRA _ sequence variation
cgi	PDGFRA:V658A	presence of	PDGFRA	gene	sequence variation	mapped	HGVS protein notation V658A in gene PDGFRA _ sequence variation
cgi	PIK3CA oncogenic mutation	presence of	PIK3CA	gene	sequence variation	mapped	MUTATION/oncogenic mutation keyword _ sequence variation
cgi	PIK3CA oncogenic mutation + ERBB2 amplification	presence of	PIK3CA	gene	sequence variation	mapped	MUTATION/oncogenic mutation keyword _ sequence variation
cgi	PIK3CA:E545*	differential	PIK3CA	gene	sequence variation	uncertain	"We only know the site where the change occurs, but not the specific direction of the change."
cgi	PIK3CB:D1067Y	presence of	PIK3CB	gene	sequence variation	mapped	HGVS protein notation D1067Y in gene PIK3CB _ sequence variation
cgi	PIK3R1 oncogenic mutation	presence of	PIK3R1	gene	sequence variation	mapped	MUTATION/oncogenic mutation keyword _ sequence variation
cgi	PIK3R2:A171V	presence of	PIK3R2	gene	sequence variation	mapped	HGVS protein notation A171V in gene PIK3R2 _ sequence variation
cgi	PLCG2:R665W	presence of	PLCG2	gene	sequence variation	mapped	HGVS protein notation R665W in gene PLCG2 _ sequence variation
cgi	PML-RARA fusion	presence of	PML-RARA	gene	sequence variation	mapped	Fusion/rearrangement keyword _ sequence variation
cgi	POLE oncogenic mutation	presence of	POLE	gene	sequence variation	mapped	MUTATION/oncogenic mutation keyword _ sequence variation
cgi	POLE (268-471)					cannot map	No pattern matched 
cgi	PRKCH amplification + ABL1-BCR fusion	presence of	PRKCH/ABL1-BCR	gene	sequence variation	uncertain	"It contains two variations,and I think we should split into two rows,so I set a flag here for review."
cgi	PTCH1 oncogenic mutation	presence of	PTCH1	gene	sequence variation	mapped	MUTATION/oncogenic mutation keyword _ sequence variation
cgi	PTEN biallelic inactivation	presence of	PTEN	gene	sequence variation	mapped	Inactivation _ loss of function sequence variation
cgi	PTEN oncogenic mutation	presence of	PTEN	gene	sequence variation	mapped	MUTATION/oncogenic mutation keyword _ sequence variation
cgi	PTEN oncogenic mutation + BRAF oncogenic mutation	presence of	PTEN/BRAF	gene	sequence variation	uncertain	"It contains two variations,and I think we should split into two rows,so I set a flag here for review."
cgi	PTEN oncogenic mutation + ERBB2 amplification	presence of	PTEN/ERBB2	gene	sequence variation	uncertain	"It contains two variations,and I think we should split into two rows,so I set a flag here for review."
cgi	PTEN deletion	presence of	PTEN	gene	sequence variation	mapped	DELETION keyword _ sequence variation (loss of genetic material)
cgi	PTEN deletion + BRAF oncogenic mutation	presence of	PTEN/BRAF	gene	sequence variation	uncertain	"It contains two variations,and I think we should split into two rows,so I set a flag here for review."
cgi	PTPRD oncogenic mutation	presence of	PTPRD	gene	sequence variation	mapped	MUTATION/oncogenic mutation keyword _ sequence variation
cgi	RAC1 (P29S) + BRAF oncogenic mutation	presence of	RAC1/BRAF	gene	sequence variation	uncertain	"It contains two variations,and I think we should split into two rows,so I set a flag here for review."
cgi	RAD50 (L1237F) + ATM deletion	presence of	RAD50/ATM	gene	sequence variation	uncertain	"It contains two variations,and I think we should split into two rows,so I set a flag here for review."
cgi	RAD51C oncogenic mutation	presence of	RAD51C	gene	sequence variation	mapped	MUTATION/oncogenic mutation keyword _ sequence variation
cgi	"RAF1 (S257P,G361A,P261P) + BRAF oncogenic mutation"	presence of	RAF1/BRAF	gene	sequence variation	uncertain	"It contains two variations,and I think we should split into two rows,so I set a flag here for review."
cgi	RAF1 fusion	presence of	RAF1	gene	sequence variation	mapped	Fusion/rearrangement keyword _ sequence variation
cgi	RB1 oncogenic mutation	presence of	RB1	gene	sequence variation	mapped	MUTATION/oncogenic mutation keyword _ sequence variation
cgi	RB1 deletion	presence of	RB1	gene	sequence variation	mapped	DELETION keyword _ sequence variation (loss of genetic material)
cgi	RET:C634W	presence of	RET	gene	sequence variation	mapped	HGVS protein notation C634W in gene RET _ sequence variation
cgi	RET:I788N	presence of	RET	gene	sequence variation	mapped	HGVS protein notation I788N in gene RET _ sequence variation
cgi	RET fusion	presence of	RET	gene	sequence variation	mapped	Fusion/rearrangement keyword _ sequence variation
cgi	RET-TPCN1 fusion	presence of	RET-TPCN1	gene	sequence variation	mapped	Fusion/rearrangement keyword _ sequence variation
cgi	RNF43 oncogenic mutation	presence of	RNF43	gene	sequence variation	mapped	MUTATION/oncogenic mutation keyword _ sequence variation
cgi	ROS1:G2032R	presence of	ROS1	gene	sequence variation	mapped	HGVS protein notation G2032R in gene ROS1 _ sequence variation
cgi	ROS1:S1986Y	presence of	ROS1	gene	sequence variation	mapped	HGVS protein notation S1986Y in gene ROS1 _ sequence variation
cgi	ROS1 fusion	presence of	ROS1	gene	sequence variation	mapped	Fusion/rearrangement keyword _ sequence variation
cgi	SERPINB3 oncogenic mutation	presence of	SERPINB3	gene	sequence variation	mapped	MUTATION/oncogenic mutation keyword _ sequence variation
cgi	SETD2 oncogenic mutation	presence of	SETD2	gene	sequence variation	mapped	MUTATION/oncogenic mutation keyword _ sequence variation
cgi	SETD2 deletion	presence of	SETD2	gene	sequence variation	mapped	DELETION keyword _ sequence variation (loss of genetic material)
cgi	SF3B1:K700E	presence of	SF3B1	gene	sequence variation	mapped	HGVS protein notation K700E in gene SF3B1 _ sequence variation
cgi	SLC29A1 oncogenic mutation	presence of	SLC29A1	gene	sequence variation	mapped	MUTATION/oncogenic mutation keyword _ sequence variation
cgi	SMARCA1 oncogenic mutation	presence of	SMARCA1	gene	sequence variation	mapped	MUTATION/oncogenic mutation keyword _ sequence variation
cgi	SMARCA4 oncogenic mutation	presence of	SMARCA4	gene	sequence variation	mapped	MUTATION/oncogenic mutation keyword _ sequence variation
cgi	SMARCA4 deletion	presence of	SMARCA4	gene	sequence variation	mapped	DELETION keyword _ sequence variation (loss of genetic material)
cgi	SMARCB1 oncogenic mutation	presence of	SMARCB1	gene	sequence variation	mapped	MUTATION/oncogenic mutation keyword _ sequence variation
cgi	SMARCB1 deletion	presence of	SMARCB1	gene	sequence variation	mapped	DELETION keyword _ sequence variation (loss of genetic material)
cgi	SMO:D473H	presence of	SMO	gene	sequence variation	mapped	HGVS protein notation D473H in gene SMO _ sequence variation
cgi	SMO:P641A	presence of	SMO	gene	sequence variation	mapped	HGVS protein notation P641A in gene SMO _ sequence variation
cgi	SRSF2 oncogenic mutation	presence of	SRSF2	gene	sequence variation	mapped	MUTATION/oncogenic mutation keyword _ sequence variation
cgi	STAG2 oncogenic mutation	presence of	STAG2	gene	sequence variation	mapped	MUTATION/oncogenic mutation keyword _ sequence variation
cgi	STK11 oncogenic mutation	presence of	STK11	gene	sequence variation	mapped	MUTATION/oncogenic mutation keyword _ sequence variation
cgi	STK11 oncogenic mutation + KRAS oncogenic mutation	presence of	STK11/KRAS	gene	sequence variation	uncertain	"It contains two variations,and I think we should split into two rows,so I set a flag here for review."
cgi	STK11:D194E	presence of	STK11	gene	sequence variation	mapped	HGVS protein notation D194E in gene STK11 _ sequence variation
cgi	STK11 deletion	presence of	STK11	gene	sequence variation	mapped	DELETION keyword _ sequence variation (loss of genetic material)
cgi	STK11 deletion + KRAS oncogenic mutation	presence of	STK11/KRAS	gene	sequence variation	uncertain	"It contains two variations,and I think we should split into two rows,so I set a flag here for review."
cgi	SUZ12 oncogenic mutation	presence of	SUZ12	gene	sequence variation	mapped	MUTATION/oncogenic mutation keyword _ sequence variation
cgi	SUZ12 deletion	presence of	SUZ12	gene	sequence variation	mapped	DELETION keyword _ sequence variation (loss of genetic material)
cgi	TERT promoters core	differential	TERT			uncertain	"It only mentions the entity,but we cannot know the specific change."
cgi	TMPRSS2 fusion	presence of	TMPRSS2	gene	sequence variation	mapped	Fusion/rearrangement keyword _ sequence variation
cgi	TP53 oncogenic mutation	presence of	TP53	gene	sequence variation	mapped	MUTATION/oncogenic mutation keyword _ sequence variation
cgi	TP53 wildtype	absence of	TP53	gene	sequence variation	mapped	WILDTYPE _ absence of mutation/sequence variation
cgi	TP53:R248Q	presence of	TP53	gene	sequence variation	mapped	HGVS protein notation R248Q in gene TP53 _ sequence variation
cgi	TPMT biallelic inactivation	presence of	TPMT	gene	sequence variation	mapped	Inactivation _ loss of function sequence variation
cgi	TPMT splice acceptor variant	presence of	TPMT	gene	sequence variation	mapped	Splice site variant _ sequence variation
cgi	TPMT:A80P	presence of	TPMT	gene	sequence variation	mapped	HGVS protein notation A80P in gene TPMT _ sequence variation
cgi	TSC1 oncogenic mutation	presence of	TSC1	gene	sequence variation	mapped	MUTATION/oncogenic mutation keyword _ sequence variation
cgi	TSC2 oncogenic mutation	presence of	TSC2	gene	sequence variation	mapped	MUTATION/oncogenic mutation keyword _ sequence variation
cgi	TSC2:E66K	presence of	TSC2	gene	sequence variation	mapped	HGVS protein notation E66K in gene TSC2 _ sequence variation
cgi	TSC2 deletion	presence of	TSC2	gene	sequence variation	mapped	DELETION keyword _ sequence variation (loss of genetic material)
cgi	U2AF1 oncogenic mutation	presence of	U2AF1	gene	sequence variation	mapped	MUTATION/oncogenic mutation keyword _ sequence variation
cgi	UGT1A1 biallelic inactivation	presence of	UGT1A1	gene	sequence variation	mapped	Inactivation _ loss of function sequence variation
cgi	UGT1A1:G71R	presence of	UGT1A1	gene	sequence variation	mapped	HGVS protein notation G71R in gene UGT1A1 _ sequence variation
cgi	ZBTB16 undexpression	decreased	ZBTB16	protein	expression	mapped	UNDEREXPRESSION _ decreased expression
cgi	ZNRF3 oncogenic mutation	presence of	ZNRF3	gene	sequence variation	mapped	MUTATION/oncogenic mutation keyword _ sequence variation
top_50	presence of mutation in BRCA1	presence of	presence	gene	sequence variation	mapped	MUTATION/oncogenic mutation keyword _ sequence variation
top_50	increased HOXA9 meth-ctDNA level	increased	HOXA9 meth-ctDNA level	protein	level	mapped	Increased prefix _ level aspect (default for quantity terms)
top_50	EGFR Exon 20 Insertion	presence of	EGFR	gene	sequence variation	mapped	Exon-level insertion/deletion/mutation _ sequence variation
top_50	presence of mutation in PIK3CA	presence of	presence	gene	sequence variation	mapped	MUTATION/oncogenic mutation keyword _ sequence variation
top_50	KRAS Exon 2 mutation	presence of	KRAS	gene	sequence variation	mapped	MUTATION/oncogenic mutation keyword _ sequence variation
top_50	presence of mutation in BRAF	presence of	presence	gene	sequence variation	mapped	MUTATION/oncogenic mutation keyword _ sequence variation
top_50	KRAS G12/G13 mutation	presence of	KRAS	gene	sequence variation	mapped	MUTATION/oncogenic mutation keyword _ sequence variation
top_50	FLT3 ITD mutation	presence of	FLT3	gene	sequence variation	mapped	MUTATION/oncogenic mutation keyword _ sequence variation
top_50	PIK3CA exon 10 mutation	presence of	PIK3CA	gene	sequence variation	mapped	MUTATION/oncogenic mutation keyword _ sequence variation
top_50	EGFR exon 19 deletion	presence of	EGFR	gene	sequence variation	mapped	DELETION keyword _ sequence variation (loss of genetic material)
top_50	CDKN2A mutation	presence of	CDKN2A	gene	sequence variation	mapped	MUTATION/oncogenic mutation keyword _ sequence variation
top_50	presence of mutation in CR2	presence of	presence	gene	sequence variation	mapped	MUTATION/oncogenic mutation keyword _ sequence variation
top_50	rs10069690 mutation in TERT presence	presence of	rs10069690	gene	sequence variation	mapped	MUTATION/oncogenic mutation keyword _ sequence variation
top_50	presence of mutation in KRAS	presence of	presence	gene	sequence variation	mapped	MUTATION/oncogenic mutation keyword _ sequence variation
oncomx	increase KITLG level	increased	KITLG	protein	level	mapped	Explicit increase + level phrasing
oncomx	presence of rs12674822 in ANGP2	presence of	ANGP2	gene	sequence variation	mapped	"Explicit ""presence of mutation/polymorphism"" phrasing"
oncomx	methylation in GATA4	presence of	methylation	DNA	modification	mapped	"METHYLATION keyword _ presence of, modification (epigenetic mark on DNA)"
oncomx	CDK12 lower prevalance rates	decreased	CDK12	protein	level	uncertain	Lower prevalence rates - interpreted as decreased level but context-dependent; flag for review
oncomx	RB1 lower prevalance rates	decreased	RB1	protein	level	uncertain	Lower prevalence rates - interpreted as decreased level but context-dependent; flag for review
oncomx	BRCA2 lower prevalance rates	decreased	BRCA2	protein	level	uncertain	Lower prevalence rates - interpreted as decreased level but context-dependent; flag for review
oncomx	BRCA1 lower prevalance rates	decreased	BRCA1	protein	level	uncertain	Lower prevalence rates - interpreted as decreased level but context-dependent; flag for review
oncomx	NF1 lower prevalance rates	decreased	NF1	protein	level	uncertain	Lower prevalence rates - interpreted as decreased level but context-dependent; flag for review
oncomx	increased mutation TP53	increased	mutation TP53	protein	level	mapped	Increased prefix _ level aspect (default for quantity terms)
oncomx	presence of polymorphism in CYP17	presence of	CYP17	gene	sequence variation	mapped	"Explicit ""presence of mutation/polymorphism"" phrasing"
oncomx	methylation in RASSF1	presence of	methylation	DNA	modification	mapped	"METHYLATION keyword _ presence of, modification (epigenetic mark on DNA)"