SOURCE	civic_id	pmid	RAW_TERM	CHANGE	ENTITY	ENTITY_TYPE	ASPECT	STATUS	NOTES
civic	CIViC:6352|CIViC:5161|CIViC:6789|CIViC:5592|CIViC:6556|CIViC:5034|CIViC:6468|CIViC:4917|CIViC:5026|CIViC:5693|CIViC:5765|CIViC:4998|CIViC:6661|CIViC:5212|CIViC:5328|CIViC:4958	PubMed:28650583|PubMed:17024664|PubMed:28388566|PubMed:22156657|PubMed:26763786|PubMed:9829911|PubMed:26622630|PubMed:7728151|PubMed:17661816|PubMed:23384228|PubMed:22357542|PubMed:8730290|PubMed:25834951|PubMed:21463266|PubMed:20518900|PubMed:7987306	VHL (c.194C>G)	presence of	VHL	gene	sequence variation	mapped	HGVS nucleotide notation (c.194C>G) _ sequence variation in gene VHL
civic	CIViC:6570|CIViC:5363|CIViC:5193	PubMed:26763786|PubMed:8707293|PubMed:21463266	VHL (c.343C>T)	presence of	VHL	gene	sequence variation	mapped	HGVS nucleotide notation (c.343C>T) _ sequence variation in gene VHL
civic	CIViC:5151	PubMed:17024664	VHL (c.162insT)	presence of	VHL	gene	sequence variation	mapped	HGVS nucleotide notation (c.162insT) _ sequence variation in gene VHL
civic	CIViC:6061|CIViC:5085	PubMed:7728151|PubMed:8956040	VHL (c.563T>A)	presence of	VHL	gene	sequence variation	mapped	HGVS nucleotide notation (c.563T>A) _ sequence variation in gene VHL
civic	CIViC:6287	PubMed:26365017	VHL del	presence of	VHL	gene	sequence variation	mapped	del_deletion_ sequence variation in gene VHL
civic	CIViC:5140	PubMed:17024664	VHL (c.344A>C)	presence of	VHL	gene	sequence variation	mapped	HGVS nucleotide notation (c.344A>C) _ sequence variation in gene VHL
civic	CIViC:5633|CIViC:5476|CIViC:5305|CIViC:5079	PubMed:22265326|PubMed:20846682|PubMed:19464396|PubMed:8956040	VHL (c.340G>C)	presence of	VHL	gene	sequence variation	mapped	HGVS nucleotide notation (c.340G>C) _ sequence variation in gene VHL
civic	CIViC:6881|CIViC:4945	PubMed:25078357|PubMed:7728151	VHL (c.556G>A)	presence of	VHL	gene	sequence variation	mapped	HGVS nucleotide notation (c.556G>A) _ sequence variation in gene VHL
civic	CIViC:5781|CIViC:6880|CIViC:5700|CIViC:6526|CIViC:5264|CIViC:5469|CIViC:6344|CIViC:5487|CIViC:5402|CIViC:5503|CIViC:5546|CIViC:6118|CIViC:5076|CIViC:5762|CIViC:5419|CIViC:5062|CIViC:6768|CIViC:4981|CIViC:5567|CIViC:6841|CIViC:5381|CIViC:6520|CIViC:5792|CIViC:4903|CIViC:6587|CIViC:6619|CIViC:4953|CIViC:6291|CIViC:6752|CIViC:5182|CIViC:5314|CIViC:6780|CIViC:5242|CIViC:5354|CIViC:5093|CIViC:6222|CIViC:5330|CIViC:4913|CIViC:6698|CIViC:6528|CIViC:6653|CIViC:6748|CIViC:6694|CIViC:5485	PubMed:25562111|PubMed:25078357|PubMed:23404858|PubMed:16870919|PubMed:9829912|PubMed:20660572|PubMed:28650583|PubMed:12114495|PubMed:12000816|PubMed:21181474|PubMed:12624160|PubMed:14722919|PubMed:8956040|PubMed:20151405|PubMed:11354926|PubMed:9829911|PubMed:28849724|PubMed:7987306|PubMed:12807974|PubMed:28388566|PubMed:10761708|PubMed:24132471|PubMed:24301059|PubMed:7553625|PubMed:26763786|PubMed:25867206|PubMed:7977367|PubMed:28006088|PubMed:27539324|PubMed:21463266|PubMed:19464396|PubMed:29124493|PubMed:19574279|PubMed:8707293|PubMed:17661816|PubMed:29396065|PubMed:20518900|PubMed:7728151|PubMed:28469506|PubMed:17102069|PubMed:29616089|PubMed:27439424|PubMed:28432847|PubMed:20846682	VHL (c.500G>A)	presence of	VHL	gene	sequence variation	mapped	HGVS nucleotide notation (c.500G>A) _ sequence variation in gene VHL
civic	CIViC:5408	PubMed:12000816	VHL (c.278G>T)	presence of	VHL	gene	sequence variation	mapped	HGVS nucleotide notation (c.278G>T) _ sequence variation in gene VHL
civic	CIViC:5748|CIViC:5730|CIViC:6746|CIViC:6727|CIViC:6073|CIViC:5642|CIViC:5614|CIViC:5388|CIViC:5343|CIViC:5351|CIViC:6830|CIViC:5613|CIViC:5745|CIViC:6685|CIViC:5724|CIViC:5615|CIViC:5462|CIViC:5851|CIViC:6611|CIViC:6831|CIViC:5612|CIViC:5898|CIViC:5387|CIViC:5357|CIViC:5309	PubMed:17661816|PubMed:17024664|PubMed:27439424|PubMed:23797736|PubMed:8758206|PubMed:7987306|PubMed:22156657|PubMed:10761708|PubMed:8641976|PubMed:8707293|PubMed:28388566|PubMed:29330336|PubMed:20660572|PubMed:25867206|PubMed:21463266|PubMed:19464396	VHL alteration	presence of	VHL	gene	sequence variation	uncertain	Alteration is broad , it could be mutation/deletion/fusion; mapped as sequence variation, flag for review
civic	CIViC:5159|CIViC:6662|CIViC:6791|CIViC:6728|CIViC:6890|CIViC:6710|CIViC:6644|CIViC:5582|CIViC:6131|CIViC:5499|CIViC:5104|CIViC:4959|CIViC:5287	PubMed:17024664|PubMed:25834951|PubMed:28388566|PubMed:23797736|PubMed:7915601|PubMed:26308528|PubMed:28379443|PubMed:14722919|PubMed:11505222|PubMed:12114495|PubMed:17661816|PubMed:7987306|PubMed:9829912	VHL (c.194C>T)	presence of	VHL	gene	sequence variation	mapped	HGVS nucleotide notation (c.194C>T) _ sequence variation in gene VHL
civic	CIViC:1924|CIViC:845|CIViC:1523|CIViC:211|CIViC:1925|CIViC:1524|CIViC:1308|CIViC:650|CIViC:212|CIViC:155|CIViC:1525|CIViC:4831|CIViC:4829|CIViC:4828|CIViC:428|CIViC:435|CIViC:5953|CIViC:1784|CIViC:1307|CIViC:1895|CIViC:5994|CIViC:1535|CIViC:1595|CIViC:6399|CIViC:2982|CIViC:2983|CIViC:531|CIViC:623|CIViC:1628|CIViC:1632	PubMed:28211448|PubMed:26510020|PubMed:23569316|PubMed:23346317|PubMed:16243825|PubMed:22923433|PubMed:24277854|PubMed:28103578|PubMed:23881929|PubMed:16341243|PubMed:11793370|PubMed:21796119|PubMed:27197561|PubMed:24098545|PubMed:24633157|PubMed:29127119|PubMed:20473330|PubMed:20354191|PubMed:29736026|PubMed:27364904|PubMed:25686104|PubMed:10617473|PubMed:24240700|PubMed:24253377|PubMed:18787170	LOSS-OF-FUNCTION	presence of		gene	sequence variation	cannot map	Loss-of-function stated without gene name - entity missing
civic	CIViC:6717|CIViC:6660|CIViC:6597|CIViC:6544|CIViC:6497|CIViC:6471|CIViC:5423|CIViC:5849|CIViC:5625	PubMed:26308528|PubMed:27174753|PubMed:26763786|PubMed:26365017|PubMed:19288063|PubMed:17537157|PubMed:20567917|PubMed:25952756|PubMed:22156657	VHL deletion)	presence of	VHL	gene	sequence variation	mapped	DELETION keyword _ sequence variation (loss of genetic material)
civic	CIViC:4934	PubMed:7728151	VHL (c.386insAGA)	presence of	VHL	gene	sequence variation	mapped	HGVS nucleotide notation (c.386insAGA) _ sequence variation in gene VHL
civic	CIViC:5496	PubMed:12114495	VHL (c.477_478insCA)	presence of	VHL	gene	sequence variation	mapped	HGVS nucleotide notation (c.477_478insCA) _ sequence variation in gene VHL
civic	CIViC:6864|CIViC:6803|CIViC:6657|CIViC:6636|CIViC:5156|CIViC:5059	PubMed:25078357|PubMed:28388566|PubMed:27174753|PubMed:28650600|PubMed:17024664|PubMed:9829911	VHL (c.257C>G)	presence of	VHL	gene	sequence variation	mapped	HGVS nucleotide notation (c.257C>G) _ sequence variation in gene VHL
civic	CIViC:5725	PubMed:17024664	VHL (c.342dupGGT)	presence of	VHL	gene	sequence variation	mapped	HGVS nucleotide notation (c.342dupGGT) _ sequence variation in gene VHL
civic	CIViC:5689|CIViC:5845|CIViC:5488|CIViC:5332|CIViC:5099	PubMed:23298237|PubMed:25952756|PubMed:20850701|PubMed:20518900|PubMed:17661816	VHL (c.340+1G>A)	presence of	VHL	gene	sequence variation	mapped	HGVS nucleotide notation (c.340+1G>A) _ sequence variation in gene VHL
civic	CIViC:6862|CIViC:5426|CIViC:6557|CIViC:5749|CIViC:5641|CIViC:5744|CIViC:5203|CIViC:5682|CIViC:5766|CIViC:6121|CIViC:6794|CIViC:5386|CIViC:5340|CIViC:6743|CIViC:5447|CIViC:5750	PubMed:25078357|PubMed:11409863|PubMed:26763786|PubMed:17661816|PubMed:7987306|PubMed:17024664|PubMed:21463266|PubMed:23143947|PubMed:22357542|PubMed:28388566|PubMed:10761708|PubMed:8641976|PubMed:27439424|PubMed:20660572|PubMed:20151405	VHL (c.227_229delTCT)	presence of	VHL	gene	sequence variation	mapped	HGVS nucleotide notation (c.227_229delTCT) _ sequence variation in gene VHL
civic	CIViC:6878|CIViC:6612|CIViC:6581|CIViC:5254|CIViC:5232|CIViC:5214|CIViC:4910|CIViC:5294	PubMed:25078357|PubMed:25867206|PubMed:26763786|PubMed:19734639|PubMed:19215943|PubMed:21463266|PubMed:7728151|PubMed:9829912	VHL (c.470C>T)	presence of	VHL	gene	sequence variation	mapped	HGVS nucleotide notation (c.470C>T) _ sequence variation in gene VHL
civic	CIViC:4942	PubMed:7728151	VHL (c.497T>A)	presence of	VHL	gene	sequence variation	mapped	HGVS nucleotide notation (c.497T>A) _ sequence variation in gene VHL
civic	CIViC:6599|CIViC:6525	PubMed:26763786|PubMed:24132471	VHL REARRANGEMENT	presence of	VHL	gene	sequence variation	mapped	Fusion/rearrangement keyword _ sequence variation
civic	CIViC:5544	PubMed:12624160	VHL (c.436delC)	presence of	VHL	gene	sequence variation	mapped	HGVS nucleotide notation (c.436delC) _ sequence variation in gene VHL
civic	CIViC:5498|CIViC:4930	PubMed:12114495|PubMed:7728151	VHL (c.333C>G)	presence of	VHL	gene	sequence variation	mapped	HGVS nucleotide notation (c.333C>G) _ sequence variation in gene VHL
civic	CIViC:6588|CIViC:5183	PubMed:26763786|PubMed:21463266	VHL (c.500G>T)	presence of	VHL	gene	sequence variation	mapped	HGVS nucleotide notation (c.500G>T) _ sequence variation in gene VHL
civic	CIViC:5356	PubMed:8707293	VHL (c.463+2C>T)	presence of	VHL	gene	sequence variation	mapped	HGVS nucleotide notation (c.463+2C>T) _ sequence variation in gene VHL
civic	CIViC:1857	PubMed:7987306	VHL (c.164_165insA)	presence of	VHL	gene	sequence variation	mapped	HGVS nucleotide notation (c.164_165insA) _ sequence variation in gene VHL
civic	CIViC:6806|CIViC:6538|CIViC:6138|CIViC:5776	PubMed:28388566|PubMed:27617348|PubMed:11505222|PubMed:22357542	VHL (c.263G>A)	presence of	VHL	gene	sequence variation	mapped	HGVS nucleotide notation (c.263G>A) _ sequence variation in gene VHL
civic	CIViC:6328|CIViC:6105|CIViC:5299	PubMed:15709172|PubMed:8956040|PubMed:9829912	VHL (c.468T>G)	presence of	VHL	gene	sequence variation	mapped	HGVS nucleotide notation (c.468T>G) _ sequence variation in gene VHL
civic	CIViC:5178|CIViC:6605|CIViC:6571|CIViC:6511|CIViC:5756	PubMed:21463266|PubMed:25867206|PubMed:26763786|PubMed:24132471|PubMed:20151405	VHL (c.358A>G)	presence of	VHL	gene	sequence variation	mapped	HGVS nucleotide notation (c.358A>G) _ sequence variation in gene VHL
civic	CIViC:5553	PubMed:12624160	VHL (c.344delA)	presence of	VHL	gene	sequence variation	mapped	HGVS nucleotide notation (c.344delA) _ sequence variation in gene VHL
civic	CIViC:6678|CIViC:5740	PubMed:25834951|PubMed:17024664	VHL (c.606insA)	presence of	VHL	gene	sequence variation	mapped	HGVS nucleotide notation (c.606insA) _ sequence variation in gene VHL
civic	CIViC:5331|CIViC:6013|CIViC:5025|CIViC:5014	PubMed:20518900|PubMed:7977367|PubMed:17024664|PubMed:8730290	VHL (c.529A>T)	presence of	VHL	gene	sequence variation	mapped	HGVS nucleotide notation (c.529A>T) _ sequence variation in gene VHL
civic	CIViC:6912|CIViC:5195|CIViC:5165	PubMed:7915601|PubMed:21463266|PubMed:17024664	VHL (c.404delT)	presence of	VHL	gene	sequence variation	mapped	HGVS nucleotide notation (c.404delT) _ sequence variation in gene VHL
civic	CIViC:4956	PubMed:7987306	VHL (c.167insA)	presence of	VHL	gene	sequence variation	mapped	HGVS nucleotide notation (c.167insA) _ sequence variation in gene VHL
civic	CIViC:5529|CIViC:5457|CIViC:5266	PubMed:21384277|PubMed:20660572|PubMed:9829912	VHL (c.393C>A)	presence of	VHL	gene	sequence variation	mapped	HGVS nucleotide notation (c.393C>A) _ sequence variation in gene VHL
civic	CIViC:5413	PubMed:12000816	VHL (c.193T>G)	presence of	VHL	gene	sequence variation	mapped	HGVS nucleotide notation (c.193T>G) _ sequence variation in gene VHL
civic	CIViC:5735	PubMed:17024664	VHL (c.474_476delGAAinsC)	presence of	VHL	gene	sequence variation	mapped	HGVS nucleotide notation (c.474_476delGAAinsC) _ sequence variation in gene VHL
civic	CIViC:6579|CIViC:5218|CIViC:5847	PubMed:26763786|PubMed:21463266|PubMed:25952756	VHL (c.464T>G)	presence of	VHL	gene	sequence variation	mapped	HGVS nucleotide notation (c.464T>G) _ sequence variation in gene VHL
civic	CIViC:6572|CIViC:5188|CIViC:4972	PubMed:26763786|PubMed:21463266|PubMed:7987306	VHL (c.375_376insC)	presence of	VHL	gene	sequence variation	mapped	HGVS nucleotide notation (c.375_376insC) _ sequence variation in gene VHL
civic	CIViC:5275	PubMed:9829912	VHL (c.571delC)	presence of	VHL	gene	sequence variation	mapped	HGVS nucleotide notation (c.571delC) _ sequence variation in gene VHL
civic	CIViC:5595|CIViC:5446|CIViC:5424|CIViC:5374	PubMed:22156657|PubMed:20660572|PubMed:11409863|PubMed:8707293	VHL (c.221T>G)	presence of	VHL	gene	sequence variation	mapped	HGVS nucleotide notation (c.221T>G) _ sequence variation in gene VHL
civic	CIViC:6600|CIViC:5564|CIViC:5514	PubMed:25867206|PubMed:12807974|PubMed:12202531	VHL (c.331A>T)	presence of	VHL	gene	sequence variation	mapped	HGVS nucleotide notation (c.331A>T) _ sequence variation in gene VHL
civic	CIViC:6607	PubMed:25867206	VHL (c.397delA)	presence of	VHL	gene	sequence variation	mapped	HGVS nucleotide notation (c.397delA) _ sequence variation in gene VHL
civic	CIViC:6827|CIViC:5480|CIViC:5438|CIViC:5412|CIViC:4993	PubMed:28388566|PubMed:20846682|PubMed:11409863|PubMed:12000816|PubMed:7977367	VHL (c.407T>G)	presence of	VHL	gene	sequence variation	mapped	HGVS nucleotide notation (c.407T>G) _ sequence variation in gene VHL
civic	CIViC:5453	PubMed:20660572	VHL (c.349dupT)	presence of	VHL	gene	sequence variation	mapped	HGVS nucleotide notation (c.349dupT) _ sequence variation in gene VHL
civic	CIViC:6577|CIViC:6513|CIViC:5285	PubMed:26763786|PubMed:24132471|PubMed:9829912	VHL (c.462A>C)	presence of	VHL	gene	sequence variation	mapped	HGVS nucleotide notation (c.462A>C) _ sequence variation in gene VHL
civic	CIViC:6060	PubMed:7728151	VHL (c.244_252del)	presence of	VHL	gene	sequence variation	mapped	HGVS nucleotide notation (c.244_252del) _ sequence variation in gene VHL
civic	CIViC:6546	PubMed:25867206	VHL (c.197_209del)	presence of	VHL	gene	sequence variation	mapped	HGVS nucleotide notation (c.197_209del) _ sequence variation in gene VHL
civic	CIViC:5040	PubMed:9829911	VHL (c.301C>G)	presence of	VHL	gene	sequence variation	mapped	HGVS nucleotide notation (c.301C>G) _ sequence variation in gene VHL
civic	CIViC:5992	PubMed:25452615	BCL2 MUTATION	presence of	BCL2	gene	sequence variation	mapped	MUTATION/oncogenic mutation keyword _ sequence variation
civic	CIViC:407	PubMed:12075054	IGH-BCL2	presence of	IGH-BCL2	gene	sequence variation	mapped	GENE1-GENE2 fusion format _ sequence variation
civic	CIViC:499|CIViC:420	PubMed:23333114|PubMed:23620406	PBRM1 MUTATION	presence of	PBRM1	gene	sequence variation	mapped	MUTATION/oncogenic mutation keyword _ sequence variation
civic	CIViC:668|CIViC:1015|CIViC:425	PubMed:21926398|PubMed:26256760|PubMed:20601954	EZH2 MUTATION	presence of	EZH2	gene	sequence variation	mapped	MUTATION/oncogenic mutation keyword _ sequence variation
civic	CIViC:1494|CIViC:433|CIViC:432	PubMed:26304929|PubMed:20081860	EZH2 Y646					cannot map	No pattern matched 
civic	CIViC:2045|CIViC:5833	PubMed:28418267	BTK MUTATION	presence of	BTK	gene	sequence variation	mapped	MUTATION/oncogenic mutation keyword _ sequence variation
civic	CIViC:445|CIViC:446	PubMed:22440753|PubMed:23539443	APC MUTATION	presence of	APC	gene	sequence variation	mapped	MUTATION/oncogenic mutation keyword _ sequence variation
civic	CIViC:863	PubMed:25184630	AR 7	differential	AR	gene	sequence variation	uncertain	"The numerical modifier ""7"" is highly ambiguous. It could refer to exon 7, a splice variant (like AR-V7), or a clinical cluster, requiring source context to verify."
civic	CIViC:1521	PubMed:26000489	AR MUTATION	presence of	AR	gene	sequence variation	mapped	MUTATION/oncogenic mutation keyword _ sequence variation
civic	CIViC:448	PubMed:12517791	AR W742					cannot map	No pattern matched 
civic	CIViC:1513|CIViC:1508|CIViC:451|CIViC:1378|CIViC:449|CIViC:450|CIViC:1379	PubMed:27276561|PubMed:26124496|PubMed:25308295|PubMed:22031865|PubMed:25412851|PubMed:23018865	ASXL1 MUTATION	presence of	ASXL1	gene	sequence variation	mapped	MUTATION/oncogenic mutation keyword _ sequence variation
civic	CIViC:647	PubMed:26510020	ATM V2288FS*1	presence of	ATM	gene	sequence variation	mapped	Protein frameshift notation (e.g. V2288FS*1) _ sequence variation
civic	CIViC:1960|CIViC:2927|CIViC:1907|CIViC:455|CIViC:1539|CIViC:453|CIViC:452	PubMed:26510020|PubMed:21993670|PubMed:20124459|PubMed:20739657|PubMed:26837699|PubMed:23960094	ATM MUTATION	presence of	ATM	gene	sequence variation	mapped	MUTATION/oncogenic mutation keyword _ sequence variation
civic	CIViC:5929	PubMed:28389374	BAP1 (ATI)	absence of 	BAP1	protein	expression	mapped	"""ATI"" stands for ""Antigenic Tumor Inactivation"" or a lab-specific shorthand for ""Abnormal Tumor Immunohistochemistry"" (loss of expression). In BAP1 curation, this indicates a loss of nuclear staining, translating to an absence of protein expression."
civic	CIViC:1235|CIViC:1234|CIViC:459|CIViC:461|CIViC:460	PubMed:25970771|PubMed:22038994|PubMed:23797736|PubMed:23792563	BAP1 MUTATION	presence of	BAP1	gene	sequence variation	mapped	MUTATION/oncogenic mutation keyword _ sequence variation
civic	CIViC:476	PubMed:16254181	TMPRSS2-ERG	presence of	TMPRSS2-ERG	gene	sequence variation	mapped	GENE1-GENE2 fusion format _ sequence variation
civic	CIViC:475	PubMed:23706910	EWSR1-ERG	presence of	EWSR1-ERG	gene	sequence variation	mapped	GENE1-GENE2 fusion format _ sequence variation
civic	CIViC:625|CIViC:626	PubMed:19770381|PubMed:20445578	IKZF1 DELETION	presence of	IKZF1	gene	sequence variation	mapped	DELETION keyword _ sequence variation (loss of genetic material)
civic	CIViC:498	PubMed:12727991	PAX8-PPARG	presence of	PAX8-PPARG	gene	sequence variation	mapped	GENE1-GENE2 fusion format _ sequence variation
civic	CIViC:719|CIViC:511	PubMed:26508446|PubMed:19584151	SMAD4 MUTATION	presence of	SMAD4	gene	sequence variation	mapped	MUTATION/oncogenic mutation keyword _ sequence variation
civic	CIViC:1644	PubMed:12237773	SMAD4 DELETION	presence of	SMAD4	gene	sequence variation	mapped	DELETION keyword _ sequence variation (loss of genetic material)
civic	CIViC:560|CIViC:1412	PubMed:19273710	SMAD4 LOSS	presence of	SMAD4	gene	sequence variation	mapped	LOSS / LOSS-OF-FUNCTION _ sequence variation
civic	CIViC:217|CIViC:513	PubMed:24658004	SMARCA4 MUTATION	presence of	SMARCA4	gene	sequence variation	mapped	MUTATION/oncogenic mutation keyword _ sequence variation
civic	CIViC:980	PubMed:26765760	TERT RS2736100	presence of	TERT	gene	sequence variation	mapped	Polymorphism/SNP _ sequence variation
civic	CIViC:976|CIViC:657|CIViC:658|CIViC:515|CIViC:516	PubMed:26765760|PubMed:23766237|PubMed:25217772|PubMed:23955565	TERT MUTATION	presence of	TERT	gene	sequence variation	mapped	MUTATION/oncogenic mutation keyword _ sequence variation
civic	CIViC:4845	PubMed:24705250	Gain-of-Function	presence of		gene	sequence variation	cannot map	Gain-of-function stated without a gene name - entity missing
civic	CIViC:1488	PubMed:24943832	BIRC3 MUTATION	presence of	BIRC3	gene	sequence variation	mapped	MUTATION/oncogenic mutation keyword _ sequence variation
civic	CIViC:661|CIViC:1683	PubMed:27313181	RHOA MUTATION	presence of	RHOA	gene	sequence variation	mapped	MUTATION/oncogenic mutation keyword _ sequence variation
civic	CIViC:5988|CIViC:5989	PubMed:27735949|PubMed:19533750	ASS1 LOSS	presence of	ASS1	gene	sequence variation	mapped	LOSS / LOSS-OF-FUNCTION _ sequence variation
civic	CIViC:690	PubMed:19470935	ATR I774FS	presence of	ATR	gene	sequence variation	mapped	Protein frameshift notation (e.g. V2288FS*1) _ sequence variation
civic	CIViC:1569	PubMed:27433843	B2M S14FS	presence of	B2M	gene	sequence variation	mapped	Protein frameshift notation (e.g. V2288FS*1) _ sequence variation
civic	CIViC:640|CIViC:1717|CIViC:1638	PubMed:27568520	PRDM1 MUTATION	presence of	PRDM1	gene	sequence variation	mapped	MUTATION/oncogenic mutation keyword _ sequence variation
civic	CIViC:6382	PubMed:27069254	CALR MUTATION	presence of	CALR	gene	sequence variation	mapped	MUTATION/oncogenic mutation keyword _ sequence variation
civic	CIViC:1482|CIViC:1649|CIViC:1387	PubMed:26486786|PubMed:24496303|PubMed:25037629	CALR FRAMESHIFT	presence of	CALR	gene	sequence variation	mapped	FRAMESHIFT _ sequence variation (insertion/deletion causing frame shift)
civic	CIViC:1026|CIViC:1027	PubMed:22180162	CBFB-MYH11	presence of	CBFB-MYH11	gene	sequence variation	mapped	GENE1-GENE2 fusion format _ sequence variation
civic	CIViC:1637	PubMed:26732495	CBLB RS2305035	presence of	CBLB	gene	sequence variation	mapped	Polymorphism/SNP _ sequence variation
civic	CIViC:660|CIViC:1682	PubMed:27313181	CDH1 MUTATION	presence of	CDH1	gene	sequence variation	mapped	MUTATION/oncogenic mutation keyword _ sequence variation
civic	CIViC:860	PubMed:25587029	CDKN1B MISLOCALIZATION	presence of	CDKN1B	protein	expression	mapped	Mislocalization refers to the abnormal cellular distribution .
civic	CIViC:765|CIViC:1848	PubMed:16307009	CDKN2B METHYLATION	presence of	CDKN2B	DNA	modification	mapped	METHYLATION keyword _ presence of, modification (epigenetic mark on DNA)
civic	CIViC:1880|CIViC:1374	PubMed:27286459|PubMed:23898052	CDKN2B LOSS	presence of	CDKN2B	gene	sequence variation	mapped	LOSS / LOSS-OF-FUNCTION _ sequence variation
civic	CIViC:1389|CIViC:1388	PubMed:23656643	CSF3R MUTATION	presence of	CSF3R	gene	sequence variation	mapped	MUTATION/oncogenic mutation keyword _ sequence variation
civic	CIViC:2988	PubMed:25970248	CTNNB1 MUTATION	presence of	CTNNB1	gene	sequence variation	mapped	MUTATION/oncogenic mutation keyword _ sequence variation
civic	CIViC:1751	PubMed:26422378	GADD45A 1506T>C	presence of	GADD45A 	gene	sequence variation	mapped	"""1506T>C"" represents a specific single nucleotide substitution (T to C) at position 1506 of the GADD45A gene sequence. "
civic	CIViC:1785	PubMed:1568170	FUS-DDIT3	presence of	FUS-DDIT3	gene	sequence variation	mapped	GENE1-GENE2 fusion format _ sequence variation
civic	CIViC:1778	PubMed:8637704	EWSR1-DDIT3	presence of	EWSR1-DDIT3	gene	sequence variation	mapped	GENE1-GENE2 fusion format _ sequence variation
civic	CIViC:1801|CIViC:1800|CIViC:1803	PubMed:23988873	DPYD HOMOZYGOSITY	presence of	DPYD	gene	sequence variation	mapped	Zygosity term _ sequence variation
civic	CIViC:670|CIViC:1712	PubMed:23793026	EIF1AX MUTATION	presence of	EIF1AX	gene	sequence variation	mapped	MUTATION/oncogenic mutation keyword _ sequence variation
civic	CIViC:383|CIViC:932|CIViC:918	PubMed:22262166|PubMed:23340172	EIF4EBP1 PHOSPHORYLATION	presence of	EIF4EBP1	protein	modification	mapped	PHOSPHORYLATION keyword _ post-translational modification
civic	CIViC:770	PubMed:19718025	ERBB4 MUTATION	presence of	ERBB4	gene	sequence variation	mapped	MUTATION/oncogenic mutation keyword _ sequence variation
civic	CIViC:868|CIViC:867	PubMed:25153719	ERBB4 TRANSLOCATION	presence of	ERBB4	gene	sequence variation	mapped	Translocation _ structural sequence variation
civic	CIViC:665	PubMed:26338418	ERCC5 RS751402	presence of	ERCC5	gene	sequence variation	mapped	Polymorphism/SNP _ sequence variation
civic	CIViC:1060	PubMed:26893365	ETS2 RS461155	presence of	ETS2	gene	sequence variation	mapped	Polymorphism/SNP _ sequence variation
civic	CIViC:1104	PubMed:15448205	ZNF198-FGFR1	presence of	ZNF198-FGFR1	gene	sequence variation	mapped	GENE1-GENE2 fusion format _ sequence variation
civic	CIViC:1435|CIViC:1427	PubMed:27069254	FGFR1 FUSIONS	presence of	FGFR1	gene	sequence variation	mapped	Fusion/rearrangement keyword _ sequence variation
civic	CIViC:7009|CIViC:7011	PubMed:12039929|PubMed:28446439	PAX3-FOXO1	presence of	PAX3-FOXO1	gene	sequence variation	mapped	GENE1-GENE2 fusion format _ sequence variation
civic	CIViC:7010	PubMed:12039929	FOXO1 fusion	presence of	FOXO1	gene	sequence variation	mapped	Fusion/rearrangement keyword _ sequence variation
civic	CIViC:815	PubMed:26033044	FNTB RS11623866	presence of	FNTB	gene	sequence variation	mapped	Polymorphism/SNP _ sequence variation
civic	CIViC:1802	PubMed:26173738	FOS FUSION	presence of	FOS	gene	sequence variation	mapped	Fusion/rearrangement keyword _ sequence variation
civic	CIViC:705|CIViC:712	PubMed:24625776|PubMed:26490311	MTOR MUTATION	presence of	MTOR	gene	sequence variation	mapped	MUTATION/oncogenic mutation keyword _ sequence variation
civic	CIViC:1844	PubMed:15555571	ACTB-GLI1	presence of	ACTB-GLI1	gene	sequence variation	mapped	GENE1-GENE2 fusion format _ sequence variation
civic	CIViC:1212	PubMed:24938562	GNA11 Q209					cannot map	No pattern matched 
civic	CIViC:3049|CIViC:1952|CIViC:1228|CIViC:1211	PubMed:28103611|PubMed:24141786|PubMed:22805292|PubMed:26397223	GNA11 MUTATION	presence of	GNA11	gene	sequence variation	mapped	MUTATION/oncogenic mutation keyword _ sequence variation
civic	CIViC:1953|CIViC:1210|CIViC:1229	PubMed:24141786|PubMed:26397223|PubMed:22805292	GNAQ MUTATION	presence of	GNAQ	gene	sequence variation	mapped	MUTATION/oncogenic mutation keyword _ sequence variation
civic	CIViC:1213|CIViC:1233	PubMed:24938562|PubMed:23434733	GNAQ Q209					cannot map	No pattern matched 
civic	CIViC:1994	PubMed:27154293	GNAS MUTATION	presence of	GNAS	gene	sequence variation	mapped	MUTATION/oncogenic mutation keyword _ sequence variation
civic	CIViC:660	PubMed:25010864	GSTP1 DELETION	presence of	GSTP1	gene	sequence variation	mapped	DELETION keyword _ sequence variation (loss of genetic material)
civic	CIViC:1829	PubMed:25111426	MSH6 I891FS	presence of	MSH6	gene	sequence variation	mapped	Protein frameshift notation (e.g. V2288FS*1) _ sequence variation
civic	CIViC:787|CIViC:1878	PubMed:26674132	MSH6 LOSS	presence of	MSH6	gene	sequence variation	mapped	LOSS / LOSS-OF-FUNCTION _ sequence variation
civic	CIViC:5859	PubMed:28950338	SDC4-NRG1	presence of	SDC4-NRG1	gene	sequence variation	mapped	GENE1-GENE2 fusion format _ sequence variation
civic	CIViC:6273|CIViC:6096|CIViC:6095|CIViC:5858	PubMed:24727320|PubMed:29802158|PubMed:29610121|PubMed:28950338	NRG1 fusion	presence of	NRG1	gene	sequence variation	mapped	Fusion/rearrangement keyword _ sequence variation
civic	CIViC:1031	PubMed:26872370	HIF1A Polymorphism	presence of	HIF1A	gene	sequence variation	mapped	Polymorphism/SNP _ sequence variation
civic	CIViC:1899	PubMed:27959684	HLA-C HETEROZYGOSITY	presence of	HLA-C	gene	sequence variation	mapped	Zygosity term _ sequence variation
civic	CIViC:700	PubMed:26544513	HRAS MUTATION	presence of	HRAS	gene	sequence variation	mapped	MUTATION/oncogenic mutation keyword _ sequence variation
civic	CIViC:6960	PubMed:25448848	HRAS Q61					cannot map	No pattern matched 
civic	CIViC:1567	PubMed:27433843	JAK1 Q503*					cannot map	No pattern matched 
civic	CIViC:1901	PubMed:21309036	EPCAM DELETION	presence of	EPCAM	gene	sequence variation	mapped	DELETION keyword _ sequence variation (loss of genetic material)
civic	CIViC:1636	PubMed:27414035	MDM2 RS34886328	presence of	MDM2	gene	sequence variation	mapped	Polymorphism/SNP _ sequence variation
civic	CIViC:1169	PubMed:26916894	MDM2 SNP309	presence of	MDM2	gene	sequence variation	mapped	SNP309 refers to a well-known single nucleotide polymorphism in the promoter region of the MDM2 gene.
civic	CIViC:1695	PubMed:25625803	MEN1 TRUNCATION	presence of	MEN1	gene	sequence variation	mapped	Truncation _ sequence variation (premature stop)
civic	CIViC:1817	PubMed:25111426	MLH1 Q149*					cannot map	No pattern matched 
civic	CIViC:534|CIViC:1315	PubMed:24748501	MLH1 METHYLATION	presence of	MLH1	DNA	modification	mapped	METHYLATION keyword _ presence of, modification (epigenetic mark on DNA)
civic	CIViC:1798	PubMed:25111426	MLH1 R687FS	presence of	MLH1	gene	sequence variation	mapped	Protein frameshift notation (e.g. V2288FS*1) _ sequence variation
civic	CIViC:714|CIViC:1796	PubMed:25111426	MLH1 K618DEL	presence of	MLH1	gene	sequence variation	mapped	Refers to a specific in-frame deletion of lysine at codon 618 (K618del) within the MLH1 gene. 
civic	CIViC:1814	PubMed:25111426	MLH1 V213FS	presence of	MLH1	gene	sequence variation	mapped	Protein frameshift notation (e.g. V2288FS*1) _ sequence variation
civic	CIViC:1804	PubMed:25111426	MLH1 R100*					cannot map	No pattern matched 
civic	CIViC:1812	PubMed:25111426	MLH1 *757L					cannot map	No pattern matched 
civic	CIViC:1788	PubMed:25111426	MLH1 E13FS*3	presence of	MLH1	gene	sequence variation	mapped	Protein frameshift notation (e.g. V2288FS*1) _ sequence variation
civic	CIViC:1794	PubMed:25111426	MLH1 A	differential	MLH1	gene	sequence variation	uncertain	"The single-letter modifier ""A"" is highly ambiguous. "
civic	CIViC:1793	PubMed:25111426	MLH1 G606FS*2	presence of	MLH1	gene	sequence variation	mapped	Protein frameshift notation (e.g. V2288FS*1) _ sequence variation
civic	CIViC:1807	PubMed:25111426	MLH1 Q426FS	presence of	MLH1	gene	sequence variation	mapped	Protein frameshift notation (e.g. V2288FS*1) _ sequence variation
civic	CIViC:1820	PubMed:25111426	MLH1 P536FS	presence of	MLH1	gene	sequence variation	mapped	Protein frameshift notation (e.g. V2288FS*1) _ sequence variation
civic	CIViC:1818	PubMed:25111426	MLH1 R226*					cannot map	No pattern matched 
civic	CIViC:1810	PubMed:25111426	MLH1 D667FS	presence of	MLH1	gene	sequence variation	mapped	Protein frameshift notation (e.g. V2288FS*1) _ sequence variation
civic	CIViC:1029	PubMed:19357394	MLL-MLLT3	presence of	MLL-MLLT3	gene	sequence variation	mapped	GENE1-GENE2 fusion format _ sequence variation
civic	CIViC:1156|CIViC:1158	PubMed:26921265|PubMed:24327581	MMP2 LEVELS	differential	MMP2	protein	level	mapped	LEVELS keyword without direction _ differential | level
civic	CIViC:1157	PubMed:26921265	MMP9 LEVELS	differential	MMP9	protein	level	mapped	LEVELS keyword without direction _ differential | level
civic	CIViC:1016	PubMed:26510020	MRE11 MUTATION	presence of	MRE11	gene	sequence variation	mapped	MUTATION/oncogenic mutation keyword _ sequence variation
civic	CIViC:876|CIViC:877	PubMed:24927325|PubMed:26510020	MRE11 LOSS	presence of	MRE11	gene	sequence variation	mapped	LOSS / LOSS-OF-FUNCTION _ sequence variation
civic	CIViC:1827	PubMed:25111426	MSH2 E28FS	presence of	MSH2	gene	sequence variation	mapped	Protein frameshift notation (e.g. V2288FS*1) _ sequence variation
civic	CIViC:1790	PubMed:25111426	MSH2 R383*					cannot map	No pattern matched 
civic	CIViC:1826	PubMed:25111426	MSH2 V273FS	presence of	MSH2	gene	sequence variation	mapped	Protein frameshift notation (e.g. V2288FS*1) _ sequence variation
civic	CIViC:1834	PubMed:25111426	MSH2 K172*					cannot map	No pattern matched 
civic	CIViC:1877	PubMed:26674132	MSH2 LOSS	presence of	MSH2	gene	sequence variation	mapped	LOSS / LOSS-OF-FUNCTION _ sequence variation
civic	CIViC:1980	PubMed:26751376	MTAP DELETION	presence of	MTAP	gene	sequence variation	mapped	DELETION keyword _ sequence variation (loss of genetic material)
civic	CIViC:1957|CIViC:1956|CIViC:1743	PubMed:23171796|PubMed:26925841|PubMed:24373973	NF1 LOSS	presence of	NF1	gene	sequence variation	mapped	LOSS / LOSS-OF-FUNCTION _ sequence variation
civic	CIViC:1958|CIViC:1469|CIViC:1468|CIViC:1471|CIViC:1470	PubMed:28029918|PubMed:23171796|PubMed:23288408	NF1 MUTATION	presence of	NF1	gene	sequence variation	mapped	MUTATION/oncogenic mutation keyword _ sequence variation
civic	CIViC:1671	PubMed:25567352	NF2 MUTATION	presence of	NF2	gene	sequence variation	mapped	MUTATION/oncogenic mutation keyword _ sequence variation
civic	CIViC:715	PubMed:25878190	NF2 K159FS*16	presence of	NF2	gene	sequence variation	mapped	Protein frameshift notation (e.g. V2288FS*1) _ sequence variation
civic	CIViC:649	PubMed:25798586	NF2 Y177FS	presence of	NF2	gene	sequence variation	mapped	Protein frameshift notation (e.g. V2288FS*1) _ sequence variation
civic	CIViC:6394	PubMed:29683819	NTRK1-GON4L	presence of	NTRK1-GON4L	gene	sequence variation	mapped	GENE1-GENE2 fusion format _ sequence variation
civic	CIViC:6102	PubMed:29606586	PDE4DIP-NTRK1	presence of	PDE4DIP-NTRK1	gene	sequence variation	mapped	GENE1-GENE2 fusion format _ sequence variation
civic	CIViC:6101	PubMed:29606586	TMP3-NTRK1	presence of	TMP3-NTRK1	gene	sequence variation	mapped	GENE1-GENE2 fusion format _ sequence variation
civic	CIViC:6393	PubMed:29683819	NTRK1-DDR2	presence of	NTRK1-DDR2	gene	sequence variation	mapped	GENE1-GENE2 fusion format _ sequence variation
civic	CIViC:2960|CIViC:2955	PubMed:26546295|PubMed:26216294	LMNA-NTRK1	presence of	LMNA-NTRK1	gene	sequence variation	mapped	GENE1-GENE2 fusion format _ sequence variation
civic	CIViC:1868|CIViC:2950	PubMed:26565381|PubMed:28183697	SQSTM1-NTRK1	presence of	SQSTM1-NTRK1	gene	sequence variation	mapped	GENE1-GENE2 fusion format _ sequence variation
civic	CIViC:2948|CIViC:2956|CIViC:2953|CIViC:2947|CIViC:978|CIViC:1019	PubMed:28183697|PubMed:26216294|PubMed:26603524|PubMed:26565381|PubMed:26716414|PubMed:24162815	NTRK1 FUSIONS	presence of	NTRK1	gene	sequence variation	mapped	Fusion/rearrangement keyword _ sequence variation
civic	CIViC:6392	PubMed:29683819	NTRK1-TRIM63	presence of	NTRK1-TRIM63	gene	sequence variation	mapped	GENE1-GENE2 fusion format _ sequence variation
civic	CIViC:6396	PubMed:29920189	ETV6-NTRK2	presence of	ETV6-NTRK2	gene	sequence variation	mapped	GENE1-GENE2 fusion format _ sequence variation
civic	CIViC:6098	PubMed:29606586	NTRK2 fusion	presence of	NTRK2	gene	sequence variation	mapped	Fusion/rearrangement keyword _ sequence variation
civic	CIViC:1869|CIViC:1870	PubMed:26884591	ETV6-NTRK3	presence of	ETV6-NTRK3	gene	sequence variation	mapped	GENE1-GENE2 fusion format _ sequence variation
civic	CIViC:2949|CIViC:2954	PubMed:28183697|PubMed:26603524	NTRK3 FUSIONS	presence of	NTRK3	gene	sequence variation	mapped	Fusion/rearrangement keyword _ sequence variation
civic	CIViC:6473	PubMed:27093299	NTRK3 FUSION	presence of	NTRK3	gene	sequence variation	mapped	Fusion/rearrangement keyword _ sequence variation
civic	CIViC:1498|CIViC:1434|CIViC:1426	PubMed:16960151|PubMed:27069254	PDGFRB FUSIONS	presence of	PDGFRB	gene	sequence variation	mapped	Fusion/rearrangement keyword _ sequence variation
civic	CIViC:1310	PubMed:23835704	EBF1-PDGFRB	presence of	EBF1-PDGFRB	gene	sequence variation	mapped	GENE1-GENE2 fusion format _ sequence variation
civic	CIViC:1075	PubMed:22906996	ABCB1 S893A/T	presence of	ABCB1	gene	sequence variation	mapped	"""S893A/T"" indicates a multi-allelic codon variation at position 893 of ABCB1, where the wild-type Serine (S) can change to either Alanine (A) or Threonine (T). "
civic	CIViC:1612	PubMed:21358673	PIK3R1 MUTATION	presence of	PIK3R1	gene	sequence variation	mapped	MUTATION/oncogenic mutation keyword _ sequence variation
civic	CIViC:2046|CIViC:5834	PubMed:24869598	PLCG2 MUTATION	presence of	PLCG2	gene	sequence variation	mapped	MUTATION/oncogenic mutation keyword _ sequence variation
civic	CIViC:1214	PubMed:27001570	PMS2 K706FS*19	presence of	PMS2	gene	sequence variation	mapped	Protein frameshift notation (e.g. V2288FS*1) _ sequence variation
civic	CIViC:1862|CIViC:1861	PubMed:27159395|PubMed:27683556	POLE MUTATION	presence of	POLE	gene	sequence variation	mapped	MUTATION/oncogenic mutation keyword _ sequence variation
civic	CIViC:913	PubMed:23506848	PRKAA2 PHOSPHORYLATION	presence of	PRKAA2	protein	phosphorylation	mapped	PHOSPHORYLATION keyword _ post-translational modification
civic	CIViC:749	PubMed:26169613	PTCH1 LOH	presence of	PTCH1 	gene	sequence variation	mapped	"""LOH"" stands for Loss of Heterozygosity, a common genomic alteration in tumor suppressor genes like PTCH1."
civic	CIViC:748	PubMed:24651015	PTCH1 MUTATION	presence of	PTCH1	gene	sequence variation	mapped	MUTATION/oncogenic mutation keyword _ sequence variation
civic	CIViC:807	PubMed:26267899	PTPRD MUTATION	presence of	PTPRD	gene	sequence variation	mapped	MUTATION/oncogenic mutation keyword _ sequence variation
civic	CIViC:1111	PubMed:25445424	RAD51D R186*					cannot map	No pattern matched 
civic	CIViC:1630	PubMed:27020857	RB1 M695FS*26	presence of	RB1	gene	sequence variation	mapped	Protein frameshift notation (e.g. V2288FS*1) _ sequence variation
civic	CIViC:628|CIViC:1609	PubMed:25002028	RB1 PHOSPHORYLATION	presence of	RB1	protein	phosphorylation	mapped	PHOSPHORYLATION keyword _ post-translational modification
civic	CIViC:1866	PubMed:26802149	RB1 MUTATION	presence of	RB1	gene	sequence variation	mapped	MUTATION/oncogenic mutation keyword _ sequence variation
civic	CIViC:742	PubMed:24469055	RIT1 MUTATION	presence of	RIT1	gene	sequence variation	mapped	MUTATION/oncogenic mutation keyword _ sequence variation
civic	CIViC:2951|CIViC:1443|CIViC:1690|CIViC:1442|CIViC:1301|CIViC:1248|CIViC:1030|CIViC:688	PubMed:28183697|PubMed:22215748|PubMed:25922291|PubMed:25264305|PubMed:24296758|PubMed:26917690|PubMed:25667280	ROS1 REARRANGEMENT	presence of	ROS1	gene	sequence variation	mapped	Fusion/rearrangement keyword _ sequence variation
civic	CIViC:1444	PubMed:24875859	TFG-ROS1	presence of	TFG-ROS1	gene	sequence variation	mapped	GENE1-GENE2 fusion format _ sequence variation
civic	CIViC:391|CIViC:930	PubMed:22343617	RPS6 PHOSPHORYLATION	presence of	RPS6	protein	phosphorylation	mapped	PHOSPHORYLATION keyword _ post-translational modification
civic	CIViC:6442	PubMed:20193854	SDHB shift,	differential	SDHB	gene 	sequence variation	uncertain	"The term ""shift"" is highly ambiguous."
civic	CIViC:591|CIViC:1514	PubMed:27276561	SRSF2 MUTATION	presence of	SRSF2	gene	sequence variation	mapped	MUTATION/oncogenic mutation keyword _ sequence variation
civic	CIViC:1964|CIViC:1740	PubMed:26920892|PubMed:23620515	SMARCB1 DELETION	presence of	SMARCB1	gene	sequence variation	mapped	DELETION keyword _ sequence variation (loss of genetic material)
civic	CIViC:1477|CIViC:747|CIViC:746	PubMed:26546616|PubMed:25759020	SMO MUTATION	presence of	SMO	gene	sequence variation	mapped	MUTATION/oncogenic mutation keyword _ sequence variation
civic	CIViC:1710	PubMed:24670642	SOX10 LOSS	presence of	SOX10	gene	sequence variation	mapped	LOSS / LOSS-OF-FUNCTION _ sequence variation
civic	CIViC:1063|CIViC:1069|CIViC:1068|CIViC:1065|CIViC:1072|CIViC:1070|CIViC:1071	PubMed:11607825|PubMed:11122430|PubMed:9428816|PubMed:11782370|PubMed:11144931	SS18-SSX1	presence of	SS18-SSX1	gene	sequence variation	mapped	GENE1-GENE2 fusion format _ sequence variation
civic	CIViC:1073|CIViC:1066|CIViC:1067|CIViC:1064	PubMed:11782370|PubMed:9428816|PubMed:11607825	SS18-SSX2	presence of	SS18-SSX2	gene	sequence variation	mapped	GENE1-GENE2 fusion format _ sequence variation
civic	CIViC:1074	PubMed:10359553	SS18-SSX4	presence of	SS18-SSX4	gene	sequence variation	mapped	GENE1-GENE2 fusion format _ sequence variation
civic	CIViC:957	PubMed:22591296	STAT3 MUTATION	presence of	STAT3	gene	sequence variation	mapped	MUTATION/oncogenic mutation keyword _ sequence variation
civic	CIViC:750|CIViC:1769	PubMed:26625312|PubMed:26979979	STK11 MUTATION	presence of	STK11	gene	sequence variation	mapped	MUTATION/oncogenic mutation keyword _ sequence variation
civic	CIViC:1737|CIViC:1620|CIViC:1619|CIViC:1618|CIViC:1144	PubMed:12865922|PubMed:26027660|PubMed:19541609|PubMed:18281551|PubMed:22425996	STK11 LOSS	presence of	STK11	gene	sequence variation	mapped	LOSS / LOSS-OF-FUNCTION _ sequence variation
civic	CIViC:678	PubMed:20628391	TYMS REPEAT	presence of	TYMS	gene	sequence variation	uncertain	REPEAT variant - could be tandem repeat / microsatellite; mapped as sequence variation, flag for review
civic	CIViC:1843	PubMed:23652803	TYMS RS34743033	presence of	TYMS	gene	sequence variation	mapped	Polymorphism/SNP _ sequence variation
civic	CIViC:814	PubMed:26057002	WEE1 POLYMORPHISM	presence of	WEE1	gene	sequence variation	mapped	Polymorphism/SNP _ sequence variation
civic	CIViC:4826	PubMed:27364904	ARID1A P1175FS*5	presence of	ARID1A	gene	sequence variation	mapped	Protein frameshift notation (e.g. V2288FS*1) _ sequence variation
civic	CIViC:4487	PubMed:27364904	ARID1A Q456*					cannot map	No pattern matched
civic	CIViC:1281|CIViC:1280	PubMed:22426421	BCL2L11 POLYMORPHISM	presence of	BCL2L11	gene	sequence variation	mapped	Polymorphism/SNP _ sequence variation
civic	CIViC:1744	PubMed:26621817	SH2B3 RS3184504	presence of	SH2B3	gene	sequence variation	mapped	Polymorphism/SNP _ sequence variation
civic	CIViC:7124|CIViC:7125|CIViC:7017|CIViC:7008	PubMed:23252872|PubMed:24124145|PubMed:26146478|PubMed:22034177	NCOA2 fusion	presence of	NCOA2	gene	sequence variation	mapped	Fusion/rearrangement keyword _ sequence variation
civic	CIViC:1841	PubMed:23652803	SLCO1B1 RS4149056	presence of	SLCO1B1	gene	sequence variation	mapped	Polymorphism/SNP _ sequence variation
civic	CIViC:1164	PubMed:24512910	HSPH1 DELETION	presence of	HSPH1	gene	sequence variation	mapped	DELETION keyword _ sequence variation (loss of genetic material)
civic	CIViC:766|CIViC:1850|CIViC:1849	PubMed:26629066	CHEK2 1100DELC	presence of	CHEK2	gene	sequence variation	mapped	"""1100delC"" refers to a specific single-nucleotide deletion of cytosine at position 1100 in the CHEK2 gene sequence, which causes a frameshift. "
civic	CIViC:1854	PubMed:26629066	CHEK2 IVS2+1G>A	presence of	CHEK2	gene	gene	mapped	"""IVS2+1G>A"" refers to a specific single nucleotide substitution (G to A) at the first nucleotide of intron 2 (+1 position) of the CHEK2 gene, representing a classic splice donor site mutation. "
civic	CIViC:1781	PubMed:20871596	BRD4-NUTM1	presence of	BRD4-NUTM1	gene	sequence variation	mapped	GENE1-GENE2 fusion format _ sequence variation
civic	CIViC:1325	PubMed:27177629	PPP1R15A RS557806	presence of	PPP1R15A	gene	sequence variation	mapped	Polymorphism/SNP _ sequence variation
civic	CIViC:619|CIViC:1590	PubMed:27226433	POT1 MUTATION	presence of	POT1	gene	sequence variation	mapped	MUTATION/oncogenic mutation keyword _ sequence variation
civic	CIViC:1805	PubMed:21584898	WWTR1-CAMTA1	presence of	WWTR1-CAMTA1	gene	sequence variation	mapped	GENE1-GENE2 fusion format _ sequence variation
civic	CIViC:839	PubMed:23222956	SETBP1 MUTATION	presence of	SETBP1	gene	sequence variation	mapped	MUTATION/oncogenic mutation keyword _ sequence variation
civic	CIViC:1766	PubMed:23480694	CRBN MUTATION	presence of	CRBN	gene	sequence variation	mapped	MUTATION/oncogenic mutation keyword _ sequence variation
civic	CIViC:643|CIViC:679|CIViC:1645	PubMed:26428308|PubMed:22896685	LRP1B DELETION	presence of	LRP1B	gene	sequence variation	mapped	DELETION keyword _ sequence variation (loss of genetic material)
civic	CIViC:1724	PubMed:24550739	ERRFI1 E384*					cannot map	No pattern matched 
civic	CIViC:1795	PubMed:26313268	UGT1A1 UGT1A1*60	differential	UGT1A1	gene	sequence variation	mapped	"mapped ""UGT1A1*28"" refers to a critical polymorphic star allele (rs3064744) characterized by a TA-repeat insertion in the UGT1A1 promoter region. It serves as a multi-categorical variable for clinical genotyping."
civic	CIViC:1792	PubMed:26313268	UGT1A1 UGT1A1*28	differential	UGT1A3	gene	sequence variation	mapped	"""UGT1A1*28"" refers to a critical polymorphic star allele (rs3064744) characterized by a TA-repeat insertion in the UGT1A1 promoter region. It serves as a multi-categorical variable for clinical genotyping."
civic	CIViC:1681	PubMed:27313181	BCOR MUTATION	presence of	BCOR	gene	sequence variation	mapped	MUTATION/oncogenic mutation keyword _ sequence variation
civic	CIViC:1631|CIViC:718	PubMed:24586741|PubMed:26508446	FBXW7 MUTATION	presence of	FBXW7	gene	sequence variation	mapped	MUTATION/oncogenic mutation keyword _ sequence variation
civic	CIViC:664|CIViC:1696	PubMed:25303977	KMT2C MUTATION	presence of	KMT2C	gene	sequence variation	mapped	MUTATION/oncogenic mutation keyword _ sequence variation
civic	CIViC:1318	PubMed:18628482	PALB2 L531FS*30	presence of	PALB2	gene	sequence variation	mapped	Protein frameshift notation (e.g. V2288FS*1) _ sequence variation
civic	CIViC:1963|CIViC:1305	PubMed:26510020|PubMed:21135251	PALB2 INACTIVATION	presence of	PALB2	gene	sequence variation	mapped	Inactivation _ loss of function sequence variation
civic	CIViC:1761|CIViC:1762	PubMed:21177507	KLLN METHYLATION	presence of	KLLN	DNA	methylation	mapped	METHYLATION keyword _ presence of, modification (epigenetic mark on DNA)
civic	CIViC:1276|CIViC:1277	PubMed:27019113	DUX4 FUSIONS	presence of	DUX4	gene	sequence variation	mapped	Fusion/rearrangement keyword _ sequence variation
PMC_biomarker_sets		PubMed:32393302	FoundationOne CDx molecular profiling for DNA damage repair in ERCC2	presence of	ERCC2	gene	sequence variation	uncertain	I'm not sure about the change,and I think this biomarker describes the presence of DNA damage repair in ERCC2.
PMC_biomarker_sets		PubMed:32393302	FoundationOne CDx molecular profiling for DNA damage repair in ERCC3	presence of	ERCC3	gene	sequence variation	uncertain	I'm not sure about the change,and I think this biomarker describes the presence of DNA damage repair in ERCC3.
PMC_biomarker_sets		PubMed:32393302	FoundationOne CDx molecular profiling for DNA damage repair in ERCC4	presence of	ERCC4	gene	sequence variation	uncertain	I'm not sure about the change,and I think this biomarker describes the presence of DNA damage repair in ERCC4.
PMC_biomarker_sets		PubMed:32393302	FoundationOne CDx molecular profiling for DNA damage repair in ERCC5	presence of	ERCC5	gene	sequence variation	uncertain	I'm not sure about the change,and I think this biomarker describes the presence of DNA damage repair in ERCC5.
PMC_biomarker_sets		PubMed:32393302	FoundationOne CDx molecular profiling for DNA damage repair in MLH1	presence of	MLH1	gene	sequence variation	uncertain	I'm not sure about the change,and I think this biomarker describes the presence of DNA damage repair in MLH1.
PMC_biomarker_sets		PubMed:32393302	FoundationOne CDx molecular profiling for DNA damage repair in MSH2	presence of	MSH2	gene	sequence variation	uncertain	I'm not sure about the change,and I think this biomarker describes the presence of DNA damage repair in MSH2.
PMC_biomarker_sets		PubMed:32393302	FoundationOne CDx molecular profiling for DNA damage repair in MSH6	presence of	MSH6	gene	sequence variation	uncertain	I'm not sure about the change,and I think this biomarker describes the presence of DNA damage repair in MSH6.
PMC_biomarker_sets		PubMed:32393302	FoundationOne CDx molecular profiling for DNA damage repair in PMS1	presence of	PMS1	gene	sequence variation	uncertain	I'm not sure about the change,and I think this biomarker describes the presence of DNA damage repair in PMS1.
PMC_biomarker_sets		PubMed:32393302	FoundationOne CDx molecular profiling for DNA damage repair in PMS2	presence of	PMS2	gene	sequence variation	uncertain	I'm not sure about the change,and I think this biomarker describes the presence of DNA damage repair in PMS2.
PMC_biomarker_sets		PubMed:32393302	FoundationOne CDx molecular profiling for DNA damage repair in BRCA2	presence of	BRCA2	gene	sequence variation	uncertain	I'm not sure about the change,and I think this biomarker describes the presence of DNA damage repair in BRCA2.
PMC_biomarker_sets		PubMed:32393302	FoundationOne CDx molecular profiling for DNA damage repair in BRIP1	presence of	BRIP1	gene	sequence variation	uncertain	I'm not sure about the change,and I think this biomarker describes the presence of DNA damage repair in BRIP1.
PMC_biomarker_sets		PubMed:32393302	FoundationOne CDx molecular profiling for DNA damage repair in FANCA	presence of	FANCA	gene	sequence variation	uncertain	I'm not sure about the change,and I think this biomarker describes the presence of DNA damage repair in FANCA.
PMC_biomarker_sets		PubMed:32393302	FoundationOne CDx molecular profiling for DNA damage repair in FANCC	presence of	FANCC	gene	sequence variation	uncertain	I'm not sure about the change,and I think this biomarker describes the presence of DNA damage repair in FANCC.
PMC_biomarker_sets		PubMed:32393302	FoundationOne CDx molecular profiling for DNA damage repair in RAD51C	presence of	RAD51C	gene	sequence variation	uncertain	I'm not sure about the change,and I think this biomarker describes the presence of DNA damage repair in RAD51C.
PMC_biomarker_sets		PubMed:32393302	FoundationOne CDx molecular profiling for DNA damage repair in BLM	presence of	BLM	gene	sequence variation	uncertain	I'm not sure about the change,and I think this biomarker describes the presence of DNA damage repair in BLM.
PMC_biomarker_sets		PubMed:32393302	FoundationOne CDx molecular profiling for DNA damage repair in BRCA1	presence of	BRCA1	gene	sequence variation	uncertain	I'm not sure about the change,and I think this biomarker describes the presence of DNA damage repair in BRCA1.
PMC_biomarker_sets		PubMed:32393302	FoundationOne CDx molecular profiling for DNA damage repair in MRE11A	presence of	MRE11A	gene	sequence variation	uncertain	I'm not sure about the change,and I think this biomarker describes the presence of DNA damage repair in MRE11A.
PMC_biomarker_sets		PubMed:32393302	FoundationOne CDx molecular profiling for DNA damage repair in NBN	presence of	NBN	gene	sequence variation	uncertain	I'm not sure about the change,and I think this biomarker describes the presence of DNA damage repair in BLM.
PMC_biomarker_sets		PubMed:32393302	FoundationOne CDx molecular profiling for DNA damage repair in RAD50	presence of	RAD50	gene	sequence variation	uncertain	Panel biomarker listing - no direction or aspect explicitly stated; defaulting to differential | level. Flag for review: may need protein/expression if context is known.
PMC_biomarker_sets		PubMed:32393302	FoundationOne CDx molecular profiling for DNA damage repair in RAD51	presence of	RAD51	gene	sequence variation	uncertain	Panel biomarker listing - no direction or aspect explicitly stated; defaulting to differential | level. Flag for review: may need protein/expression if context is known.
PMC_biomarker_sets		PubMed:32393302	FoundationOne CDx molecular profiling for DNA damage repair in RAD51B	presence of	RAD51B	gene	sequence variation	uncertain	Panel biomarker listing - no direction or aspect explicitly stated; defaulting to differential | level. Flag for review: may need protein/expression if context is known.
PMC_biomarker_sets		PubMed:32393302	FoundationOne CDx molecular profiling for DNA damage repair in RAD51D	presence of	RAD51D	gene	sequence variation	uncertain	Panel biomarker listing - no direction or aspect explicitly stated; defaulting to differential | level. Flag for review: may need protein/expression if context is known.
PMC_biomarker_sets		PubMed:32393302	FoundationOne CDx molecular profiling for DNA damage repair in RAD52	presence of	RAD52	gene	sequence variation	uncertain	Panel biomarker listing - no direction or aspect explicitly stated; defaulting to differential | level. Flag for review: may need protein/expression if context is known.
PMC_biomarker_sets		PubMed:32393302	FoundationOne CDx molecular profiling for DNA damage repair in RAD54L	presence of	RAD54L	gene	sequence variation	uncertain	Panel biomarker listing - no direction or aspect explicitly stated; defaulting to differential | level. Flag for review: may need protein/expression if context is known.
PMC_biomarker_sets		PubMed:32393302	FoundationOne CDx molecular profiling for DNA damage repair in ATM	presence of	ATM	gene	sequence variation	uncertain	Panel biomarker listing - no direction or aspect explicitly stated; defaulting to differential | level. Flag for review: may need protein/expression if context is known.
PMC_biomarker_sets		PubMed:32393302	FoundationOne CDx molecular profiling for DNA damage repair in ATR	presence of	ATR	gene	sequence variation	uncertain	Panel biomarker listing - no direction or aspect explicitly stated; defaulting to differential | level. Flag for review: may need protein/expression if context is known.
PMC_biomarker_sets		PubMed:32393302	FoundationOne CDx molecular profiling for DNA damage repair in CHEK2	presence of	CHEK2	gene	sequence variation	uncertain	Panel biomarker listing - no direction or aspect explicitly stated; defaulting to differential | level. Flag for review: may need protein/expression if context is known.
PMC_biomarker_sets		PubMed:32393302	FoundationOne CDx molecular profiling for DNA damage repair in MDC1	presence of	MDC1	gene	sequence variation	uncertain	Panel biomarker listing - no direction or aspect explicitly stated; defaulting to differential | level. Flag for review: may need protein/expression if context is known.
PMC_biomarker_sets		PubMed:32393302	FoundationOne CDx molecular profiling for DNA damage repair in POLE	presence of	POLE	gene	sequence variation	uncertain	Panel biomarker listing - no direction or aspect explicitly stated; defaulting to differential | level. Flag for review: may need protein/expression if context is known.
PMC_biomarker_sets		PubMed:32393302	FoundationOne CDx molecular profiling for DNA damage repair in MUTYH	presence of	MUTYH	gene	sequence variation	uncertain	Panel biomarker listing - no direction or aspect explicitly stated; defaulting to differential | level. Flag for review: may need protein/expression if context is known.
PMC_biomarker_sets		PubMed:32393302	FoundationOne CDx molecular profiling for DNA damage repair in PARP1	presence of	PARP1	gene	sequence variation	uncertain	Panel biomarker listing - no direction or aspect explicitly stated; defaulting to differential | level. Flag for review: may need protein/expression if context is known.
PMC_biomarker_sets		PubMed:32393302	FoundationOne CDx molecular profiling for DNA damage repair in RECQL4	presence of	RECQL4	gene	sequence variation	uncertain	Panel biomarker listing - no direction or aspect explicitly stated; defaulting to differential | level. Flag for review: may need protein/expression if context is known.
PMC_biomarker_sets		PubMed:32393302	FoundationOne CDx molecular profiling for DNA damage repair in EGFR	presence of	EGFR	gene	sequence variation	uncertain	Panel biomarker listing - no direction or aspect explicitly stated; defaulting to differential | level. Flag for review: may need protein/expression if context is known.
PMC_biomarker_sets		PubMed:32393302	FoundationOne CDx molecular profiling for DNA damage repair in BRAF	presence of	BRAF	gene	sequence variation	uncertain	Panel biomarker listing - no direction or aspect explicitly stated; defaulting to differential | level. Flag for review: may need protein/expression if context is known.
PMC_biomarker_sets		PubMed:32393302	FoundationOne CDx molecular profiling for DNA damage repair in ALK	presence of	ALK	gene	sequence variation	uncertain	Panel biomarker listing - no direction or aspect explicitly stated; defaulting to differential | level. Flag for review: may need protein/expression if context is known.
PMC_biomarker_sets		PubMed:32393302	FoundationOne CDx molecular profiling for DNA damage repair in ROS1	presence of	ROS1	gene	sequence variation	uncertain	Panel biomarker listing - no direction or aspect explicitly stated; defaulting to differential | level. Flag for review: may need protein/expression if context is known.
PMC_biomarker_sets		PubMed:32393302	FoundationOne CDx molecular profiling for DNA damage repair in ERBB2	presence of	ERBB2	gene	sequence variation	uncertain	Panel biomarker listing - no direction or aspect explicitly stated; defaulting to differential | level. Flag for review: may need protein/expression if context is known.
PMC_biomarker_sets		PubMed:32393302	FoundationOne CDx molecular profiling for DNA damage repair in MET	presence of	MET	gene	sequence variation	uncertain	Panel biomarker listing - no direction or aspect explicitly stated; defaulting to differential | level. Flag for review: may need protein/expression if context is known.
PMC_biomarker_sets		PubMed:32393302	FoundationOne CDx molecular profiling for DNA damage repair in RET	presence of	RET	gene	sequence variation	uncertain	Panel biomarker listing - no direction or aspect explicitly stated; defaulting to differential | level. Flag for review: may need protein/expression if context is known.
PMC_biomarker_sets		PubMed:32393302	FoundationOne CDx molecular profiling for DNA damage repair in ESR1	presence of	ESR1	gene	sequence variation	uncertain	Panel biomarker listing - no direction or aspect explicitly stated; defaulting to differential | level. Flag for review: may need protein/expression if context is known.
PMC_biomarker_sets		PubMed:32393302	FoundationOne CDx molecular profiling for DNA damage repair in PIK3CA	presence of	PIK3CA	gene	sequence variation	uncertain	Panel biomarker listing - no direction or aspect explicitly stated; defaulting to differential | level. Flag for review: may need protein/expression if context is known.
PMC_biomarker_sets		PubMed:32393302	FoundationOne CDx molecular profiling for DNA damage repair in PALB2	presence of	PALB2	gene	sequence variation	uncertain	Panel biomarker listing - no direction or aspect explicitly stated; defaulting to differential | level. Flag for review: may need protein/expression if context is known.
PMC_biomarker_sets		PubMed:35595781	Plasma concentration changes in NPPB	differential	NPPB	protein	level	mapped	Plasma concentration change without direction _ differential | level
PMC_biomarker_sets		PubMed:35595781	Plasma concentration changes in BNP	differential	BNP	protein	level	mapped	Plasma concentration change without direction _ differential | level
PMC_biomarker_sets		PubMed:35595781	Plasma concentration changes in TIMD4	differential	TIMD4	protein	level	mapped	Plasma concentration change without direction _ differential | level
PMC_biomarker_sets		PubMed:35595781	Plasma concentration changes in FGF23	differential	FGF23	protein	level	mapped	Plasma concentration change without direction _ differential | level
PMC_biomarker_sets		PubMed:35595781	Plasma concentration changes in GDF15	differential	GDF15	protein	level	mapped	Plasma concentration change without direction _ differential | level
PMC_biomarker_sets		PubMed:35595781	Plasma concentration changes in SPON1	differential	SPON1	protein	level	mapped	Plasma concentration change without direction _ differential | level
PMC_biomarker_sets		PubMed:34795631	Therapeutic hypothermia affected serum biomarker of MAPT	differential	MAPT	protein	level	uncertain	Effect of therapeutic intervention on serum biomarker - direction unstated; mapped differential | level but flag for review
PMC_biomarker_sets		PubMed:34795631	Therapeutic hypothermia affected serum biomarker of VEGF	differential	VEGF	protein	level	uncertain	Effect of therapeutic intervention on serum biomarker - direction unstated; mapped differential | level but flag for review
PMC_biomarker_sets		PubMed:34795631	Therapeutic hypothermia affected serum biomarker of GFAP	differential	GFAP	protein	level	uncertain	Effect of therapeutic intervention on serum biomarker - direction unstated; mapped differential | level but flag for review
PMC_biomarker_sets		PubMed:34795631	Therapeutic hypothermia affected serum biomarker of IL10	differential	IL10	protein	level	uncertain	Effect of therapeutic intervention on serum biomarker - direction unstated; mapped differential | level but flag for review
PMC_biomarker_sets		PubMed:34869664	Changes in elevated expression levels of KIM1	differential	KIM1	protein	level	mapped	LEVELS keyword without direction _ differential | level
PMC_biomarker_sets		PubMed:34869664	Changes in elevated expression levels of BMP9	differential	BMP9	protein	level	mapped	LEVELS keyword without direction _ differential | level
PMC_biomarker_sets		PubMed:34869664	Changes in elevated expression levels of TNNT1	differential	TNNT1	protein	level	mapped	LEVELS keyword without direction _ differential | level
PMC_biomarker_sets		PubMed:34869664	Changes in elevated expression levels of NPPB	differential	NPPB	protein	level	mapped	LEVELS keyword without direction _ differential | level
PMC_biomarker_sets		PubMed:34869664	Changes in elevated expression levels of SLAMF7	differential	SLAMF7	protein	level	mapped	LEVELS keyword without direction _ differential | level
PMC_biomarker_sets		PubMed:34869664	Changes in elevated expression levels of IL4RA	differential	IL4RA	protein	level	mapped	LEVELS keyword without direction _ differential | level
PMC_biomarker_sets		PubMed:34869664	Changes in elevated expression levels of THBS2	differential	THBS2	protein	level	mapped	LEVELS keyword without direction _ differential | level
PMC_biomarker_sets		PubMed:34869664	Changes in elevated expression levels of AGRP	differential	AGRP	protein	level	mapped	LEVELS keyword without direction _ differential | level
PMC_biomarker_sets		PubMed:34869664	Changes in elevated expression levels of CD4	differential	CD4	protein	level	mapped	LEVELS keyword without direction _ differential | level
PMC_biomarker_sets		PubMed:34869664	Changes in elevated expression levels of PRELP	differential	PRELP	protein	level	mapped	LEVELS keyword without direction _ differential | level
PMC_biomarker_sets		PubMed:34869664	Changes in elevated expression levels of PTX3	differential	PTX3	protein	level	mapped	LEVELS keyword without direction _ differential | level
PMC_biomarker_sets		PubMed:34869664	Changes in elevated expression levels of CTSL1	differential	CTSL1	protein	level	mapped	LEVELS keyword without direction _ differential | level
PMC_biomarker_sets		PubMed:34869664	Changes in elevated expression levels of ADM	differential	ADM	protein	level	mapped	LEVELS keyword without direction _ differential | level
PMC_biomarker_sets		PubMed:34869664	Changes in elevated expression levels of PGF	differential	PGF	protein	level	mapped	LEVELS keyword without direction _ differential | level
PMC_biomarker_sets		PubMed:34869664	Changes in elevated expression levels of TNFRSF11A	differential	TNFRSF11A	protein	level	mapped	LEVELS keyword without direction _ differential | level
PMC_biomarker_sets		PubMed:34869664	Changes in elevated expression levels of TEK	differential	TEK	protein	level	mapped	LEVELS keyword without direction _ differential | level
PMC_biomarker_sets		PubMed:34869664	Changes in elevated expression levels of SPON2	differential	SPON2	protein	level	mapped	LEVELS keyword without direction _ differential | level
PMC_biomarker_sets		PubMed:29694444	One-carbon metabolism panel including MTHFR	differential	MTHFR	gene	sequence variation	uncertain	After reviewing the literature, I found that the “One-carbon metabolism panel”is primarily assessed in clinical practice through genomic sequencing, with its core attribute defined as a gene.But I am not sure about it.
PMC_biomarker_sets		PubMed:29694444	One-carbon metabolism panel including MTHFD1	differential	MTHFD1	gene	sequence variation	uncertain	After reviewing the literature, I found that the “One-carbon metabolism panel”is primarily assessed in clinical practice through genomic sequencing, with its core attribute defined as a gene.But I am not sure about it.
PMC_biomarker_sets		PubMed:29694444	One-carbon metabolism panel including MTRR	differential	MTRR	gene	sequence variation	uncertain	After reviewing the literature, I found that the “One-carbon metabolism panel”is primarily assessed in clinical practice through genomic sequencing, with its core attribute defined as a gene.But I am not sure about it.
PMC_biomarker_sets		PubMed:29694444	One-carbon metabolism panel including TCN2	differential	TCN2	gene	sequence variation	uncertain	After reviewing the literature, I found that the “One-carbon metabolism panel”is primarily assessed in clinical practice through genomic sequencing, with its core attribute defined as a gene.But I am not sure about it.
PMC_biomarker_sets		PubMed:29694444	One-carbon metabolism panel including CTH	differential	CTH	gene	sequence variation	uncertain	After reviewing the literature, I found that the “One-carbon metabolism panel”is primarily assessed in clinical practice through genomic sequencing, with its core attribute defined as a gene.But I am not sure about it.
PMC_biomarker_sets		PubMed:29694444	One-carbon metabolism panel including MTR	differential	MTR	gene	sequence variation	uncertain	After reviewing the literature, I found that the “One-carbon metabolism panel”is primarily assessed in clinical practice through genomic sequencing, with its core attribute defined as a gene.But I am not sure about it.
PMC_biomarker_sets		PubMed:29694444	One-carbon metabolism panel including CBS	differential	CBS	gene	sequence variation	uncertain	After reviewing the literature, I found that the “One-carbon metabolism panel”is primarily assessed in clinical practice through genomic sequencing, with its core attribute defined as a gene.But I am not sure about it.
PMC_biomarker_sets		PubMed:29694444	One-carbon metabolism panel including DHFR	differential	DHFR	gene	sequence variation	uncertain	After reviewing the literature, I found that the “One-carbon metabolism panel”is primarily assessed in clinical practice through genomic sequencing, with its core attribute defined as a gene.But I am not sure about it.
PMC_biomarker_sets		PubMed:29694444	One-carbon metabolism panel including BHMT	differential	BHMT	gene	sequence variation	uncertain	After reviewing the literature, I found that the “One-carbon metabolism panel”is primarily assessed in clinical practice through genomic sequencing, with its core attribute defined as a gene.But I am not sure about it.
PMC_biomarker_sets		PubMed:29694444	One-carbon metabolism panel including TYMS	differential	TYMS	gene	sequence variation	uncertain	After reviewing the literature, I found that the “One-carbon metabolism panel”is primarily assessed in clinical practice through genomic sequencing, with its core attribute defined as a gene.But I am not sure about it.
PMC_biomarker_sets		PubMed:29694444	One-carbon metabolism panel including SLC19A1	differential	SLC19A1	gene	sequence variation	uncertain	After reviewing the literature, I found that the “One-carbon metabolism panel”is primarily assessed in clinical practice through genomic sequencing, with its core attribute defined as a gene.But I am not sure about it.
PMC_biomarker_sets		PubMed:29694444	One-carbon metabolism panel including SHMT1	differential	SHMT1	gene	sequence variation	uncertain	After reviewing the literature, I found that the “One-carbon metabolism panel”is primarily assessed in clinical practice through genomic sequencing, with its core attribute defined as a gene.But I am not sure about it.
PMC_biomarker_sets		PubMed:29694444	One-carbon metabolism panel including FOLR1	differential	FOLR1	gene	sequence variation	uncertain	After reviewing the literature, I found that the “One-carbon metabolism panel”is primarily assessed in clinical practice through genomic sequencing, with its core attribute defined as a gene.But I am not sure about it.
PMC_biomarker_sets		PubMed:22113448	Fluoxetine Response markers GNB1	differential	GNB1	protein	level	uncertain	Panel biomarker listing - no direction or aspect explicitly stated; defaulting to differential | level. Flag for review: may need protein/expression if context is known.
PMC_biomarker_sets		PubMed:22113448	Fluoxetine Response markers GFAP	differential	GFAP	protein	level	uncertain	Panel biomarker listing - no direction or aspect explicitly stated; defaulting to differential | level. Flag for review: may need protein/expression if context is known.
PMC_biomarker_sets		PubMed:22113448	Fluoxetine Response markers S100B	differential	S100B	protein	level	uncertain	Panel biomarker listing - no direction or aspect explicitly stated; defaulting to differential | level. Flag for review: may need protein/expression if context is known.
PMC_biomarker_sets		PubMed:22113448	Fluoxetine Response markers HDAC5	differential	HDAC5	protein	level	uncertain	Panel biomarker listing - no direction or aspect explicitly stated; defaulting to differential | level. Flag for review: may need protein/expression if context is known.
PMC_biomarker_sets		PubMed:37209815	Normal to Chronic Hepatitis B panel biomarker C7	differential	C7	protein	level	uncertain	Panel biomarker listing - no direction or aspect explicitly stated; defaulting to differential | level. Flag for review: may need protein/expression if context is known.
PMC_biomarker_sets		PubMed:37209815	Normal to Chronic Hepatitis B panel biomarker ANPEP	differential	ANPEP	protein	level	uncertain	Panel biomarker listing - no direction or aspect explicitly stated; defaulting to differential | level. Flag for review: may need protein/expression if context is known.
PMC_biomarker_sets		PubMed:37209815	Normal to Chronic Hepatitis B panel biomarker IGLV319	differential	IGLV319	protein	level	uncertain	Panel biomarker listing - no direction or aspect explicitly stated; defaulting to differential | level. Flag for review: may need protein/expression if context is known.
PMC_biomarker_sets		PubMed:37209815	Normal to Chronic Hepatitis B panel biomarker IGLV140	differential	IGLV140	protein	level	uncertain	Panel biomarker listing - no direction or aspect explicitly stated; defaulting to differential | level. Flag for review: may need protein/expression if context is known.
PMC_biomarker_sets		PubMed:37209815	Normal to Chronic Hepatitis B panel biomarker QSOX1	differential	QSOX1	protein	level	uncertain	Panel biomarker listing - no direction or aspect explicitly stated; defaulting to differential | level. Flag for review: may need protein/expression if context is known.
PMC_biomarker_sets		PubMed:37209815	Normal to Chronic Hepatitis B panel biomarker IGLV327	differential	IGLV327	protein	level	uncertain	Panel biomarker listing - no direction or aspect explicitly stated; defaulting to differential | level. Flag for review: may need protein/expression if context is known.
PMC_biomarker_sets		PubMed:37209815	Normal to Chronic Hepatitis B panel biomarker IGHV551	differential	IGHV551	protein	level	uncertain	Panel biomarker listing - no direction or aspect explicitly stated; defaulting to differential | level. Flag for review: may need protein/expression if context is known.
PMC_biomarker_sets		PubMed:37209815	Normal to Chronic Hepatitis B panel biomarker IGHV434	differential	IGHV434	protein	level	uncertain	Panel biomarker listing - no direction or aspect explicitly stated; defaulting to differential | level. Flag for review: may need protein/expression if context is known.
PMC_biomarker_sets		PubMed:37209815	Normal to Chronic Hepatitis B panel biomarker IGKV41	differential	IGKV41	protein	level	uncertain	Panel biomarker listing - no direction or aspect explicitly stated; defaulting to differential | level. Flag for review: may need protein/expression if context is known.
PMC_biomarker_sets		PubMed:37209815	Normal to Chronic Hepatitis B panel biomarker SERPINA3	differential	SERPINA3	protein	level	uncertain	Panel biomarker listing - no direction or aspect explicitly stated; defaulting to differential | level. Flag for review: may need protein/expression if context is known.
PMC_biomarker_sets		PubMed:37209815	Normal to Chronic Hepatitis B panel biomarker HABP2	differential	HABP2	protein	level	uncertain	Panel biomarker listing - no direction or aspect explicitly stated; defaulting to differential | level. Flag for review: may need protein/expression if context is known.
PMC_biomarker_sets		PubMed:37209815	Normal to Chronic Hepatitis B panel biomarker LCAT	differential	LCAT	protein	level	uncertain	Panel biomarker listing - no direction or aspect explicitly stated; defaulting to differential | level. Flag for review: may need protein/expression if context is known.
PMC_biomarker_sets		PubMed:37209815	Normal to Chronic Hepatitis B panel biomarker RBP4	differential	RBP4	protein	level	uncertain	Panel biomarker listing - no direction or aspect explicitly stated; defaulting to differential | level. Flag for review: may need protein/expression if context is known.
PMC_biomarker_sets		PubMed:37209815	Normal to Chronic Hepatitis B panel biomarker F10	differential	F10	protein	level	uncertain	Panel biomarker listing - no direction or aspect explicitly stated; defaulting to differential | level. Flag for review: may need protein/expression if context is known.
PMC_biomarker_sets		PubMed:37209815	Normal to Chronic Hepatitis B panel biomarker ORM1	differential	ORM1	protein	level	uncertain	Panel biomarker listing - no direction or aspect explicitly stated; defaulting to differential | level. Flag for review: may need protein/expression if context is known.
PMC_biomarker_sets		PubMed:37209815	Normal to Chronic Hepatitis B panel biomarker C4BPB	differential	C4BPB	protein	level	uncertain	Panel biomarker listing - no direction or aspect explicitly stated; defaulting to differential | level. Flag for review: may need protein/expression if context is known.
PMC_biomarker_sets		PubMed:37209815	Normal to Chronic Hepatitis B panel biomarker PCYOX1	differential	PCYOX1	protein	level	uncertain	Panel biomarker listing - no direction or aspect explicitly stated; defaulting to differential | level. Flag for review: may need protein/expression if context is known.
PMC_biomarker_sets		PubMed:37209815	Normal to Chronic Hepatitis B panel biomarker CFHR2	differential	CFHR2	protein	level	uncertain	Panel biomarker listing - no direction or aspect explicitly stated; defaulting to differential | level. Flag for review: may need protein/expression if context is known.
PMC_biomarker_sets		PubMed:37209815	Normal to Chronic Hepatitis B panel biomarker CPN1	differential	CPN1	protein	level	uncertain	Panel biomarker listing - no direction or aspect explicitly stated; defaulting to differential | level. Flag for review: may need protein/expression if context is known.
PMC_biomarker_sets		PubMed:37209815	Normal to Chronic Hepatitis B panel biomarker F2	differential	F2	protein	level	uncertain	Panel biomarker listing - no direction or aspect explicitly stated; defaulting to differential | level. Flag for review: may need protein/expression if context is known.
PMC_biomarker_sets		PubMed:37209815	Normal to Liver Cirrhosis panel biomarker VWF	differential	VWF	protein	level	uncertain	Panel biomarker listing - no direction or aspect explicitly stated; defaulting to differential | level. Flag for review: may need protein/expression if context is known.
PMC_biomarker_sets		PubMed:37209815	Normal to Liver Cirrhosis panel biomarker IGKV41	differential	IGKV41	protein	level	uncertain	Panel biomarker listing - no direction or aspect explicitly stated; defaulting to differential | level. Flag for review: may need protein/expression if context is known.
PMC_biomarker_sets		PubMed:37209815	Normal to Liver Cirrhosis panel biomarker HSPG2	differential	HSPG2	protein	level	uncertain	Panel biomarker listing - no direction or aspect explicitly stated; defaulting to differential | level. Flag for review: may need protein/expression if context is known.
PMC_biomarker_sets		PubMed:37209815	Normal to Liver Cirrhosis panel biomarker NRP1	differential	NRP1	protein	level	uncertain	Panel biomarker listing - no direction or aspect explicitly stated; defaulting to differential | level. Flag for review: may need protein/expression if context is known.
PMC_biomarker_sets		PubMed:37209815	Normal to Liver Cirrhosis panel biomarker C7	differential	C7	protein	level	uncertain	Panel biomarker listing - no direction or aspect explicitly stated; defaulting to differential | level. Flag for review: may need protein/expression if context is known.
PMC_biomarker_sets		PubMed:37209815	Normal to Liver Cirrhosis panel biomarker IGHV39	differential	IGHV39	protein	level	uncertain	Panel biomarker listing - no direction or aspect explicitly stated; defaulting to differential | level. Flag for review: may need protein/expression if context is known.
PMC_biomarker_sets		PubMed:37209815	Normal to Liver Cirrhosis panel biomarker IGLV147	differential	IGLV147	protein	level	uncertain	Panel biomarker listing - no direction or aspect explicitly stated; defaulting to differential | level. Flag for review: may need protein/expression if context is known.
PMC_biomarker_sets		PubMed:37209815	Normal to Liver Cirrhosis panel biomarker IGKV15	differential	IGKV15	protein	level	uncertain	Panel biomarker listing - no direction or aspect explicitly stated; defaulting to differential | level. Flag for review: may need protein/expression if context is known.
PMC_biomarker_sets		PubMed:37209815	Normal to Liver Cirrhosis panel biomarker JCHAIN	differential	JCHAIN	protein	level	uncertain	Panel biomarker listing - no direction or aspect explicitly stated; defaulting to differential | level. Flag for review: may need protein/expression if context is known.
PMC_biomarker_sets		PubMed:37209815	Normal to Liver Cirrhosis panel biomarker LUM	differential	LUM	protein	level	uncertain	Panel biomarker listing - no direction or aspect explicitly stated; defaulting to differential | level. Flag for review: may need protein/expression if context is known.
PMC_biomarker_sets		PubMed:37209815	Normal to Liver Cirrhosis panel biomarker PIGR	differential	PIGR	protein	level	uncertain	Panel biomarker listing - no direction or aspect explicitly stated; defaulting to differential | level. Flag for review: may need protein/expression if context is known.
PMC_biomarker_sets		PubMed:37209815	Normal to Liver Cirrhosis panel biomarker IGKV127	differential	IGKV127	protein	level	uncertain	Panel biomarker listing - no direction or aspect explicitly stated; defaulting to differential | level. Flag for review: may need protein/expression if context is known.
PMC_biomarker_sets		PubMed:37209815	Normal to Liver Cirrhosis panel biomarker IGKV116	differential	IGKV116	protein	level	uncertain	Panel biomarker listing - no direction or aspect explicitly stated; defaulting to differential | level. Flag for review: may need protein/expression if context is known.
PMC_biomarker_sets		PubMed:37209815	Normal to Liver Cirrhosis panel biomarker IGHV37	differential	IGHV37	protein	level	uncertain	Panel biomarker listing - no direction or aspect explicitly stated; defaulting to differential | level. Flag for review: may need protein/expression if context is known.
PMC_biomarker_sets		PubMed:37209815	Normal to Liver Cirrhosis panel biomarker ICAM2	differential	ICAM2	protein	level	uncertain	Panel biomarker listing - no direction or aspect explicitly stated; defaulting to differential | level. Flag for review: may need protein/expression if context is known.
PMC_biomarker_sets		PubMed:37209815	Normal to Liver Cirrhosis panel biomarker CD5L	differential	CD5L	protein	level	uncertain	Panel biomarker listing - no direction or aspect explicitly stated; defaulting to differential | level. Flag for review: may need protein/expression if context is known.
PMC_biomarker_sets		PubMed:37209815	Normal to Liver Cirrhosis panel biomarker TGFBI	differential	TGFBI	protein	level	uncertain	Panel biomarker listing - no direction or aspect explicitly stated; defaulting to differential | level. Flag for review: may need protein/expression if context is known.
PMC_biomarker_sets		PubMed:37209815	Normal to Liver Cirrhosis panel biomarker IGLV327	differential	IGLV327	protein	level	uncertain	Panel biomarker listing - no direction or aspect explicitly stated; defaulting to differential | level. Flag for review: may need protein/expression if context is known.
PMC_biomarker_sets		PubMed:37209815	Normal to Liver Cirrhosis panel biomarker IGFBP2	differential	IGFBP2	protein	level	uncertain	Panel biomarker listing - no direction or aspect explicitly stated; defaulting to differential | level. Flag for review: may need protein/expression if context is known.
PMC_biomarker_sets		PubMed:37209815	Normal to Liver Cirrhosis panel biomarker FBLN1	differential	FBLN1	protein	level	uncertain	Panel biomarker listing - no direction or aspect explicitly stated; defaulting to differential | level. Flag for review: may need protein/expression if context is known.
PMC_biomarker_sets		PubMed:37209815	Normal to Liver Cirrhosis panel biomarker IGHV551	differential	IGHV551	protein	level	uncertain	Panel biomarker listing - no direction or aspect explicitly stated; defaulting to differential | level. Flag for review: may need protein/expression if context is known.
PMC_biomarker_sets		PubMed:37209815	Normal to Liver Cirrhosis panel biomarker IGHA1	differential	IGHA1	protein	level	uncertain	Panel biomarker listing - no direction or aspect explicitly stated; defaulting to differential | level. Flag for review: may need protein/expression if context is known.
PMC_biomarker_sets		PubMed:37209815	Normal to Liver Cirrhosis panel biomarker LGALS3BP	differential	LGALS3BP	protein	level	uncertain	Panel biomarker listing - no direction or aspect explicitly stated; defaulting to differential | level. Flag for review: may need protein/expression if context is known.
PMC_biomarker_sets		PubMed:37209815	Normal to Liver Cirrhosis panel biomarker FGG	differential	FGG	protein	level	uncertain	Panel biomarker listing - no direction or aspect explicitly stated; defaulting to differential | level. Flag for review: may need protein/expression if context is known.
PMC_biomarker_sets		PubMed:37209815	Normal to Liver Cirrhosis panel biomarker KLKB1	differential	KLKB1	protein	level	uncertain	Panel biomarker listing - no direction or aspect explicitly stated; defaulting to differential | level. Flag for review: may need protein/expression if context is known.
PMC_biomarker_sets		PubMed:37209815	Normal to Liver Cirrhosis panel biomarker CFB	differential	CFB	protein	level	uncertain	Panel biomarker listing - no direction or aspect explicitly stated; defaulting to differential | level. Flag for review: may need protein/expression if context is known.
PMC_biomarker_sets		PubMed:37209815	Normal to Liver Cirrhosis panel biomarker F10	differential	F10	protein	level	uncertain	Panel biomarker listing - no direction or aspect explicitly stated; defaulting to differential | level. Flag for review: may need protein/expression if context is known.
PMC_biomarker_sets		PubMed:37209815	Normal to Liver Cirrhosis panel biomarker CPN2	differential	CPN2	protein	level	uncertain	Panel biomarker listing - no direction or aspect explicitly stated; defaulting to differential | level. Flag for review: may need protein/expression if context is known.
PMC_biomarker_sets		PubMed:37209815	Normal to Liver Cirrhosis panel biomarker APOC1	differential	APOC1	protein	level	uncertain	Panel biomarker listing - no direction or aspect explicitly stated; defaulting to differential | level. Flag for review: may need protein/expression if context is known.
PMC_biomarker_sets		PubMed:37209815	Normal to Liver Cirrhosis panel biomarker CLU	differential	CLU	protein	level	uncertain	Panel biomarker listing - no direction or aspect explicitly stated; defaulting to differential | level. Flag for review: may need protein/expression if context is known.
PMC_biomarker_sets		PubMed:37209815	Normal to Liver Cirrhosis panel biomarker SERPIND1	differential	SERPIND1	protein	level	uncertain	Panel biomarker listing - no direction or aspect explicitly stated; defaulting to differential | level. Flag for review: may need protein/expression if context is known.
PMC_biomarker_sets		PubMed:37209815	Normal to Hepatocellular Carcinoma panel biomarker ANPEP	differential	ANPEP	protein	level	uncertain	Panel biomarker listing - no direction or aspect explicitly stated; defaulting to differential | level. Flag for review: may need protein/expression if context is known.
PMC_biomarker_sets		PubMed:37209815	Normal to Hepatocellular Carcinoma panel biomarker IGKV41	differential	IGKV41	protein	level	uncertain	Panel biomarker listing - no direction or aspect explicitly stated; defaulting to differential | level. Flag for review: may need protein/expression if context is known.
PMC_biomarker_sets		PubMed:37209815	Normal to Hepatocellular Carcinoma panel biomarker VWF	differential	VWF	protein	level	uncertain	Panel biomarker listing - no direction or aspect explicitly stated; defaulting to differential | level. Flag for review: may need protein/expression if context is known.
PMC_biomarker_sets		PubMed:37209815	Normal to Hepatocellular Carcinoma panel biomarker TGFBI	differential	TGFBI	protein	level	uncertain	Panel biomarker listing - no direction or aspect explicitly stated; defaulting to differential | level. Flag for review: may need protein/expression if context is known.
PMC_biomarker_sets		PubMed:37209815	Normal to Hepatocellular Carcinoma panel biomarker LYVE1	differential	LYVE1	protein	level	uncertain	Panel biomarker listing - no direction or aspect explicitly stated; defaulting to differential | level. Flag for review: may need protein/expression if context is known.
PMC_biomarker_sets		PubMed:37209815	Normal to Hepatocellular Carcinoma panel biomarker PIGR	differential	PIGR	protein	level	uncertain	Panel biomarker listing - no direction or aspect explicitly stated; defaulting to differential | level. Flag for review: may need protein/expression if context is known.
PMC_biomarker_sets		PubMed:37209815	Normal to Hepatocellular Carcinoma panel biomarker IGHV226	differential	IGHV226	protein	level	uncertain	Panel biomarker listing - no direction or aspect explicitly stated; defaulting to differential | level. Flag for review: may need protein/expression if context is known.
PMC_biomarker_sets		PubMed:37209815	Normal to Hepatocellular Carcinoma panel biomarker HSPG2	differential	HSPG2	protein	level	uncertain	Panel biomarker listing - no direction or aspect explicitly stated; defaulting to differential | level. Flag for review: may need protein/expression if context is known.
PMC_biomarker_sets		PubMed:37209815	Normal to Hepatocellular Carcinoma panel biomarker FUCA1	differential	FUCA1	protein	level	uncertain	Panel biomarker listing - no direction or aspect explicitly stated; defaulting to differential | level. Flag for review: may need protein/expression if context is known.
PMC_biomarker_sets		PubMed:37209815	Normal to Hepatocellular Carcinoma panel biomarker IGLV140	differential	IGLV140	protein	level	uncertain	Panel biomarker listing - no direction or aspect explicitly stated; defaulting to differential | level. Flag for review: may need protein/expression if context is known.
PMC_biomarker_sets		PubMed:37209815	Normal to Hepatocellular Carcinoma panel biomarker IGKV18	differential	IGKV18	protein	level	uncertain	Panel biomarker listing - no direction or aspect explicitly stated; defaulting to differential | level. Flag for review: may need protein/expression if context is known.
PMC_biomarker_sets		PubMed:37209815	Normal to Hepatocellular Carcinoma panel biomarker F12	differential	F12	protein	level	uncertain	Panel biomarker listing - no direction or aspect explicitly stated; defaulting to differential | level. Flag for review: may need protein/expression if context is known.
PMC_biomarker_sets		PubMed:37209815	Normal to Hepatocellular Carcinoma panel biomarker PROZ	differential	PROZ	protein	level	uncertain	Panel biomarker listing - no direction or aspect explicitly stated; defaulting to differential | level. Flag for review: may need protein/expression if context is known.
PMC_biomarker_sets		PubMed:37209815	Normal to Hepatocellular Carcinoma panel biomarker IGF1	differential	IGF1	protein	level	uncertain	Panel biomarker listing - no direction or aspect explicitly stated; defaulting to differential | level. Flag for review: may need protein/expression if context is known.
PMC_biomarker_sets		PubMed:37209815	Normal to Hepatocellular Carcinoma panel biomarker F10	differential	F10	protein	level	uncertain	Panel biomarker listing - no direction or aspect explicitly stated; defaulting to differential | level. Flag for review: may need protein/expression if context is known.
PMC_biomarker_sets		PubMed:37209815	Normal to Hepatocellular Carcinoma panel biomarker APOM	differential	APOM	protein	level	uncertain	Panel biomarker listing - no direction or aspect explicitly stated; defaulting to differential | level. Flag for review: may need protein/expression if context is known.
PMC_biomarker_sets		PubMed:37209815	Normal to Hepatocellular Carcinoma panel biomarker PLG	differential	PLG	protein	level	uncertain	Panel biomarker listing - no direction or aspect explicitly stated; defaulting to differential | level. Flag for review: may need protein/expression if context is known.
PMC_biomarker_sets		PubMed:37209815	Normal to Hepatocellular Carcinoma panel biomarker APOC1	differential	APOC1	protein	level	uncertain	Panel biomarker listing - no direction or aspect explicitly stated; defaulting to differential | level. Flag for review: may need protein/expression if context is known.
PMC_biomarker_sets		PubMed:37209815	Liver Cirrhosis vs Chronic Hepatitis B panel biomarker IGKV41	differential	IGKV41	protein	level	uncertain	Panel biomarker listing - no direction or aspect explicitly stated; defaulting to differential | level. Flag for review: may need protein/expression if context is known.
PMC_biomarker_sets		PubMed:37209815	Liver Cirrhosis vs Chronic Hepatitis B panel biomarker HSPG2	differential	HSPG2	protein	level	uncertain	Panel biomarker listing - no direction or aspect explicitly stated; defaulting to differential | level. Flag for review: may need protein/expression if context is known.
PMC_biomarker_sets		PubMed:37209815	Liver Cirrhosis vs Chronic Hepatitis B panel biomarker IGHA1	differential	IGHA1	protein	level	uncertain	Panel biomarker listing - no direction or aspect explicitly stated; defaulting to differential | level. Flag for review: may need protein/expression if context is known.
PMC_biomarker_sets		PubMed:37209815	Liver Cirrhosis vs Chronic Hepatitis B panel biomarker NRP1	differential	NRP1	protein	level	uncertain	Panel biomarker listing - no direction or aspect explicitly stated; defaulting to differential | level. Flag for review: may need protein/expression if context is known.
PMC_biomarker_sets		PubMed:37209815	Liver Cirrhosis vs Chronic Hepatitis B panel biomarker LUM	differential	LUM	protein	level	uncertain	Panel biomarker listing - no direction or aspect explicitly stated; defaulting to differential | level. Flag for review: may need protein/expression if context is known.
PMC_biomarker_sets		PubMed:37209815	Liver Cirrhosis vs Chronic Hepatitis B panel biomarker JCHAIN	differential	JCHAIN	protein	level	uncertain	Panel biomarker listing - no direction or aspect explicitly stated; defaulting to differential | level. Flag for review: may need protein/expression if context is known.
PMC_biomarker_sets		PubMed:37209815	Liver Cirrhosis vs Chronic Hepatitis B panel biomarker IGFBP2	differential	IGFBP2	protein	level	uncertain	Panel biomarker listing - no direction or aspect explicitly stated; defaulting to differential | level. Flag for review: may need protein/expression if context is known.
PMC_biomarker_sets		PubMed:37209815	Liver Cirrhosis vs Chronic Hepatitis B panel biomarker IGKV315	differential	IGKV315	protein	level	uncertain	Panel biomarker listing - no direction or aspect explicitly stated; defaulting to differential | level. Flag for review: may need protein/expression if context is known.
PMC_biomarker_sets		PubMed:37209815	Liver Cirrhosis vs Chronic Hepatitis B panel biomarker IGHV37	differential	IGHV37	protein	level	uncertain	Panel biomarker listing - no direction or aspect explicitly stated; defaulting to differential | level. Flag for review: may need protein/expression if context is known.
PMC_biomarker_sets		PubMed:37209815	Liver Cirrhosis vs Chronic Hepatitis B panel biomarker VWF	differential	VWF	protein	level	uncertain	Panel biomarker listing - no direction or aspect explicitly stated; defaulting to differential | level. Flag for review: may need protein/expression if context is known.
PMC_biomarker_sets		PubMed:37209815	Liver Cirrhosis vs Chronic Hepatitis B panel biomarker IGKV18	differential	IGKV18	protein	level	uncertain	Panel biomarker listing - no direction or aspect explicitly stated; defaulting to differential | level. Flag for review: may need protein/expression if context is known.
PMC_biomarker_sets		PubMed:37209815	Liver Cirrhosis vs Chronic Hepatitis B panel biomarker CD5L	differential	CD5L	protein	level	uncertain	Panel biomarker listing - no direction or aspect explicitly stated; defaulting to differential | level. Flag for review: may need protein/expression if context is known.
PMC_biomarker_sets		PubMed:37209815	Liver Cirrhosis vs Chronic Hepatitis B panel biomarker CFI	differential	CFI	protein	level	uncertain	Panel biomarker listing - no direction or aspect explicitly stated; defaulting to differential | level. Flag for review: may need protein/expression if context is known.
PMC_biomarker_sets		PubMed:37209815	Liver Cirrhosis vs Chronic Hepatitis B panel biomarker CAMP	differential	CAMP	protein	level	uncertain	Panel biomarker listing - no direction or aspect explicitly stated; defaulting to differential | level. Flag for review: may need protein/expression if context is known.
PMC_biomarker_sets		PubMed:37209815	Liver Cirrhosis vs Chronic Hepatitis B panel biomarker CLU	differential	CLU	protein	level	uncertain	Panel biomarker listing - no direction or aspect explicitly stated; defaulting to differential | level. Flag for review: may need protein/expression if context is known.
PMC_biomarker_sets		PubMed:37209815	Liver Cirrhosis vs Chronic Hepatitis B panel biomarker SPARC	differential	SPARC	protein	level	uncertain	Panel biomarker listing - no direction or aspect explicitly stated; defaulting to differential | level. Flag for review: may need protein/expression if context is known.
PMC_biomarker_sets		PubMed:37209815	Liver Cirrhosis vs Chronic Hepatitis B panel biomarker PON3	differential	PON3	protein	level	uncertain	Panel biomarker listing - no direction or aspect explicitly stated; defaulting to differential | level. Flag for review: may need protein/expression if context is known.
PMC_biomarker_sets		PubMed:37209815	Liver Cirrhosis vs Chronic Hepatitis B panel biomarker THBS1	differential	THBS1	protein	level	uncertain	Panel biomarker listing - no direction or aspect explicitly stated; defaulting to differential | level. Flag for review: may need protein/expression if context is known.
PMC_biomarker_sets		PubMed:37209815	Liver Cirrhosis vs Chronic Hepatitis B panel biomarker CPN2	differential	CPN2	protein	level	uncertain	Panel biomarker listing - no direction or aspect explicitly stated; defaulting to differential | level. Flag for review: may need protein/expression if context is known.
PMC_biomarker_sets		PubMed:37209815	Liver Cirrhosis vs Chronic Hepatitis B panel biomarker APOA2	differential	APOA2	protein	level	uncertain	Panel biomarker listing - no direction or aspect explicitly stated; defaulting to differential | level. Flag for review: may need protein/expression if context is known.
PMC_biomarker_sets		PubMed:37209815	Liver Cirrhosis vs Chronic Hepatitis B panel biomarker MASP2	differential	MASP2	protein	level	uncertain	Panel biomarker listing - no direction or aspect explicitly stated; defaulting to differential | level. Flag for review: may need protein/expression if context is known.
PMC_biomarker_sets		PubMed:37209815	Liver Cirrhosis vs Chronic Hepatitis B panel biomarker FCN3	differential	FCN3	protein	level	uncertain	Panel biomarker listing - no direction or aspect explicitly stated; defaulting to differential | level. Flag for review: may need protein/expression if context is known.
PMC_biomarker_sets		PubMed:37209815	Liver Cirrhosis vs Chronic Hepatitis B panel biomarker C3	differential	C3	protein	level	uncertain	Panel biomarker listing - no direction or aspect explicitly stated; defaulting to differential | level. Flag for review: may need protein/expression if context is known.
PMC_biomarker_sets		PubMed:37209815	Liver Cirrhosis vs Chronic Hepatitis B panel biomarker GC	differential	GC	protein	level	uncertain	Panel biomarker listing - no direction or aspect explicitly stated; defaulting to differential | level. Flag for review: may need protein/expression if context is known.
PMC_biomarker_sets		PubMed:37209815	Liver Cirrhosis vs Chronic Hepatitis B panel biomarker C4BPA	differential	C4BPA	protein	level	uncertain	Panel biomarker listing - no direction or aspect explicitly stated; defaulting to differential | level. Flag for review: may need protein/expression if context is known.
PMC_biomarker_sets		PubMed:37209815	Liver Cirrhosis vs Chronic Hepatitis B panel biomarker APOC1	differential	APOC1	protein	level	uncertain	Panel biomarker listing - no direction or aspect explicitly stated; defaulting to differential | level. Flag for review: may need protein/expression if context is known.
PMC_biomarker_sets		PubMed:37209815	Liver Cirrhosis vs Chronic Hepatitis B panel biomarker PPBP	differential	PPBP	protein	level	uncertain	Panel biomarker listing - no direction or aspect explicitly stated; defaulting to differential | level. Flag for review: may need protein/expression if context is known.
PMC_biomarker_sets		PubMed:37209815	Liver Cirrhosis vs Chronic Hepatitis B panel biomarker APOM	differential	APOM	protein	level	uncertain	Panel biomarker listing - no direction or aspect explicitly stated; defaulting to differential | level. Flag for review: may need protein/expression if context is known.
PMC_biomarker_sets		PubMed:37209815	Liver Cirrhosis vs Chronic Hepatitis B panel biomarker PLG	differential	PLG	protein	level	uncertain	Panel biomarker listing - no direction or aspect explicitly stated; defaulting to differential | level. Flag for review: may need protein/expression if context is known.
PMC_biomarker_sets		PubMed:37209815	Hepatocellular Carcinoma  vs Chronic Hepatitis B panel biomarker ITIH4	differential	ITIH4	protein	level	uncertain	Panel biomarker listing - no direction or aspect explicitly stated; defaulting to differential | level. Flag for review: may need protein/expression if context is known.
PMC_biomarker_sets		PubMed:37209815	Hepatocellular Carcinoma  vs Chronic Hepatitis B panel biomarker HSPG2	differential	HSPG2	protein	level	uncertain	Panel biomarker listing - no direction or aspect explicitly stated; defaulting to differential | level. Flag for review: may need protein/expression if context is known.
PMC_biomarker_sets		PubMed:37209815	Hepatocellular Carcinoma  vs Chronic Hepatitis B panel biomarker C9	differential	C9	protein	level	uncertain	Panel biomarker listing - no direction or aspect explicitly stated; defaulting to differential | level. Flag for review: may need protein/expression if context is known.
PMC_biomarker_sets		PubMed:37209815	Hepatocellular Carcinoma  vs Chronic Hepatitis B panel biomarker C4B	differential	C4B	protein	level	uncertain	Panel biomarker listing - no direction or aspect explicitly stated; defaulting to differential | level. Flag for review: may need protein/expression if context is known.
PMC_biomarker_sets		PubMed:37209815	Hepatocellular Carcinoma  vs Chronic Hepatitis B panel biomarker IGFBP2	differential	IGFBP2	protein	level	uncertain	Panel biomarker listing - no direction or aspect explicitly stated; defaulting to differential | level. Flag for review: may need protein/expression if context is known.
PMC_biomarker_sets		PubMed:37209815	Hepatocellular Carcinoma  vs Chronic Hepatitis B panel biomarker SERPINA1	differential	SERPINA1	protein	level	uncertain	Panel biomarker listing - no direction or aspect explicitly stated; defaulting to differential | level. Flag for review: may need protein/expression if context is known.
PMC_biomarker_sets		PubMed:37209815	Hepatocellular Carcinoma  vs Chronic Hepatitis B panel biomarker SERPINA3	differential	SERPINA3	protein	level	uncertain	Panel biomarker listing - no direction or aspect explicitly stated; defaulting to differential | level. Flag for review: may need protein/expression if context is known.
PMC_biomarker_sets		PubMed:37209815	Hepatocellular Carcinoma  vs Chronic Hepatitis B panel biomarker LUM	differential	LUM	protein	level	uncertain	Panel biomarker listing - no direction or aspect explicitly stated; defaulting to differential | level. Flag for review: may need protein/expression if context is known.
PMC_biomarker_sets		PubMed:37209815	Hepatocellular Carcinoma  vs Chronic Hepatitis B panel biomarker PROZ	differential	PROZ	protein	level	uncertain	Panel biomarker listing - no direction or aspect explicitly stated; defaulting to differential | level. Flag for review: may need protein/expression if context is known.
PMC_biomarker_sets		PubMed:37209815	Hepatocellular Carcinoma  vs Chronic Hepatitis B panel biomarker CLU	differential	CLU	protein	level	uncertain	Panel biomarker listing - no direction or aspect explicitly stated; defaulting to differential | level. Flag for review: may need protein/expression if context is known.
PMC_biomarker_sets		PubMed:37209815	Hepatocellular Carcinoma  vs Chronic Hepatitis B panel biomarker PLG	differential	PLG	protein	level	uncertain	Panel biomarker listing - no direction or aspect explicitly stated; defaulting to differential | level. Flag for review: may need protein/expression if context is known.
PMC_biomarker_sets		PubMed:37209815	Hepatocellular Carcinoma  vs Chronic Hepatitis B panel biomarker PPBP	differential	PPBP	protein	level	uncertain	Panel biomarker listing - no direction or aspect explicitly stated; defaulting to differential | level. Flag for review: may need protein/expression if context is known.
PMC_biomarker_sets		PubMed:37209815	Hepatocellular Carcinoma  vs Chronic Hepatitis B panel biomarker AFM	differential	AFM	protein	level	uncertain	Panel biomarker listing - no direction or aspect explicitly stated; defaulting to differential | level. Flag for review: may need protein/expression if context is known.
PMC_biomarker_sets		PubMed:37209815	Hepatocellular Carcinoma  vs Chronic Hepatitis B panel biomarker APOC1	differential	APOC1	protein	level	uncertain	Panel biomarker listing - no direction or aspect explicitly stated; defaulting to differential | level. Flag for review: may need protein/expression if context is known.
PMC_biomarker_sets		PubMed:37209815	Hepatocellular Carcinoma  vs Liver Cirrhosis panel biomarker SERPIND1	differential	SERPIND1	protein	level	uncertain	Panel biomarker listing - no direction or aspect explicitly stated; defaulting to differential | level. Flag for review: may need protein/expression if context is known.
PMC_biomarker_sets		PubMed:37209815	Hepatocellular Carcinoma  vs Liver Cirrhosis panel biomarker CPB2	differential	CPB2	protein	level	uncertain	Panel biomarker listing - no direction or aspect explicitly stated; defaulting to differential | level. Flag for review: may need protein/expression if context is known.
PMC_biomarker_sets		PubMed:37209815	Hepatocellular Carcinoma  vs Liver Cirrhosis panel biomarker CPN2	differential	CPN2	protein	level	uncertain	Panel biomarker listing - no direction or aspect explicitly stated; defaulting to differential | level. Flag for review: may need protein/expression if context is known.
PMC_biomarker_sets		PubMed:37209815	Hepatocellular Carcinoma  vs Liver Cirrhosis panel biomarker RBP4	differential	RBP4	protein	level	uncertain	Panel biomarker listing - no direction or aspect explicitly stated; defaulting to differential | level. Flag for review: may need protein/expression if context is known.
PMC_biomarker_sets		PubMed:37209815	Hepatocellular Carcinoma  vs Liver Cirrhosis panel biomarker PLG	differential	PLG	protein	level	uncertain	Panel biomarker listing - no direction or aspect explicitly stated; defaulting to differential | level. Flag for review: may need protein/expression if context is known.
PMC_biomarker_sets		PubMed:37209815	Hepatocellular Carcinoma  vs Liver Cirrhosis panel biomarker F13B	differential	F13B	protein	level	uncertain	Panel biomarker listing - no direction or aspect explicitly stated; defaulting to differential | level. Flag for review: may need protein/expression if context is known.
PMC_biomarker_sets		PubMed:37209815	Hepatocellular Carcinoma  vs Liver Cirrhosis panel biomarker C4BPA	differential	C4BPA	protein	level	uncertain	Panel biomarker listing - no direction or aspect explicitly stated; defaulting to differential | level. Flag for review: may need protein/expression if context is known.
PMC_biomarker_sets		PubMed:37209815	Hepatocellular Carcinoma  vs Liver Cirrhosis panel biomarker C4BPB	differential	C4BPB	protein	level	uncertain	Panel biomarker listing - no direction or aspect explicitly stated; defaulting to differential | level. Flag for review: may need protein/expression if context is known.
PMC_biomarker_sets		PubMed:37209815	Hepatocellular Carcinoma  vs Liver Cirrhosis panel biomarker KLKB1	differential	KLKB1	protein	level	uncertain	Panel biomarker listing - no direction or aspect explicitly stated; defaulting to differential | level. Flag for review: may need protein/expression if context is known.
PMC_biomarker_sets		PubMed:37209815	Hepatocellular Carcinoma  vs Liver Cirrhosis panel biomarker CPN1	differential	CPN1	protein	level	uncertain	Panel biomarker listing - no direction or aspect explicitly stated; defaulting to differential | level. Flag for review: may need protein/expression if context is known.
PMC_biomarker_sets		PubMed:37209815	Hepatocellular Carcinoma  vs Liver Cirrhosis panel biomarker C6	differential	C6	protein	level	uncertain	Panel biomarker listing - no direction or aspect explicitly stated; defaulting to differential | level. Flag for review: may need protein/expression if context is known.
PMC_biomarker_sets		PubMed:37209815	Hepatocellular Carcinoma  vs Liver Cirrhosis panel biomarker SERPINA10	differential	SERPINA10	protein	level	uncertain	Panel biomarker listing - no direction or aspect explicitly stated; defaulting to differential | level. Flag for review: may need protein/expression if context is known.
PMC_biomarker_sets		PubMed:37209815	Hepatocellular Carcinoma  vs Liver Cirrhosis panel biomarker HP	differential	HP	protein	level	uncertain	Panel biomarker listing - no direction or aspect explicitly stated; defaulting to differential | level. Flag for review: may need protein/expression if context is known.
PMC_biomarker_sets		PubMed:37209815	Hepatocellular Carcinoma  vs Liver Cirrhosis panel biomarker C5	differential	C5	protein	level	uncertain	Panel biomarker listing - no direction or aspect explicitly stated; defaulting to differential | level. Flag for review: may need protein/expression if context is known.
PMC_biomarker_sets		PubMed:37209815	Hepatocellular Carcinoma  vs Liver Cirrhosis panel biomarker SPARC	differential	SPARC	protein	level	uncertain	Panel biomarker listing - no direction or aspect explicitly stated; defaulting to differential | level. Flag for review: may need protein/expression if context is known.
PMC_biomarker_sets		PubMed:37209815	Hepatocellular Carcinoma  vs Liver Cirrhosis panel biomarker GC	differential	GC	protein	level	uncertain	Panel biomarker listing - no direction or aspect explicitly stated; defaulting to differential | level. Flag for review: may need protein/expression if context is known.
PMC_biomarker_sets		PubMed:37209815	Hepatocellular Carcinoma  vs Liver Cirrhosis panel biomarker F7	differential	F7	protein	level	uncertain	Panel biomarker listing - no direction or aspect explicitly stated; defaulting to differential | level. Flag for review: may need protein/expression if context is known.
PMC_biomarker_sets		PubMed:37209815	Hepatocellular Carcinoma  vs Liver Cirrhosis panel biomarker C3	differential	C3	protein	level	uncertain	Panel biomarker listing - no direction or aspect explicitly stated; defaulting to differential | level. Flag for review: may need protein/expression if context is known.
PMC_biomarker_sets		PubMed:37209815	Hepatocellular Carcinoma  vs Liver Cirrhosis panel biomarker SAA1	differential	SAA1	protein	level	uncertain	Panel biomarker listing - no direction or aspect explicitly stated; defaulting to differential | level. Flag for review: may need protein/expression if context is known.
PMC_biomarker_sets		PubMed:37209815	Hepatocellular Carcinoma  vs Liver Cirrhosis panel biomarker C2	differential	C2	protein	level	uncertain	Panel biomarker listing - no direction or aspect explicitly stated; defaulting to differential | level. Flag for review: may need protein/expression if context is known.
PMC_biomarker_sets		PubMed:37209815	Hepatocellular Carcinoma  vs Liver Cirrhosis panel biomarker AGT	differential	AGT	protein	level	uncertain	Panel biomarker listing - no direction or aspect explicitly stated; defaulting to differential | level. Flag for review: may need protein/expression if context is known.
PMC_biomarker_sets		PubMed:37209815	Hepatocellular Carcinoma  vs Liver Cirrhosis panel biomarker APCS	differential	APCS	protein	level	uncertain	Panel biomarker listing - no direction or aspect explicitly stated; defaulting to differential | level. Flag for review: may need protein/expression if context is known.
PMC_biomarker_sets		PubMed:37209815	Hepatocellular Carcinoma  vs Liver Cirrhosis panel biomarker APOM	differential	APOM	protein	level	uncertain	Panel biomarker listing - no direction or aspect explicitly stated; defaulting to differential | level. Flag for review: may need protein/expression if context is known.
PMC_biomarker_sets		PubMed:37209815	Hepatocellular Carcinoma  vs Liver Cirrhosis panel biomarker C1RL	differential	C1RL	protein	level	uncertain	Panel biomarker listing - no direction or aspect explicitly stated; defaulting to differential | level. Flag for review: may need protein/expression if context is known.
PMC_biomarker_sets		PubMed:37209815	Hepatocellular Carcinoma  vs Liver Cirrhosis panel biomarker MCAM	differential	MCAM	protein	level	uncertain	Panel biomarker listing - no direction or aspect explicitly stated; defaulting to differential | level. Flag for review: may need protein/expression if context is known.
PMC_biomarker_sets		PubMed:37209815	Hepatocellular Carcinoma  vs Liver Cirrhosis panel biomarker FBLN1	differential	FBLN1	protein	level	uncertain	Panel biomarker listing - no direction or aspect explicitly stated; defaulting to differential | level. Flag for review: may need protein/expression if context is known.
PMC_biomarker_sets		PubMed:37209815	Hepatocellular Carcinoma  vs Liver Cirrhosis panel biomarker IGKV41	differential	IGKV41	protein	level	uncertain	Panel biomarker listing - no direction or aspect explicitly stated; defaulting to differential | level. Flag for review: may need protein/expression if context is known.
PMC_biomarker_sets		PubMed:37209815	Hepatocellular Carcinoma  vs Liver Cirrhosis panel biomarker CDH5	differential	CDH5	protein	level	uncertain	Panel biomarker listing - no direction or aspect explicitly stated; defaulting to differential | level. Flag for review: may need protein/expression if context is known.
PMC_biomarker_sets		PubMed:37209815	Hepatocellular Carcinoma  vs Liver Cirrhosis panel biomarker IGLV140	differential	IGLV140	protein	level	uncertain	Panel biomarker listing - no direction or aspect explicitly stated; defaulting to differential | level. Flag for review: may need protein/expression if context is known.
PMC_biomarker_sets		PubMed:37209815	Hepatocellular Carcinoma  vs Liver Cirrhosis panel biomarker IGHV434	differential	IGHV434	protein	level	uncertain	Panel biomarker listing - no direction or aspect explicitly stated; defaulting to differential | level. Flag for review: may need protein/expression if context is known.
PMC_biomarker_sets		PubMed:37209815	Hepatocellular Carcinoma  vs Liver Cirrhosis panel biomarker IGKV320	differential	IGKV320	protein	level	uncertain	Panel biomarker listing - no direction or aspect explicitly stated; defaulting to differential | level. Flag for review: may need protein/expression if context is known.
PMC_biomarker_sets		PubMed:37209815	Hepatocellular Carcinoma  vs Liver Cirrhosis panel biomarker IGHV349	differential	IGHV349	protein	level	uncertain	Panel biomarker listing - no direction or aspect explicitly stated; defaulting to differential | level. Flag for review: may need protein/expression if context is known.
PMC_biomarker_sets		PubMed:37209815	Hepatocellular Carcinoma  vs Liver Cirrhosis panel biomarker IGKV2D29	differential	IGKV2D29	protein	level	uncertain	Panel biomarker listing - no direction or aspect explicitly stated; defaulting to differential | level. Flag for review: may need protein/expression if context is known.
PMC_biomarker_sets		PubMed:37209815	Hepatocellular Carcinoma  vs Liver Cirrhosis panel biomarker HSPG2	differential	HSPG2	protein	level	uncertain	Panel biomarker listing - no direction or aspect explicitly stated; defaulting to differential | level. Flag for review: may need protein/expression if context is known.
PMC_biomarker_sets		PubMed:37209815	Hepatocellular Carcinoma  vs Liver Cirrhosis panel biomarker IGHV551	differential	IGHV551	protein	level	uncertain	Panel biomarker listing - no direction or aspect explicitly stated; defaulting to differential | level. Flag for review: may need protein/expression if context is known.
PMC_biomarker_sets		PubMed:37209815	Hepatocellular Carcinoma  vs Liver Cirrhosis panel biomarker CD5L	differential	CD5L	protein	level	uncertain	Panel biomarker listing - no direction or aspect explicitly stated; defaulting to differential | level. Flag for review: may need protein/expression if context is known.
PMC_biomarker_sets		PubMed:37209815	Hepatocellular Carcinoma  vs Liver Cirrhosis panel biomarker JCHAIN	differential	JCHAIN	protein	level	uncertain	Panel biomarker listing - no direction or aspect explicitly stated; defaulting to differential | level. Flag for review: may need protein/expression if context is known.
PMC_biomarker_sets		PubMed:37209815	Hepatocellular Carcinoma  vs Liver Cirrhosis panel biomarker EFEMP1	differential	EFEMP1	protein	level	uncertain	Panel biomarker listing - no direction or aspect explicitly stated; defaulting to differential | level. Flag for review: may need protein/expression if context is known.
PMC_biomarker_sets		PubMed:36289648	Psoriatic Arthrithis Biomarker ADIPOQ	differential	ADIPOQ	protein	level	uncertain	Panel biomarker listing - no direction or aspect explicitly stated; defaulting to differential | level. Flag for review: may need protein/expression if context is known.
PMC_biomarker_sets		PubMed:36289648	Psoriatic Arthrithis Biomarker APOA1	differential	APOA1	protein	level	uncertain	Panel biomarker listing - no direction or aspect explicitly stated; defaulting to differential | level. Flag for review: may need protein/expression if context is known.
PMC_biomarker_sets		PubMed:36289648	Psoriatic Arthrithis Biomarker APOB	differential	APOB	protein	level	uncertain	Panel biomarker listing - no direction or aspect explicitly stated; defaulting to differential | level. Flag for review: may need protein/expression if context is known.
PMC_biomarker_sets		PubMed:36289648	Psoriatic Arthrithis Biomarker CMC2	differential	CMC2	protein	level	uncertain	Panel biomarker listing - no direction or aspect explicitly stated; defaulting to differential | level. Flag for review: may need protein/expression if context is known.
PMC_biomarker_sets		PubMed:36289648	Psoriatic Arthrithis Biomarker COL2A1	differential	COL2A1	protein	level	uncertain	Panel biomarker listing - no direction or aspect explicitly stated; defaulting to differential | level. Flag for review: may need protein/expression if context is known.
PMC_biomarker_sets		PubMed:36289648	Psoriatic Arthrithis Biomarker CCL1	differential	CCL1	protein	level	uncertain	Panel biomarker listing - no direction or aspect explicitly stated; defaulting to differential | level. Flag for review: may need protein/expression if context is known.
PMC_biomarker_sets		PubMed:36289648	Psoriatic Arthrithis Biomarker CCL20	differential	CCL20	protein	level	uncertain	Panel biomarker listing - no direction or aspect explicitly stated; defaulting to differential | level. Flag for review: may need protein/expression if context is known.
PMC_biomarker_sets		PubMed:36289648	Psoriatic Arthrithis Biomarker CCL7	differential	CCL7	protein	level	uncertain	Panel biomarker listing - no direction or aspect explicitly stated; defaulting to differential | level. Flag for review: may need protein/expression if context is known.
PMC_biomarker_sets		PubMed:36289648	Psoriatic Arthrithis Biomarker CD5L	differential	CD5L	protein	level	uncertain	Panel biomarker listing - no direction or aspect explicitly stated; defaulting to differential | level. Flag for review: may need protein/expression if context is known.
PMC_biomarker_sets		PubMed:36289648	Psoriatic Arthrithis Biomarker COMP	differential	COMP	protein	level	uncertain	Panel biomarker listing - no direction or aspect explicitly stated; defaulting to differential | level. Flag for review: may need protein/expression if context is known.
PMC_biomarker_sets		PubMed:36289648	Psoriatic Arthrithis Biomarker C9	differential	C9	protein	level	uncertain	Panel biomarker listing - no direction or aspect explicitly stated; defaulting to differential | level. Flag for review: may need protein/expression if context is known.
PMC_biomarker_sets		PubMed:36289648	Psoriatic Arthrithis Biomarker CPN2	differential	CPN2	protein	level	uncertain	Panel biomarker listing - no direction or aspect explicitly stated; defaulting to differential | level. Flag for review: may need protein/expression if context is known.
PMC_biomarker_sets		PubMed:36289648	Psoriatic Arthrithis Biomarker CRP	differential	CRP	protein	level	uncertain	Panel biomarker listing - no direction or aspect explicitly stated; defaulting to differential | level. Flag for review: may need protein/expression if context is known.
PMC_biomarker_sets		PubMed:36289648	Psoriatic Arthrithis Biomarker COL1A1	differential	COL1A1	protein	level	uncertain	Panel biomarker listing - no direction or aspect explicitly stated; defaulting to differential | level. Flag for review: may need protein/expression if context is known.
PMC_biomarker_sets		PubMed:36289648	Psoriatic Arthrithis Biomarker CX3CL1	differential	CX3CL1	protein	level	uncertain	Panel biomarker listing - no direction or aspect explicitly stated; defaulting to differential | level. Flag for review: may need protein/expression if context is known.
PMC_biomarker_sets		PubMed:36289648	Psoriatic Arthrithis Biomarker CXCL10	differential	CXCL10	protein	level	uncertain	Panel biomarker listing - no direction or aspect explicitly stated; defaulting to differential | level. Flag for review: may need protein/expression if context is known.
PMC_biomarker_sets		PubMed:36289648	Psoriatic Arthrithis Biomarker CXCL12	differential	CXCL12	protein	level	uncertain	Panel biomarker listing - no direction or aspect explicitly stated; defaulting to differential | level. Flag for review: may need protein/expression if context is known.
PMC_biomarker_sets		PubMed:36289648	Psoriatic Arthrithis Biomarker CXCL2	differential	CXCL2	protein	level	uncertain	Panel biomarker listing - no direction or aspect explicitly stated; defaulting to differential | level. Flag for review: may need protein/expression if context is known.
PMC_biomarker_sets		PubMed:36289648	Psoriatic Arthrithis Biomarker CXCL5	differential	CXCL5	protein	level	uncertain	Panel biomarker listing - no direction or aspect explicitly stated; defaulting to differential | level. Flag for review: may need protein/expression if context is known.
PMC_biomarker_sets		PubMed:36289648	Psoriatic Arthrithis Biomarker DKK1	differential	DKK1	protein	level	uncertain	Panel biomarker listing - no direction or aspect explicitly stated; defaulting to differential | level. Flag for review: may need protein/expression if context is known.
PMC_biomarker_sets		PubMed:36289648	Psoriatic Arthrithis Biomarker ESR1	differential	ESR1	protein	level	uncertain	Panel biomarker listing - no direction or aspect explicitly stated; defaulting to differential | level. Flag for review: may need protein/expression if context is known.
PMC_biomarker_sets		PubMed:36289648	Psoriatic Arthrithis Biomarker FHL1	differential	FHL1	protein	level	uncertain	Panel biomarker listing - no direction or aspect explicitly stated; defaulting to differential | level. Flag for review: may need protein/expression if context is known.
PMC_biomarker_sets		PubMed:36289648	Psoriatic Arthrithis Biomarker GSN	differential	GSN	protein	level	uncertain	Panel biomarker listing - no direction or aspect explicitly stated; defaulting to differential | level. Flag for review: may need protein/expression if context is known.
PMC_biomarker_sets		PubMed:36289648	Psoriatic Arthrithis Biomarker GPS1	differential	GPS1	protein	level	uncertain	Panel biomarker listing - no direction or aspect explicitly stated; defaulting to differential | level. Flag for review: may need protein/expression if context is known.
PMC_biomarker_sets		PubMed:36289648	Psoriatic Arthrithis Biomarker HAT1	differential	HAT1	protein	level	uncertain	Panel biomarker listing - no direction or aspect explicitly stated; defaulting to differential | level. Flag for review: may need protein/expression if context is known.
PMC_biomarker_sets		PubMed:36289648	Psoriatic Arthrithis Biomarker IFI16	differential	IFI16	protein	level	uncertain	Panel biomarker listing - no direction or aspect explicitly stated; defaulting to differential | level. Flag for review: may need protein/expression if context is known.
PMC_biomarker_sets		PubMed:36289648	Psoriatic Arthrithis Biomarker IL12A	differential	IL12A	protein	level	uncertain	Panel biomarker listing - no direction or aspect explicitly stated; defaulting to differential | level. Flag for review: may need protein/expression if context is known.
PMC_biomarker_sets		PubMed:36289648	Psoriatic Arthrithis Biomarker IL12B	differential	IL12B	protein	level	uncertain	Panel biomarker listing - no direction or aspect explicitly stated; defaulting to differential | level. Flag for review: may need protein/expression if context is known.
PMC_biomarker_sets		PubMed:36289648	Psoriatic Arthrithis Biomarker IL9	differential	IL9	protein	level	uncertain	Panel biomarker listing - no direction or aspect explicitly stated; defaulting to differential | level. Flag for review: may need protein/expression if context is known.
PMC_biomarker_sets		PubMed:36289648	Psoriatic Arthrithis Biomarker IL17A	differential	IL17A	protein	level	uncertain	Panel biomarker listing - no direction or aspect explicitly stated; defaulting to differential | level. Flag for review: may need protein/expression if context is known.
PMC_biomarker_sets		PubMed:36289648	Psoriatic Arthrithis Biomarker IL17C	differential	IL17C	protein	level	uncertain	Panel biomarker listing - no direction or aspect explicitly stated; defaulting to differential | level. Flag for review: may need protein/expression if context is known.
PMC_biomarker_sets		PubMed:36289648	Psoriatic Arthrithis Biomarker IL17F	differential	IL17F	protein	level	uncertain	Panel biomarker listing - no direction or aspect explicitly stated; defaulting to differential | level. Flag for review: may need protein/expression if context is known.
PMC_biomarker_sets		PubMed:36289648	Psoriatic Arthrithis Biomarker IL2	differential	IL2	protein	level	uncertain	Panel biomarker listing - no direction or aspect explicitly stated; defaulting to differential | level. Flag for review: may need protein/expression if context is known.
PMC_biomarker_sets		PubMed:36289648	Psoriatic Arthrithis Biomarker IL23R	differential	IL23R	protein	level	uncertain	Panel biomarker listing - no direction or aspect explicitly stated; defaulting to differential | level. Flag for review: may need protein/expression if context is known.
PMC_biomarker_sets		PubMed:36289648	Psoriatic Arthrithis Biomarker IL3	differential	IL3	protein	level	uncertain	Panel biomarker listing - no direction or aspect explicitly stated; defaulting to differential | level. Flag for review: may need protein/expression if context is known.
PMC_biomarker_sets		PubMed:36289648	Psoriatic Arthrithis Biomarker IL33	differential	IL33	protein	level	uncertain	Panel biomarker listing - no direction or aspect explicitly stated; defaulting to differential | level. Flag for review: may need protein/expression if context is known.
PMC_biomarker_sets		PubMed:36289648	Psoriatic Arthrithis Biomarker IL34	differential	IL34	protein	level	uncertain	Panel biomarker listing - no direction or aspect explicitly stated; defaulting to differential | level. Flag for review: may need protein/expression if context is known.
PMC_biomarker_sets		PubMed:36289648	Psoriatic Arthrithis Biomarker EBI3	differential	EBI3	protein	level	uncertain	Panel biomarker listing - no direction or aspect explicitly stated; defaulting to differential | level. Flag for review: may need protein/expression if context is known.
PMC_biomarker_sets		PubMed:36289648	Psoriatic Arthrithis Biomarker IL36A	differential	IL36A	protein	level	uncertain	Panel biomarker listing - no direction or aspect explicitly stated; defaulting to differential | level. Flag for review: may need protein/expression if context is known.
PMC_biomarker_sets		PubMed:36289648	Psoriatic Arthrithis Biomarker IL1F10	differential	IL1F10	protein	level	uncertain	Panel biomarker listing - no direction or aspect explicitly stated; defaulting to differential | level. Flag for review: may need protein/expression if context is known.
PMC_biomarker_sets		PubMed:36289648	Psoriatic Arthrithis Biomarker IL6	differential	IL6	protein	level	uncertain	Panel biomarker listing - no direction or aspect explicitly stated; defaulting to differential | level. Flag for review: may need protein/expression if context is known.
PMC_biomarker_sets		PubMed:36289648	Psoriatic Arthrithis Biomarker CXCL8	differential	CXCL8	protein	level	uncertain	Panel biomarker listing - no direction or aspect explicitly stated; defaulting to differential | level. Flag for review: may need protein/expression if context is known.
PMC_biomarker_sets		PubMed:36289648	Psoriatic Arthrithis Biomarker INS	differential	INS	protein	level	uncertain	Panel biomarker listing - no direction or aspect explicitly stated; defaulting to differential | level. Flag for review: may need protein/expression if context is known.
PMC_biomarker_sets		PubMed:36289648	Psoriatic Arthrithis Biomarker ISG20	differential	ISG20	protein	level	uncertain	Panel biomarker listing - no direction or aspect explicitly stated; defaulting to differential | level. Flag for review: may need protein/expression if context is known.
PMC_biomarker_sets		PubMed:36289648	Psoriatic Arthrithis Biomarker ITGB5	differential	ITGB5	protein	level	uncertain	Panel biomarker listing - no direction or aspect explicitly stated; defaulting to differential | level. Flag for review: may need protein/expression if context is known.
PMC_biomarker_sets		PubMed:36289648	Psoriatic Arthrithis Biomarker KRT17	differential	KRT17	protein	level	uncertain	Panel biomarker listing - no direction or aspect explicitly stated; defaulting to differential | level. Flag for review: may need protein/expression if context is known.
PMC_biomarker_sets		PubMed:36289648	Psoriatic Arthrithis Biomarker LEP	differential	LEP	protein	level	uncertain	Panel biomarker listing - no direction or aspect explicitly stated; defaulting to differential | level. Flag for review: may need protein/expression if context is known.
PMC_biomarker_sets		PubMed:36289648	Psoriatic Arthrithis Biomarker LGALS3BP	differential	LGALS3BP	protein	level	uncertain	Panel biomarker listing - no direction or aspect explicitly stated; defaulting to differential | level. Flag for review: may need protein/expression if context is known.
PMC_biomarker_sets		PubMed:36289648	Psoriatic Arthrithis Biomarker CSF1	differential	CSF1	protein	level	uncertain	Panel biomarker listing - no direction or aspect explicitly stated; defaulting to differential | level. Flag for review: may need protein/expression if context is known.
PMC_biomarker_sets		PubMed:36289648	Psoriatic Arthrithis Biomarker MMP3	differential	MMP3	protein	level	uncertain	Panel biomarker listing - no direction or aspect explicitly stated; defaulting to differential | level. Flag for review: may need protein/expression if context is known.
PMC_biomarker_sets		PubMed:36289648	Psoriatic Arthrithis Biomarker MPO	differential	MPO	protein	level	uncertain	Panel biomarker listing - no direction or aspect explicitly stated; defaulting to differential | level. Flag for review: may need protein/expression if context is known.
PMC_biomarker_sets		PubMed:36289648	Psoriatic Arthrithis Biomarker NOTCH2NLA	differential	NOTCH2NLA	protein	level	uncertain	Panel biomarker listing - no direction or aspect explicitly stated; defaulting to differential | level. Flag for review: may need protein/expression if context is known.
PMC_biomarker_sets		PubMed:36289648	Psoriatic Arthrithis Biomarker TNFRSF11B	differential	TNFRSF11B	protein	level	uncertain	Panel biomarker listing - no direction or aspect explicitly stated; defaulting to differential | level. Flag for review: may need protein/expression if context is known.
PMC_biomarker_sets		PubMed:36289648	Psoriatic Arthrithis Biomarker POSTN	differential	POSTN	protein	level	uncertain	Panel biomarker listing - no direction or aspect explicitly stated; defaulting to differential | level. Flag for review: may need protein/expression if context is known.
PMC_biomarker_sets		PubMed:36289648	Psoriatic Arthrithis Biomarker PTPA	differential	PTPA	protein	level	uncertain	Panel biomarker listing - no direction or aspect explicitly stated; defaulting to differential | level. Flag for review: may need protein/expression if context is known.
PMC_biomarker_sets		PubMed:36289648	Psoriatic Arthrithis Biomarker PRL	differential	PRL	protein	level	uncertain	Panel biomarker listing - no direction or aspect explicitly stated; defaulting to differential | level. Flag for review: may need protein/expression if context is known.
PMC_biomarker_sets		PubMed:36289648	Psoriatic Arthrithis Biomarker TNFSF11	differential	TNFSF11	protein	level	uncertain	Panel biomarker listing - no direction or aspect explicitly stated; defaulting to differential | level. Flag for review: may need protein/expression if context is known.
PMC_biomarker_sets		PubMed:36289648	Psoriatic Arthrithis Biomarker SETD2	differential	SETD2	protein	level	uncertain	Panel biomarker listing - no direction or aspect explicitly stated; defaulting to differential | level. Flag for review: may need protein/expression if context is known.
PMC_biomarker_sets		PubMed:36289648	Psoriatic Arthrithis Biomarker IL2RA	differential	IL2RA	protein	level	uncertain	Panel biomarker listing - no direction or aspect explicitly stated; defaulting to differential | level. Flag for review: may need protein/expression if context is known.
PMC_biomarker_sets		PubMed:36289648	Psoriatic Arthrithis Biomarker IL2RB	differential	IL2RB	protein	level	uncertain	Panel biomarker listing - no direction or aspect explicitly stated; defaulting to differential | level. Flag for review: may need protein/expression if context is known.
PMC_biomarker_sets		PubMed:36289648	Psoriatic Arthrithis Biomarker IL2RG	differential	IL2RG	protein	level	uncertain	Panel biomarker listing - no direction or aspect explicitly stated; defaulting to differential | level. Flag for review: may need protein/expression if context is known.
PMC_biomarker_sets		PubMed:36289648	Psoriatic Arthrithis Biomarker SNCA	differential	SNCA	protein	level	uncertain	Panel biomarker listing - no direction or aspect explicitly stated; defaulting to differential | level. Flag for review: may need protein/expression if context is known.
PMC_biomarker_sets		PubMed:36289648	Psoriatic Arthrithis Biomarker SRP14	differential	SRP14	protein	level	uncertain	Panel biomarker listing - no direction or aspect explicitly stated; defaulting to differential | level. Flag for review: may need protein/expression if context is known.
PMC_biomarker_sets		PubMed:36289648	Psoriatic Arthrithis Biomarker SRPX	differential	SRPX	protein	level	uncertain	Panel biomarker listing - no direction or aspect explicitly stated; defaulting to differential | level. Flag for review: may need protein/expression if context is known.
PMC_biomarker_sets		PubMed:36289648	Psoriatic Arthrithis Biomarker STAT3	differential	STAT3	protein	level	uncertain	Panel biomarker listing - no direction or aspect explicitly stated; defaulting to differential | level. Flag for review: may need protein/expression if context is known.
PMC_biomarker_sets		PubMed:36289648	Psoriatic Arthrithis Biomarker STAT6	differential	STAT6	protein	level	uncertain	Panel biomarker listing - no direction or aspect explicitly stated; defaulting to differential | level. Flag for review: may need protein/expression if context is known.
PMC_biomarker_sets		PubMed:36289648	Psoriatic Arthrithis Biomarker STIP1	differential	STIP1	protein	level	uncertain	Panel biomarker listing - no direction or aspect explicitly stated; defaulting to differential | level. Flag for review: may need protein/expression if context is known.
PMC_biomarker_sets		PubMed:36289648	Psoriatic Arthrithis Biomarker SYK	differential	SYK	protein	level	uncertain	Panel biomarker listing - no direction or aspect explicitly stated; defaulting to differential | level. Flag for review: may need protein/expression if context is known.
PMC_biomarker_sets		PubMed:36289648	Psoriatic Arthrithis Biomarker TBX21	differential	TBX21	protein	level	uncertain	Panel biomarker listing - no direction or aspect explicitly stated; defaulting to differential | level. Flag for review: may need protein/expression if context is known.
PMC_biomarker_sets		PubMed:36289648	Psoriatic Arthrithis Biomarker TNF	differential	TNF	protein	level	uncertain	Panel biomarker listing - no direction or aspect explicitly stated; defaulting to differential | level. Flag for review: may need protein/expression if context is known.
PMC_biomarker_sets		PubMed:36289648	Psoriatic Arthrithis Biomarker VCP	differential	VCP	protein	level	uncertain	Panel biomarker listing - no direction or aspect explicitly stated; defaulting to differential | level. Flag for review: may need protein/expression if context is known.
PMC_biomarker_sets		PubMed:36289648	Psoriatic Arthrithis Biomarker FLT4	differential	FLT4	protein	level	uncertain	Panel biomarker listing - no direction or aspect explicitly stated; defaulting to differential | level. Flag for review: may need protein/expression if context is known.
PMC_biomarker_sets		PubMed:36289648	Psoriatic Arthrithis Biomarker CHI3L1	differential	CHI3L1	protein	level	uncertain	Panel biomarker listing - no direction or aspect explicitly stated; defaulting to differential | level. Flag for review: may need protein/expression if context is known.
PMC_biomarker_sets		PubMed:37963145	Changes in Independent Blood Biomarker in Proximity Extension Assay of TNNT2	differential	TNNT2	protein	level	uncertain	We need more information to ensure the aspect.The raw term only mentioned the change of TNNT2,but we can't infer the specific change.
PMC_biomarker_sets		PubMed:37963145	Changes in Independent Blood Biomarker in Proximity Extension Assay of NPPB	differential	NPPB	protein	level	uncertain	We need more information to ensure the aspect.
PMC_biomarker_sets		PubMed:37963145	Changes in Independent Blood Biomarker in Proximity Extension Assay of CST3	differential	CST3	protein	level	uncertain	We need more information to ensure the aspect.
PMC_biomarker_sets		PubMed:37963145	Changes in Independent Blood Biomarker in Proximity Extension Assay of KITLG	differential	KITLG	protein	level	uncertain	We need more information to ensure the aspect.
PMC_biomarker_sets		PubMed:37963145	Changes in Independent Blood Biomarker in Proximity Extension Assay of FGF23	differential	FGF23	protein	level	uncertain	We need more information to ensure the aspect.
PMC_biomarker_sets		PubMed:37963145	Changes in Independent Blood Biomarker in Proximity Extension Assay of HGF	differential	HGF	protein	level	uncertain	We need more information to ensure the aspect.
PMC_biomarker_sets		PubMed:37963145	Changes in Independent Blood Biomarker in Proximity Extension Assay of HAVCR1	differential	HAVCR1	protein	level	uncertain	We need more information to ensure the aspect.
PMC_biomarker_sets		PubMed:37963145	Changes in Independent Blood Biomarker in Proximity Extension Assay of IL6	differential	IL6	protein	level	uncertain	We need more information to ensure the aspect.
PMC_biomarker_sets		PubMed:37963145	Changes in Independent Blood Biomarker in Proximity Extension Assay of MMP12	differential	MMP12	protein	level	uncertain	We need more information to ensure the aspect.
PMC_biomarker_sets		PubMed:37963145	Changes in Independent Blood Biomarker in Proximity Extension Assay of REN	differential	REN	protein	level	uncertain	We need more information to ensure the aspect.
PMC_biomarker_sets		PubMed:37963145	Changes in Independent Blood Biomarker in Proximity Extension Assay of FIGF	differential	FIGF	protein	level	uncertain	We need more information to ensure the aspect.
PMC_biomarker_sets		PubMed:37963145	Changes in Independent Blood Biomarker in Proximity Extension Assay of TNFRSF10B	differential	TNFRSF10B	protein	level	uncertain	We need more information to ensure the aspect.
PMC_biomarker_sets		PubMed:37963145	Changes in Independent Blood Biomarker in Proximity Extension Assay of ADM	differential	ADM	protein	level	uncertain	We need more information to ensure the aspect.
PMC_biomarker_sets		PubMed:37963145	Changes in Independent Blood Biomarker in Proximity Extension Assay of GDF15	differential	GDF15	protein	level	uncertain	We need more information to ensure the aspect.
PMC_biomarker_sets		PubMed:24212639	Change in expression level of MET	differential	MET	protein	expression	mapped	The specific direction of the change is not specified,so I define it as differential.
PMC_biomarker_sets		PubMed:24212639	Change in expression level of CEP55	differential	CEP55	protein	expression	mapped	The specific direction of the change is not specified,so I define it as differential.
PMC_biomarker_sets		PubMed:24212639	Change in expression level of NBN	differential	NBN	protein	expression	mapped	The specific direction of the change is not specified,so I define it as differential.
PMC_biomarker_sets		PubMed:24212639	Change in expression level of BIRC5	differential	BIRC5	protein	expression	mapped	The specific direction of the change is not specified,so I define it as differential.
PMC_biomarker_sets		PubMed:24212639	Change in expression level of RPS6KA3	differential	RPS6KA3	protein	expression	mapped	The specific direction of the change is not specified,so I define it as differential.
PMC_biomarker_sets		PubMed:24212639	Change in expression level of CTTN	differential	CTTN	protein	expression	mapped	The specific direction of the change is not specified,so I define it as differential.
PMC_biomarker_sets		PubMed:24212639	Change in expression level of CD44	differential	CD44	protein	expression	mapped	The specific direction of the change is not specified,so I define it as differential.
PMC_biomarker_sets		PubMed:24212639	Change in expression level of MMP9	differential	MMP9	protein	expression	mapped	The specific direction of the change is not specified,so I define it as differential.
PMC_biomarker_sets		PubMed:24212639	Change in expression level of MMP14	differential	MMP14	protein	expression	mapped	The specific direction of the change is not specified,so I define it as differential.
PMC_biomarker_sets		PubMed:34825149	Change in Concentration level of SERPINA1 for enteric dysfunction	differential	SERPINA1	protein	level	mapped	Concentration/level change without direction _ differential | level
PMC_biomarker_sets		PubMed:34825149	Change in Concentration level of CRP for enteric dysfunction	differential	CRP	protein	level	mapped	Concentration/level change without direction _ differential | level
PMC_biomarker_sets		PubMed:34825149	Change in Concentration level of CIT for enteric dysfunction	differential	CIT	protein	level	mapped	Concentration/level change without direction _ differential | level
PMC_biomarker_sets		PubMed:34825149	Change in Concentration level of FABP2 for enteric dysfunction	differential	FABP2	protein	level	mapped	Concentration/level change without direction _ differential | level
PMC_biomarker_sets		PubMed:34825149	Change in Concentration level of MPO for enteric dysfunction	differential	MPO	protein	level	mapped	Concentration/level change without direction _ differential | level
PMC_biomarker_sets		PubMed:34825149	Change in Concentration level of REG1B for enteric dysfunction	differential	REG1B	protein	level	mapped	Concentration/level change without direction _ differential | level
PMC_biomarker_sets		PubMed:34825149	Change in Concentration level of CD14 for enteric dysfunction	differential	CD14	protein	level	mapped	Concentration/level change without direction _ differential | level
PMC_biomarker_sets		PubMed:35815027	Neruological symptom association with IL4	differential	IL4	protein	level	uncertain	Only neurological symptoms related to IL4 have been described, but we do not know the specific direction of change. Since IL4 is a protein, the change is likely in its level, but could also refer to expression; this needs to be confirmed by referring to the original text.
PMC_biomarker_sets		PubMed:35815027	Neruological symptom association with IL5	differential	IL5	protein	level	uncertain	Only neurological symptoms related to IL5 have been described, but we do not know the specific direction of change. Since IL5 is a protein, the change is likely in its level, but could also refer to expression; this needs to be confirmed by referring to the original text.
PMC_biomarker_sets		PubMed:35815027	Neruological symptom association with IL6	differential	IL6	protein	level	uncertain	Only neurological symptoms related to IL6 have been described, but we do not know the specific direction of change. Since IL6 is a protein, the change is likely in its level, but could also refer to expression; this needs to be confirmed by referring to the original text.
PMC_biomarker_sets		PubMed:35815027	Neruological symptom association with IL7	differential	IL7	protein	level	uncertain	Only neurological symptoms related to IL7 have been described, but we do not know the specific direction of change. Since IL7 is a protein, the change is likely in its level, but could also refer to expression; this needs to be confirmed by referring to the original text.
PMC_biomarker_sets		PubMed:35815027	Neruological symptom association with CXCL8	differential	CXCL8	protein	level	uncertain	Only neurological symptoms related to CXCL8 have been described, but we do not know the specific direction of change. Since CXCL8 is a protein, the change is likely in its level, but could also refer to expression; this needs to be confirmed by referring to the original text.
PMC_biomarker_sets		PubMed:35815027	Neruological symptom association with IL10	differential	IL10	protein	level	uncertain	Only neurological symptoms related to IL10 have been described, but we do not know the specific direction of change. Since IL10 is a protein, the change is likely in its level, but could also refer to expression; this needs to be confirmed by referring to the original text.
PMC_biomarker_sets		PubMed:35815027	Neruological symptom association with TNF	differential	TNF	protein	level	uncertain	Only neurological symptoms related to TNF have been described, but we do not know the specific direction of change. Since TNF is a protein, the change is likely in its level, but could also refer to expression; this needs to be confirmed by referring to the original text.
PMC_biomarker_sets		PubMed:35815027	Neruological symptom association with IL1B	differential	IL1B	protein	level	uncertain	Only neurological symptoms related to IL1B have been described, but we do not know the specific direction of change. Since IL1B is a protein, the change is likely in its level, but could also refer to expression; this needs to be confirmed by referring to the original text.
PMC_biomarker_sets		PubMed:35815027	Neruological symptom association with IL12A	differential	IL12A	protein	level	uncertain	Only neurological symptoms related to IL12A have been described, but we do not know the specific direction of change. Since IL12A is a protein, the change is likely in its level, but could also refer to expression; this needs to be confirmed by referring to the original text.
PMC_biomarker_sets		PubMed:30922293	Common biomarker candidate ALOX5	differential	ALOX5	protein	level	uncertain	The raw term only mentions the entity,but the change is not definite.
PMC_biomarker_sets		PubMed:30922293	Common biomarker candidate APOC1	differential	APOC1	protein	level	uncertain	The raw term only mentions the entity,but the change is not definite.
PMC_biomarker_sets		PubMed:30922293	Common biomarker candidate ARHGDIB	differential	ARHGDIB	protein	level	uncertain	The raw term only mentions the entity,but the change is not definite.
PMC_biomarker_sets		PubMed:30922293	Common biomarker candidate BDNF	differential	BDNF	protein	level	uncertain	The raw term only mentions the entity,but the change is not definite.
PMC_biomarker_sets		PubMed:30922293	Common biomarker candidate CCL19	differential	CCL19	protein	level	uncertain	The raw term only mentions the entity,but the change is not definite.
PMC_biomarker_sets		PubMed:30922293	Common biomarker candidate CCR7	differential	CCR7	protein	level	uncertain	The raw term only mentions the entity,but the change is not definite.
PMC_biomarker_sets		PubMed:30922293	Common biomarker candidate CSF3	differential	CSF3	protein	level	uncertain	The raw term only mentions the entity,but the change is not definite.
PMC_biomarker_sets		PubMed:30922293	Common biomarker candidate CXCL12	differential	CXCL12	protein	level	uncertain	The raw term only mentions the entity,but the change is not definite.
PMC_biomarker_sets		PubMed:30922293	Common biomarker candidate CXCR4	differential	CXCR4	protein	level	uncertain	The raw term only mentions the entity,but the change is not definite.
PMC_biomarker_sets		PubMed:30922293	Common biomarker candidate CYGB	differential	CYGB	protein	level	uncertain	The raw term only mentions the entity,but the change is not definite.
PMC_biomarker_sets		PubMed:30922293	Common biomarker candidate EIF4E	differential	EIF4E	protein	level	uncertain	The raw term only mentions the entity,but the change is not definite.
PMC_biomarker_sets		PubMed:30922293	Common biomarker candidate EREG	differential	EREG	protein	level	uncertain	The raw term only mentions the entity,but the change is not definite.
PMC_biomarker_sets		PubMed:30922293	Common biomarker candidate ESR1	differential	ESR1	protein	level	uncertain	The raw term only mentions the entity,but the change is not definite.
PMC_biomarker_sets		PubMed:30922293	Common biomarker candidate IGH	differential	IGH	protein	level	uncertain	The raw term only mentions the entity,but the change is not definite.
PMC_biomarker_sets		PubMed:30922293	Common biomarker candidate IL1B	differential	IL1B	protein	level	uncertain	The raw term only mentions the entity,but the change is not definite.
PMC_biomarker_sets		PubMed:30922293	Common biomarker candidate KDR	differential	KDR	protein	level	uncertain	The raw term only mentions the entity,but the change is not definite.
PMC_biomarker_sets		PubMed:30922293	Common biomarker candidate LCK	differential	LCK	protein	level	uncertain	The raw term only mentions the entity,but the change is not definite.
PMC_biomarker_sets		PubMed:30922293	Common biomarker candidate LCP1	differential	LCP1	protein	level	uncertain	The raw term only mentions the entity,but the change is not definite.
PMC_biomarker_sets		PubMed:30922293	Common biomarker candidate LGALS1	differential	LGALS1	protein	level	uncertain	The raw term only mentions the entity,but the change is not definite.
PMC_biomarker_sets		PubMed:30922293	Common biomarker candidate LYVE1	differential	LYVE1	protein	level	uncertain	The raw term only mentions the entity,but the change is not definite.
PMC_biomarker_sets		PubMed:30922293	Common biomarker candidate MMP9	differential	MMP9	protein	level	uncertain	The raw term only mentions the entity,but the change is not definite.
PMC_biomarker_sets		PubMed:30922293	Common biomarker candidate MS4A1	differential	MS4A1	protein	level	uncertain	The raw term only mentions the entity,but the change is not definite.
PMC_biomarker_sets		PubMed:30922293	Common biomarker candidate PAPPA	differential	PAPPA	protein	level	uncertain	The raw term only mentions the entity,but the change is not definite.
PMC_biomarker_sets		PubMed:30922293	Common biomarker candidate PDGFRB	differential	PDGFRB	protein	level	uncertain	The raw term only mentions the entity,but the change is not definite.
PMC_biomarker_sets		PubMed:30922293	Common biomarker candidate PECAM1	differential	PECAM1	protein	level	uncertain	The raw term only mentions the entity,but the change is not definite.
PMC_biomarker_sets		PubMed:30922293	Common biomarker candidate PRKCB	differential	PRKCB	protein	level	uncertain	The raw term only mentions the entity,but the change is not definite.
PMC_biomarker_sets		PubMed:30922293	Common biomarker candidate PTPRC	differential	PTPRC	protein	level	uncertain	The raw term only mentions the entity,but the change is not definite.
PMC_biomarker_sets		PubMed:30922293	Common biomarker candidate SERPINA1	differential	SERPINA1	protein	level	uncertain	The raw term only mentions the entity,but the change is not definite.
PMC_biomarker_sets		PubMed:30922293	Common biomarker candidate SFRP2	differential	SFRP2	protein	level	uncertain	The raw term only mentions the entity,but the change is not definite.
PMC_biomarker_sets		PubMed:30922293	Common biomarker candidate STRA6	differential	STRA6	protein	level	uncertain	The raw term only mentions the entity,but the change is not definite.
PMC_biomarker_sets		PubMed:30922293	Common biomarker candidate TAGLN	differential	TAGLN	protein	level	uncertain	The raw term only mentions the entity,but the change is not definite.
PMC_biomarker_sets		PubMed:30922293	Common biomarker candidate TIMP4	differential	TIMP4	protein	level	uncertain	The raw term only mentions the entity,but the change is not definite.
PMC_biomarker_sets		PubMed:30922293	Common biomarker candidate TNFSF13B	differential	TNFSF13B	protein	level	uncertain	The raw term only mentions the entity,but the change is not definite.
PMC_biomarker_sets		PubMed:30922293	Common biomarker candidate TPM1	differential	TPM1	protein	level	uncertain	The raw term only mentions the entity,but the change is not definite.
PMC_biomarker_sets		PubMed:30922293	Common biomarker candidate VIM	differential	VIM	protein	level	uncertain	The raw term only mentions the entity,but the change is not definite.
PMC_biomarker_sets		PubMed:30323770	Blood biomarker panel S100B	differential	S100B	protein	level	uncertain	The raw term only mentions the entity,but the change is not definite.
PMC_biomarker_sets		PubMed:30323770	Blood biomarker panel ENO2	differential	ENO2	protein	level	uncertain	The raw term only mentions the entity,but the change is not definite.
PMC_biomarker_sets		PubMed:30323770	Blood biomarker panel MAPT	differential	MAPT	protein	level	uncertain	The raw term only mentions the entity,but the change is not definite.
PMC_biomarker_sets		PubMed:30323770	Blood biomarker panel CSF1R	differential	CSF1R	protein	level	uncertain	The raw term only mentions the entity,but the change is not definite.
PMC_biomarker_sets		PubMed:30323770	Blood biomarker panel NRGN	differential	NRGN	protein	level	uncertain	The raw term only mentions the entity,but the change is not definite.
PMC_biomarker_sets		PubMed:30323770	Blood biomarker panel VSNL1	differential	VSNL1	protein	level	uncertain	The raw term only mentions the entity,but the change is not definite.
PMC_biomarker_sets		PubMed:30323770	Blood biomarker panel BDNF	differential	BDNF	protein	level	uncertain	The raw term only mentions the entity,but the change is not definite.
PMC_biomarker_sets		PubMed:30323770	Blood biomarker panel PRDX6	differential	PRDX6	protein	level	uncertain	The raw term only mentions the entity,but the change is not definite.
PMC_biomarker_sets		PubMed:30323770	Blood biomarker panel CCL2	differential	CCL2	protein	level	uncertain	The raw term only mentions the entity,but the change is not definite.
PMC_biomarker_sets		PubMed:30323770	Blood biomarker panel MMP9	differential	MMP9	protein	level	uncertain	The raw term only mentions the entity,but the change is not definite.
PMC_biomarker_sets		PubMed:30323770	Blood biomarker panel VWF	differential	VWF	protein	level	uncertain	The raw term only mentions the entity,but the change is not definite.
PMC_biomarker_sets		PubMed:35127947	Significant prognostic biomarker with external validation SDC2	differential	SDC2	protein	level	uncertain	Prognostic biomarker term with identifiable entity, but no direction or specific measured aspect stated.
PMC_biomarker_sets		PubMed:35127947	Significant prognostic biomarker with external validation TCF7L1	differential	TCF7L1	protein	level	uncertain	Prognostic biomarker term with identifiable entity, but no direction or specific measured aspect stated.
PMC_biomarker_sets		PubMed:35127947	Significant prognostic biomarker with external validation POLR3D	differential	POLR3D	protein	level	uncertain	Prognostic biomarker term with identifiable entity, but no direction or specific measured aspect stated.
PMC_biomarker_sets		PubMed:35127947	Significant prognostic biomarker with external validation CD38	differential	CD38	protein	level	uncertain	Prognostic biomarker term with identifiable entity, but no direction or specific measured aspect stated.
PMC_biomarker_sets		PubMed:35127947	Significant prognostic biomarker with external validation CD1A	differential	CD1A	protein	level	uncertain	Prognostic biomarker term with identifiable entity, but no direction or specific measured aspect stated.
PMC_biomarker_sets		PubMed:35127947	Significant prognostic biomarker with external validation CYP3A4	differential	CYP3A4	protein	level	uncertain	Prognostic biomarker term with identifiable entity, but no direction or specific measured aspect stated.
PMC_biomarker_sets		PubMed:35127947	Significant prognostic biomarker with external validation HMGCL	differential	HMGCL	protein	level	uncertain	Prognostic biomarker term with identifiable entity, but no direction or specific measured aspect stated.
PMC_biomarker_sets		PubMed:35127947	Significant prognostic biomarker with external validation ACAT2	differential	ACAT2	protein	level	uncertain	Prognostic biomarker term with identifiable entity, but no direction or specific measured aspect stated.
PMC_biomarker_sets		PubMed:35127947	Significant prognostic biomarker with external validation CYP27A1	differential	CYP27A1	protein	level	uncertain	Prognostic biomarker term with identifiable entity, but no direction or specific measured aspect stated.
PMC_biomarker_sets		PubMed:35127947	Significant prognostic biomarker with external validation PLB1	differential	PLB1	protein	level	uncertain	Prognostic biomarker term with identifiable entity, but no direction or specific measured aspect stated.
PMC_biomarker_sets		PubMed:35127947	Significant prognostic biomarker with external validation DPYS	differential	DPYS	protein	level	uncertain	Prognostic biomarker term with identifiable entity, but no direction or specific measured aspect stated.
PMC_biomarker_sets		PubMed:35127947	Significant prognostic biomarker with external validation GAD1	differential	GAD1	protein	level	uncertain	Prognostic biomarker term with identifiable entity, but no direction or specific measured aspect stated.
PMC_biomarker_sets		PubMed:35127947	Significant prognostic biomarker with external validation LTC4S	differential	LTC4S	protein	level	uncertain	Prognostic biomarker term with identifiable entity, but no direction or specific measured aspect stated.
PMC_biomarker_sets		PubMed:35127947	Significant prognostic biomarker with external validation PTGS1	differential	PTGS1	protein	level	uncertain	Prognostic biomarker term with identifiable entity, but no direction or specific measured aspect stated.
PMC_biomarker_sets		PubMed:35127947	Significant prognostic biomarker with external validation BCAT1	differential	BCAT1	protein	level	uncertain	Prognostic biomarker term with identifiable entity, but no direction or specific measured aspect stated.
PMC_biomarker_sets		PubMed:35127947	Significant prognostic biomarker with external validation BCKDHA	differential	BCKDHA	protein	level	uncertain	Prognostic biomarker term with identifiable entity, but no direction or specific measured aspect stated.
PMC_biomarker_sets		PubMed:35127947	Significant prognostic biomarker with external validation BCKDHB	differential	BCKDHB	protein	level	uncertain	Prognostic biomarker term with identifiable entity, but no direction or specific measured aspect stated.
PMC_biomarker_sets		PubMed:35127947	Significant prognostic biomarker with external validation ACTG1	differential	ACTG1	protein	level	uncertain	Prognostic biomarker term with identifiable entity, but no direction or specific measured aspect stated.
PMC_biomarker_sets		PubMed:35127947	Significant prognostic biomarker with external validation ACTN1	differential	ACTN1	protein	level	uncertain	Prognostic biomarker term with identifiable entity, but no direction or specific measured aspect stated.
PMC_biomarker_sets		PubMed:29123261	Pancreatic cancer panel APOE	differential	APOE	protein	level	uncertain	Panel biomarker term with identifiable entity, but no direction or specific measured aspect stated.
PMC_biomarker_sets		PubMed:29123261	Pancreatic cancer panel ITIH3	differential	ITIH3	protein	level	uncertain	Panel biomarker term with identifiable entity, but no direction or specific measured aspect stated.
PMC_biomarker_sets		PubMed:29123261	Pancreatic cancer panel APOA1	differential	APOA1	protein	level	uncertain	Panel biomarker term with identifiable entity, but no direction or specific measured aspect stated.
PMC_biomarker_sets		PubMed:29123261	Pancreatic cancer panel APOL1	differential	APOL1	protein	level	uncertain	Panel biomarker term with identifiable entity, but no direction or specific measured aspect stated.
PMC_biomarker_sets		PubMed:35979016	Increased inflammatory markers AXIN1	increased	inflammatory markers AXIN1	protein	level	mapped	Increased prefix _ level aspect (default for quantity terms)
PMC_biomarker_sets		PubMed:35979016	Increased inflammatory markers CASP8	increased	inflammatory markers CASP8	protein	level	mapped	Increased prefix _ level aspect (default for quantity terms)
PMC_biomarker_sets		PubMed:35979016	Increased inflammatory markers CCL3	increased	inflammatory markers CCL3	protein	level	mapped	Increased prefix _ level aspect (default for quantity terms)
PMC_biomarker_sets		PubMed:35979016	Increased inflammatory markers CCL4	increased	inflammatory markers CCL4	protein	level	mapped	Increased prefix _ level aspect (default for quantity terms)
PMC_biomarker_sets		PubMed:35979016	Increased inflammatory markers CCL11	increased	inflammatory markers CCL11	protein	level	mapped	Increased prefix _ level aspect (default for quantity terms)
PMC_biomarker_sets		PubMed:35979016	Increased inflammatory markers CCL23	increased	inflammatory markers CCL23	protein	level	mapped	Increased prefix _ level aspect (default for quantity terms)
PMC_biomarker_sets		PubMed:35979016	Increased inflammatory markers CD40	increased	inflammatory markers CD40	protein	level	mapped	Increased prefix _ level aspect (default for quantity terms)
PMC_biomarker_sets		PubMed:35979016	Increased inflammatory markers CXCL1	increased	inflammatory markers CXCL1	protein	level	mapped	Increased prefix _ level aspect (default for quantity terms)
PMC_biomarker_sets		PubMed:35979016	Increased inflammatory markers CXCL6	increased	inflammatory markers CXCL6	protein	level	mapped	Increased prefix _ level aspect (default for quantity terms)
PMC_biomarker_sets		PubMed:35979016	Increased inflammatory markers CXCL11	increased	inflammatory markers CXCL11	protein	level	mapped	Increased prefix _ level aspect (default for quantity terms)
PMC_biomarker_sets		PubMed:35979016	Increased inflammatory markers DNER	increased	inflammatory markers DNER	protein	level	mapped	Increased prefix _ level aspect (default for quantity terms)
PMC_biomarker_sets		PubMed:35979016	Increased inflammatory markers GDNF	increased	inflammatory markers GDNF	protein	level	mapped	Increased prefix _ level aspect (default for quantity terms)
PMC_biomarker_sets		PubMed:35979016	Increased inflammatory markers HGF	increased	inflammatory markers HGF	protein	level	mapped	Increased prefix _ level aspect (default for quantity terms)
PMC_biomarker_sets		PubMed:35979016	Increased inflammatory markers IL12B	increased	inflammatory markers IL12B	protein	level	mapped	Increased prefix _ level aspect (default for quantity terms)
PMC_biomarker_sets		PubMed:35979016	Increased inflammatory markers CCL2	increased	inflammatory markers CCL2	protein	level	mapped	Increased prefix _ level aspect (default for quantity terms)
PMC_biomarker_sets		PubMed:35979016	Increased inflammatory markers CCL8	increased	inflammatory markers CCL8	protein	level	mapped	Increased prefix _ level aspect (default for quantity terms)
PMC_biomarker_sets		PubMed:35979016	Increased inflammatory markers CCL7	increased	inflammatory markers CCL7	protein	level	mapped	Increased prefix _ level aspect (default for quantity terms)
PMC_biomarker_sets		PubMed:35979016	Increased inflammatory markers CCL13	increased	inflammatory markers CCL13	protein	level	mapped	Increased prefix _ level aspect (default for quantity terms)
PMC_biomarker_sets		PubMed:35979016	Increased inflammatory markers MMP1	increased	inflammatory markers MMP1	protein	level	mapped	Increased prefix _ level aspect (default for quantity terms)
PMC_biomarker_sets		PubMed:35979016	Increased inflammatory markers OSM	increased	inflammatory markers OSM	protein	level	mapped	Increased prefix _ level aspect (default for quantity terms)
PMC_biomarker_sets		PubMed:35979016	Increased inflammatory markers SIRT2	increased	inflammatory markers SIRT2	protein	level	mapped	Increased prefix _ level aspect (default for quantity terms)
PMC_biomarker_sets		PubMed:35979016	Increased inflammatory markers STAMBP	increased	inflammatory markers STAMBP	protein	level	mapped	Increased prefix _ level aspect (default for quantity terms)
PMC_biomarker_sets		PubMed:35979016	Increased inflammatory markers SULT1A1	increased	inflammatory markers SULT1A1	protein	level	mapped	Increased prefix _ level aspect (default for quantity terms)
PMC_biomarker_sets		PubMed:35979016	Increased inflammatory markers TGFA	increased	inflammatory markers TGFA	protein	level	mapped	Increased prefix _ level aspect (default for quantity terms)
PMC_biomarker_sets		PubMed:35979016	Increased inflammatory markers TGFB1	increased	inflammatory markers TGFB1	protein	level	mapped	Increased prefix _ level aspect (default for quantity terms)
PMC_biomarker_sets		PubMed:35979016	Increased inflammatory markers TNFSF14	increased	inflammatory markers TNFSF14	protein	level	mapped	Increased prefix _ level aspect (default for quantity terms)
PMC_biomarker_sets		PubMed:35979016	Increased inflammatory markers TNFSF12	increased	inflammatory markers TNFSF12	protein	level	mapped	Increased prefix _ level aspect (default for quantity terms)
PMC_biomarker_sets		PubMed:35979016	Increased inflammatory markers PLAU	increased	inflammatory markers PLAU	protein	level	mapped	Increased prefix _ level aspect (default for quantity terms)
PMC_biomarker_sets		PubMed:35979016	Increased inflammatory markers VEGFA	increased	inflammatory markers VEGFA	protein	level	mapped	Increased prefix _ level aspect (default for quantity terms)
PMC_biomarker_sets		PubMed:32601369	Polyamine synthetic pathways biomarkers ARG1	differential	ARG1	protein	level	uncertain	The raw term only mentions the entity,but the change is not definite.
PMC_biomarker_sets		PubMed:32601369	Polyamine synthetic pathways biomarkers ODC1	differential	ODC1	protein	level	uncertain	The raw term only mentions the entity,but the change is not definite.
PMC_biomarker_sets		PubMed:32601369	Polyamine synthetic pathways biomarkers SAT1	differential	SAT1	protein	level	uncertain	The raw term only mentions the entity,but the change is not definite.
PMC_biomarker_sets		PubMed:32601369	Polyamine synthetic pathways biomarkers SMS	differential	SMS	protein	level	uncertain	The raw term only mentions the entity,but the change is not definite.
PMC_biomarker_sets		PubMed:32601369	Polyamine synthetic pathways biomarkers SRM	differential	SRM	protein	level	uncertain	The raw term only mentions the entity,but the change is not definite.
PMC_biomarker_sets		PubMed:32601369	Polyamine synthetic pathways biomarkers OAZ1	differential	OAZ1	protein	level	uncertain	The raw term only mentions the entity,but the change is not definite.
PMC_biomarker_sets		PubMed:32601369	Polyamine synthetic pathways biomarkers PAOX	differential	PAOX	protein	level	uncertain	The raw term only mentions the entity,but the change is not definite.
PMC_biomarker_sets		PubMed:35912229	Better survival indication panel PLXNB1	differential	PLXNB1	protein	level	uncertain	Panel biomarker term associated with better survival, but no direction or specific measured aspect is stated.
PMC_biomarker_sets		PubMed:35912229	Better survival indication panel PITX1	differential	PITX1	protein	level	uncertain	Panel biomarker term associated with better survival, but no direction or specific measured aspect is stated.
PMC_biomarker_sets		PubMed:35912229	Better survival indication panel N4BP3	differential	N4BP3	protein	level	uncertain	Panel biomarker term associated with better survival, but no direction or specific measured aspect is stated.
PMC_biomarker_sets		PubMed:35912229	Better survival indication panel SH2D4A	differential	SH2D4A	protein	level	uncertain	Panel biomarker term associated with better survival, but no direction or specific measured aspect is stated.
PMC_biomarker_sets		PubMed:35912229	Better survival indication panel RALGPS1	differential	RALGPS1	protein	level	uncertain	Panel biomarker term associated with better survival, but no direction or specific measured aspect is stated.
PMC_biomarker_sets		PubMed:35912229	Better survival indication panel SIGIRR	differential	SIGIRR	protein	level	uncertain	Panel biomarker term associated with better survival, but no direction or specific measured aspect is stated.
PMC_biomarker_sets		PubMed:35912229	Better survival indication panel PPFIBP2	differential	 PPFIBP2	protein	level	uncertain	Panel biomarker term associated with better survival, but no direction or specific measured aspect is stated.
PMC_biomarker_sets		PubMed:35912229	Better survival indication panel LMF1	differential	LMF1	protein	level	uncertain	Panel biomarker term associated with better survival, but no direction or specific measured aspect is stated.
PMC_biomarker_sets		PubMed:35912229	Better survival indication panel IL34	differential	IL34	protein	level	uncertain	Panel biomarker term associated with better survival, but no direction or specific measured aspect is stated.
PMC_biomarker_sets		PubMed:35912229	Better survival indication panel ZFP3	differential	ZFP3	protein	level	uncertain	Panel biomarker term associated with better survival, but no direction or specific measured aspect is stated.
PMC_biomarker_sets		PubMed:35912229	Better survival indication panel HLF	differential	HLF	protein	level	uncertain	Panel biomarker term associated with better survival, but no direction or specific measured aspect is stated.
PMC_biomarker_sets		PubMed:35912229	Better survival indication panel SLC25A23	differential	SLC25A23	protein	level	uncertain	Panel biomarker term associated with better survival, but no direction or specific measured aspect is stated.
PMC_biomarker_sets		PubMed:35912229	Better survival indication panel FAM83E	differential	FAM83E	protein	level	uncertain	Panel biomarker term associated with better survival, but no direction or specific measured aspect is stated.
PMC_biomarker_sets		PubMed:35912229	Better survival indication panel SIM2	differential	SIM2	protein	level	uncertain	Panel biomarker term associated with better survival, but no direction or specific measured aspect is stated.
PMC_biomarker_sets		PubMed:35912229	Poor survival indication panel ZNF281	differential	ZNF281	protein	level	uncertain	Panel biomarker term associated with poor survival, but no direction or specific measured aspect is stated.
PMC_biomarker_sets		PubMed:35912229	Poor survival indication panel MYO1B	differential	MYO1B	protein	level	uncertain	Panel biomarker term associated with poor survival, but no direction or specific measured aspect is stated.
PMC_biomarker_sets		PubMed:35912229	Poor survival indication panel BASP1	differential	BASP1	protein	level	uncertain	Panel biomarker term associated with poor survival, but no direction or specific measured aspect is stated.
PMC_biomarker_sets		PubMed:35912229	Poor survival indication panel CSF2	differential	CSF2	protein	level	uncertain	Panel biomarker term associated with poor survival, but no direction or specific measured aspect is stated.
PMC_biomarker_sets		PubMed:35912229	Poor survival indication panel DSE	differential	DSE	protein	level	uncertain	Panel biomarker term associated with poor survival, but no direction or specific measured aspect is stated.
PMC_biomarker_sets		PubMed:35912229	Poor survival indication panel GOPC	differential	GOPC	protein	level	uncertain	Panel biomarker term associated with poor survival, but no direction or specific measured aspect is stated.
PMC_biomarker_sets		PubMed:35912229	Poor survival indication panel DCBLD1	differential	DCBLD1	protein	level	uncertain	Panel biomarker term associated with poor survival, but no direction or specific measured aspect is stated.
PMC_biomarker_sets		PubMed:35912229	Poor survival indication panel KDELR2	differential	KDELR2	protein	level	uncertain	Panel biomarker term associated with poor survival, but no direction or specific measured aspect is stated.
PMC_biomarker_sets		PubMed:35912229	Poor survival indication panel FKBP14	differential	FKBP14	protein	level	uncertain	Panel biomarker term associated with poor survival, but no direction or specific measured aspect is stated.
PMC_biomarker_sets		PubMed:35912229	Poor survival indication panel INHBA	differential	INHBA	protein	level	uncertain	Panel biomarker term associated with poor survival, but no direction or specific measured aspect is stated.
PMC_biomarker_sets		PubMed:35912229	Poor survival indication panel CALU	differential	CALU	protein	level	uncertain	Panel biomarker term associated with poor survival, but no direction or specific measured aspect is stated.
PMC_biomarker_sets		PubMed:35912229	Poor survival indication panel MSC	differential	MSC	protein	level	uncertain	Panel biomarker term associated with poor survival, but no direction or specific measured aspect is stated.
PMC_biomarker_sets		PubMed:35912229	Poor survival indication panel INTS8	differential	INTS8	protein	level	uncertain	Panel biomarker term associated with poor survival, but no direction or specific measured aspect is stated.
PMC_biomarker_sets		PubMed:35912229	Poor survival indication panel MTDH	differential	MTDH	protein	level	uncertain	Panel biomarker term associated with poor survival, but no direction or specific measured aspect is stated.
PMC_biomarker_sets		PubMed:35912229	Poor survival indication panel DERL1	differential	DERL1	protein	level	uncertain	Panel biomarker term associated with poor survival, but no direction or specific measured aspect is stated.
PMC_biomarker_sets		PubMed:35912229	Poor survival indication panel NEK6	differential	NEK6	protein	level	uncertain	Panel biomarker term associated with poor survival, but no direction or specific measured aspect is stated.
PMC_biomarker_sets		PubMed:35912229	Poor survival indication panel PLAU	differential	PLAU	protein	level	uncertain	Panel biomarker term associated with poor survival, but no direction or specific measured aspect is stated.
PMC_biomarker_sets		PubMed:35912229	Poor survival indication panel SERPINH1	differential	SERPINH1	protein	level	uncertain	Panel biomarker term associated with poor survival, but no direction or specific measured aspect is stated.
PMC_biomarker_sets		PubMed:35912229	Poor survival indication panel OAF	differential	OAF	protein	level	uncertain	Panel biomarker term associated with poor survival, but no direction or specific measured aspect is stated.
PMC_biomarker_sets		PubMed:35912229	Poor survival indication panel ITGA5	differential	ITGA5	protein	level	uncertain	Panel biomarker term associated with poor survival, but no direction or specific measured aspect is stated.
PMC_biomarker_sets		PubMed:35912229	Poor survival indication panel PXN	differential	PXN	protein	level	uncertain	Panel biomarker term associated with poor survival, but no direction or specific measured aspect is stated.
PMC_biomarker_sets		PubMed:35912229	Poor survival indication panel HSPH1	differential	HSPH1	protein	level	uncertain	Panel biomarker term associated with poor survival, but no direction or specific measured aspect is stated.
PMC_biomarker_sets		PubMed:35912229	Poor survival indication panel SNAPC1	differential	SNAPC1	protein	level	uncertain	Panel biomarker term associated with poor survival, but no direction or specific measured aspect is stated.
PMC_biomarker_sets		PubMed:35912229	Poor survival indication panel ACTN1	differential	ACTN1	protein	level	uncertain	Panel biomarker term associated with poor survival, but no direction or specific measured aspect is stated.
PMC_biomarker_sets		PubMed:35912229	Poor survival indication panel SCG5	differential	SCG5	protein	level	uncertain	Panel biomarker term associated with poor survival, but no direction or specific measured aspect is stated.
PMC_biomarker_sets		PubMed:35912229	Poor survival indication panel CMIP	differential	CMIP	protein	level	uncertain	Panel biomarker term associated with poor survival, but no direction or specific measured aspect is stated.
PMC_biomarker_sets		PubMed:35912229	Poor survival indication panel AXL	differential	AXL	protein	level	uncertain	Panel biomarker term associated with poor survival, but no direction or specific measured aspect is stated.
PMC_biomarker_sets		PubMed:35912229	Poor survival indication panel PVR	differential	PVR	protein	level	uncertain	Panel biomarker term associated with poor survival, but no direction or specific measured aspect is stated.
PMC_biomarker_sets		PubMed:35912229	Poor survival indication panel MAP7D3	differential	MAP7D3	protein	level	uncertain	Panel biomarker term associated with poor survival, but no direction or specific measured aspect is stated.
PMC_biomarker_sets		PubMed:28187748	Molecular marker panel EGFR	differential	EGFR	protein	level	uncertain	Panel biomarker listing - no direction or aspect explicitly stated; defaulting to differential | level. Flag for review: may need protein/expression if context is known.
PMC_biomarker_sets		PubMed:28187748	Molecular marker panel ERBB2	differential	ERBB2	protein	level	uncertain	Panel biomarker listing - no direction or aspect explicitly stated; defaulting to differential | level. Flag for review: may need protein/expression if context is known.
PMC_biomarker_sets		PubMed:28187748	Molecular marker panel PTEN	differential	PTEN	protein	level	uncertain	Panel biomarker listing - no direction or aspect explicitly stated; defaulting to differential | level. Flag for review: may need protein/expression if context is known.
PMC_biomarker_sets		PubMed:28187748	Molecular marker panel AURKA	differential	AURKA	protein	level	uncertain	Panel biomarker listing - no direction or aspect explicitly stated; defaulting to differential | level. Flag for review: may need protein/expression if context is known.
PMC_biomarker_sets		PubMed:28187748	Molecular marker panel BRCA1	differential	BRCA1	protein	level	uncertain	Panel biomarker listing - no direction or aspect explicitly stated; defaulting to differential | level. Flag for review: may need protein/expression if context is known.
PMC_biomarker_sets		PubMed:28187748	Molecular marker panel BRCA2	differential	BRCA2	protein	level	uncertain	Panel biomarker listing - no direction or aspect explicitly stated; defaulting to differential | level. Flag for review: may need protein/expression if context is known.
PMC_biomarker_sets		PubMed:28187748	Molecular marker panel CD274	differential	CD274	protein	level	uncertain	Panel biomarker listing - no direction or aspect explicitly stated; defaulting to differential | level. Flag for review: may need protein/expression if context is known.
PMC_biomarker_sets		PubMed:32905259	Common biomarker panel LCN2	differential	LCN2	protein	level	uncertain	Panel biomarker listing - no direction or aspect explicitly stated; defaulting to differential | level. Flag for review: may need protein/expression if context is known.
PMC_biomarker_sets		PubMed:32905259	Common biomarker panel HAVCR1	differential	HAVCR1	protein	level	uncertain	Panel biomarker listing - no direction or aspect explicitly stated; defaulting to differential | level. Flag for review: may need protein/expression if context is known.
PMC_biomarker_sets		PubMed:32905259	Common biomarker panel IL18	differential	IL18	protein	level	uncertain	Panel biomarker listing - no direction or aspect explicitly stated; defaulting to differential | level. Flag for review: may need protein/expression if context is known.
PMC_biomarker_sets		PubMed:32905259	Common biomarker panel FABP1	differential	FABP1	protein	level	uncertain	Panel biomarker listing - no direction or aspect explicitly stated; defaulting to differential | level. Flag for review: may need protein/expression if context is known.
PMC_biomarker_sets		PubMed:32905259	Common biomarker panel MIOX	differential	MIOX	protein	level	uncertain	Panel biomarker listing - no direction or aspect explicitly stated; defaulting to differential | level. Flag for review: may need protein/expression if context is known.
PMC_biomarker_sets		PubMed:32905259	Common biomarker panel CST3	differential	CST3	protein	level	uncertain	Panel biomarker listing - no direction or aspect explicitly stated; defaulting to differential | level. Flag for review: may need protein/expression if context is known.
PMC_biomarker_sets		PubMed:32905259	Common biomarker panel NAGA	differential	NAGA	protein	level	uncertain	Panel biomarker listing - no direction or aspect explicitly stated; defaulting to differential | level. Flag for review: may need protein/expression if context is known.
PMC_biomarker_sets		PubMed:36713370	Biomarker panel PCSK1	differential	PCSK1	protein	level	uncertain	Panel biomarker listing - no direction or aspect explicitly stated; defaulting to differential | level. Flag for review: may need protein/expression if context is known.
PMC_biomarker_sets		PubMed:36713370	Biomarker panel SCG2	differential	SCG2	protein	level	uncertain	Panel biomarker listing - no direction or aspect explicitly stated; defaulting to differential | level. Flag for review: may need protein/expression if context is known.
PMC_biomarker_sets		PubMed:36713370	Biomarker panel SNAP91	differential	SNAP91	protein	level	uncertain	Panel biomarker listing - no direction or aspect explicitly stated; defaulting to differential | level. Flag for review: may need protein/expression if context is known.
PMC_biomarker_sets		PubMed:36713370	Biomarker panel KIF5C	differential	KIF5C	protein	level	uncertain	Panel biomarker listing - no direction or aspect explicitly stated; defaulting to differential | level. Flag for review: may need protein/expression if context is known.
PMC_biomarker_sets		PubMed:36713370	Biomarker panel CHGB	differential	CHGB	protein	level	uncertain	Panel biomarker listing - no direction or aspect explicitly stated; defaulting to differential | level. Flag for review: may need protein/expression if context is known.
PMC_biomarker_sets		PubMed:36713370	Biomarker panel RAB3A	differential	RAB3A	protein	level	uncertain	Panel biomarker listing - no direction or aspect explicitly stated; defaulting to differential | level. Flag for review: may need protein/expression if context is known.
PMC_biomarker_sets		PubMed:36713370	Biomarker panel NEFL	differential	NEFL	protein	level	uncertain	Panel biomarker listing - no direction or aspect explicitly stated; defaulting to differential | level. Flag for review: may need protein/expression if context is known.
PMC_biomarker_sets		PubMed:36713370	Biomarker panel CHGA	differential	CHGA	protein	level	uncertain	Panel biomarker listing - no direction or aspect explicitly stated; defaulting to differential | level. Flag for review: may need protein/expression if context is known.
PMC_biomarker_sets		PubMed:36713370	Biomarker panel CALCA	differential	CALCA	protein	level	uncertain	Panel biomarker listing - no direction or aspect explicitly stated; defaulting to differential | level. Flag for review: may need protein/expression if context is known.
PMC_biomarker_sets		PubMed:36713370	Biomarker panel PTPRN	differential	PTPRN	protein	level	uncertain	Panel biomarker listing - no direction or aspect explicitly stated; defaulting to differential | level. Flag for review: may need protein/expression if context is known.
PMC_biomarker_sets		PubMed:36713370	Biomarker panel APLP1	differential	APLP1	protein	level	uncertain	Panel biomarker listing - no direction or aspect explicitly stated; defaulting to differential | level. Flag for review: may need protein/expression if context is known.
PMC_biomarker_sets		PubMed:36713370	Biomarker panel UCHL1	differential	UCHL1	protein	level	uncertain	Panel biomarker listing - no direction or aspect explicitly stated; defaulting to differential | level. Flag for review: may need protein/expression if context is known.
PMC_biomarker_sets		PubMed:36713370	Biomarker panel CDK5R2	differential	CDK5R2	protein	level	uncertain	Panel biomarker listing - no direction or aspect explicitly stated; defaulting to differential | level. Flag for review: may need protein/expression if context is known.
PMC_biomarker_sets		PubMed:36713370	Biomarker panel SV2A	differential	SV2A	protein	level	uncertain	Panel biomarker listing - no direction or aspect explicitly stated; defaulting to differential | level. Flag for review: may need protein/expression if context is known.
PMC_biomarker_sets		PubMed:36713370	Biomarker panel NEFM	differential	NEFM	protein	level	uncertain	Panel biomarker listing - no direction or aspect explicitly stated; defaulting to differential | level. Flag for review: may need protein/expression if context is known.
PMC_biomarker_sets		PubMed:36713370	Biomarker panel BATF3	differential	BATF3	protein	level	uncertain	Panel biomarker listing - no direction or aspect explicitly stated; defaulting to differential | level. Flag for review: may need protein/expression if context is known.
PMC_biomarker_sets		PubMed:36713370	Biomarker panel GMEB1	differential	GMEB1	protein	level	uncertain	Panel biomarker listing - no direction or aspect explicitly stated; defaulting to differential | level. Flag for review: may need protein/expression if context is known.
PMC_biomarker_sets		PubMed:36713370	Biomarker panel NFIA	differential	NFIA	protein	level	uncertain	Panel biomarker listing - no direction or aspect explicitly stated; defaulting to differential | level. Flag for review: may need protein/expression if context is known.
PMC_biomarker_sets		PubMed:36713370	Biomarker panel REST	differential	REST	protein	level	uncertain	Panel biomarker listing - no direction or aspect explicitly stated; defaulting to differential | level. Flag for review: may need protein/expression if context is known.
PMC_biomarker_sets		PubMed:36713370	Biomarker panel ZNF281	differential	ZNF281	protein	level	uncertain	Panel biomarker listing - no direction or aspect explicitly stated; defaulting to differential | level. Flag for review: may need protein/expression if context is known.
PMC_biomarker_sets		PubMed:35236289	Signficant association to ROBO1 panel CXCR3	differential	CXCR3	protein	level	uncertain	Panel biomarker listing - no direction or aspect explicitly stated; defaulting to differential | level. Flag for review: may need protein/expression if context is known.
PMC_biomarker_sets		PubMed:35236289	Signficant association to ROBO1 panel CCR4	differential	CCR4	protein	level	uncertain	Panel biomarker listing - no direction or aspect explicitly stated; defaulting to differential | level. Flag for review: may need protein/expression if context is known.
PMC_biomarker_sets		PubMed:35236289	Signficant association to ROBO1 panel CCR6	differential	CCR6	protein	level	uncertain	Panel biomarker listing - no direction or aspect explicitly stated; defaulting to differential | level. Flag for review: may need protein/expression if context is known.
PMC_biomarker_sets		PubMed:35236289	Signficant association to ROBO1 panel CCR10	differential	CCR10	protein	level	uncertain	Panel biomarker listing - no direction or aspect explicitly stated; defaulting to differential | level. Flag for review: may need protein/expression if context is known.
PMC_biomarker_sets		PubMed:35236289	Signficant association to ROBO1 panel SELL	differential	SELL	protein	level	uncertain	Panel biomarker listing - no direction or aspect explicitly stated; defaulting to differential | level. Flag for review: may need protein/expression if context is known.
PMC_biomarker_sets		PubMed:35236289	Signficant association to ROBO1 panel CCR5	differential	CCR5	protein	level	uncertain	Panel biomarker listing - no direction or aspect explicitly stated; defaulting to differential | level. Flag for review: may need protein/expression if context is known.
PMC_biomarker_sets		PubMed:35236289	Signficant association to ROBO1 panel CD58	differential	CD58	protein	level	uncertain	Panel biomarker listing - no direction or aspect explicitly stated; defaulting to differential | level. Flag for review: may need protein/expression if context is known.
PMC_biomarker_sets		PubMed:35236289	Signficant association to ROBO1 panel TCF7	differential	TCF7	protein	level	uncertain	Panel biomarker listing - no direction or aspect explicitly stated; defaulting to differential | level. Flag for review: may need protein/expression if context is known.
PMC_biomarker_sets		PubMed:35236289	Signficant association to ROBO1 panel PTGDR2	differential	PTGDR2	protein	level	uncertain	Panel biomarker listing - no direction or aspect explicitly stated; defaulting to differential | level. Flag for review: may need protein/expression if context is known.
PMC_biomarker_sets		PubMed:35236289	Signficant association to ROBO1 panel IL5	differential	IL5	protein	level	uncertain	Panel biomarker listing - no direction or aspect explicitly stated; defaulting to differential | level. Flag for review: may need protein/expression if context is known.
PMC_biomarker_sets		PubMed:35236289	Signficant association to ROBO1 panel IL10	differential	IL10	protein	level	uncertain	Panel biomarker listing - no direction or aspect explicitly stated; defaulting to differential | level. Flag for review: may need protein/expression if context is known.
PMC_biomarker_sets		PubMed:35236289	Signficant association to ROBO1 panel PPARG	differential	PPARG	protein	level	uncertain	Panel biomarker listing - no direction or aspect explicitly stated; defaulting to differential | level. Flag for review: may need protein/expression if context is known.
PMC_biomarker_sets		PubMed:35236289	Signficant association to ROBO1 panel IRF5	differential	IRF5	protein	level	uncertain	Panel biomarker listing - no direction or aspect explicitly stated; defaulting to differential | level. Flag for review: may need protein/expression if context is known.
PMC_biomarker_sets		PubMed:35236289	Signficant association to ROBO1 panel CD68	differential	CD68	protein	level	uncertain	Panel biomarker listing - no direction or aspect explicitly stated; defaulting to differential | level. Flag for review: may need protein/expression if context is known.
PMC_biomarker_sets		PubMed:36408130	High risk biomarker panel MXRA7	differential	MXRA7	protein	level	uncertain	Panel biomarker listing - no direction or aspect explicitly stated; defaulting to differential | level. Flag for review: may need protein/expression if context is known.
PMC_biomarker_sets		PubMed:36408130	High risk biomarker panel LAMA2	differential	LAMA2	protein	level	uncertain	Panel biomarker listing - no direction or aspect explicitly stated; defaulting to differential | level. Flag for review: may need protein/expression if context is known.
PMC_biomarker_sets		PubMed:36408130	High risk biomarker panel AHNAK	differential	AHNAK	protein	level	uncertain	Panel biomarker listing - no direction or aspect explicitly stated; defaulting to differential | level. Flag for review: may need protein/expression if context is known.
PMC_biomarker_sets		PubMed:36408130	High risk biomarker panel EMP1	differential	EMP1	protein	level	uncertain	Panel biomarker listing - no direction or aspect explicitly stated; defaulting to differential | level. Flag for review: may need protein/expression if context is known.
PMC_biomarker_sets		PubMed:36408130	High risk biomarker panel MAP1A	differential	MAP1A	protein	level	uncertain	Panel biomarker listing - no direction or aspect explicitly stated; defaulting to differential | level. Flag for review: may need protein/expression if context is known.
PMC_biomarker_sets		PubMed:36408130	High risk biomarker panel PRKG1	differential	PRKG1	protein	level	uncertain	Panel biomarker listing - no direction or aspect explicitly stated; defaulting to differential | level. Flag for review: may need protein/expression if context is known.
PMC_biomarker_sets		PubMed:36408130	High risk biomarker panel SVIL	differential	SVIL	protein	level	uncertain	Panel biomarker listing - no direction or aspect explicitly stated; defaulting to differential | level. Flag for review: may need protein/expression if context is known.
PMC_biomarker_sets		PubMed:36408130	High risk biomarker panel PID1	differential	PID1	protein	level	uncertain	Panel biomarker listing - no direction or aspect explicitly stated; defaulting to differential | level. Flag for review: may need protein/expression if context is known.
PMC_biomarker_sets		PubMed:36408130	High risk biomarker panel NCAM1	differential	NCAM1	protein	level	uncertain	Panel biomarker listing - no direction or aspect explicitly stated; defaulting to differential | level. Flag for review: may need protein/expression if context is known.
PMC_biomarker_sets		PubMed:36408130	High risk biomarker panel JAM3	differential	JAM3	protein	level	uncertain	Panel biomarker listing - no direction or aspect explicitly stated; defaulting to differential | level. Flag for review: may need protein/expression if context is known.
PMC_biomarker_sets		PubMed:36408130	High risk biomarker panel EFEMP1	differential	EFEMP1	protein	level	uncertain	Panel biomarker listing - no direction or aspect explicitly stated; defaulting to differential | level. Flag for review: may need protein/expression if context is known.
PMC_biomarker_sets		PubMed:31193994	Pro-inflammatory biomarkers CCL2	differential	CCL2	protein	level	uncertain	Panel biomarker listing - no direction or aspect explicitly stated; defaulting to differential | level. Flag for review: may need protein/expression if context is known.
PMC_biomarker_sets		PubMed:31193994	Pro-inflammatory biomarkers CCL15	differential	CCL15	protein	level	uncertain	Panel biomarker listing - no direction or aspect explicitly stated; defaulting to differential | level. Flag for review: may need protein/expression if context is known.
PMC_biomarker_sets		PubMed:31193994	Pro-inflammatory biomarkers CCL16	differential	CCL16	protein	level	uncertain	Panel biomarker listing - no direction or aspect explicitly stated; defaulting to differential | level. Flag for review: may need protein/expression if context is known.
PMC_biomarker_sets		PubMed:31193994	Pro-inflammatory biomarkers CHI3L1	differential	CHI3L1	protein	level	uncertain	Panel biomarker listing - no direction or aspect explicitly stated; defaulting to differential | level. Flag for review: may need protein/expression if context is known.
PMC_biomarker_sets		PubMed:31193994	Pro-inflammatory biomarkers CXCL16	differential	CXCL16	protein	level	uncertain	Panel biomarker listing - no direction or aspect explicitly stated; defaulting to differential | level. Flag for review: may need protein/expression if context is known.
PMC_biomarker_sets		PubMed:31193994	Pro-inflammatory biomarkers LGALS4	differential	LGALS4	protein	level	uncertain	Panel biomarker listing - no direction or aspect explicitly stated; defaulting to differential | level. Flag for review: may need protein/expression if context is known.
PMC_biomarker_sets		PubMed:31193994	Pro-inflammatory biomarkers GDF15	differential	GDF15	protein	level	uncertain	Panel biomarker listing - no direction or aspect explicitly stated; defaulting to differential | level. Flag for review: may need protein/expression if context is known.
PMC_biomarker_sets		PubMed:31193994	Pro-inflammatory biomarkers MMP3	differential	MMP3	protein	level	uncertain	Panel biomarker listing - no direction or aspect explicitly stated; defaulting to differential | level. Flag for review: may need protein/expression if context is known.
PMC_biomarker_sets		PubMed:31193994	Pro-inflammatory biomarkers MMP9	differential	MMP9	protein	level	uncertain	Panel biomarker listing - no direction or aspect explicitly stated; defaulting to differential | level. Flag for review: may need protein/expression if context is known.
PMC_biomarker_sets		PubMed:31193994	Pro-inflammatory biomarkers NPPB	differential	NPPB	protein	level	uncertain	Panel biomarker listing - no direction or aspect explicitly stated; defaulting to differential | level. Flag for review: may need protein/expression if context is known.
PMC_biomarker_sets		PubMed:31193994	Pro-inflammatory biomarkers PGLYRP1	differential	PGLYRP1	protein	level	uncertain	Panel biomarker listing - no direction or aspect explicitly stated; defaulting to differential | level. Flag for review: may need protein/expression if context is known.
PMC_biomarker_sets		PubMed:31193994	Pro-inflammatory biomarkers PON3	differential	PON3	protein	level	uncertain	Panel biomarker listing - no direction or aspect explicitly stated; defaulting to differential | level. Flag for review: may need protein/expression if context is known.
PMC_biomarker_sets		PubMed:31193994	Pro-inflammatory biomarkers SCGB3A2	differential	SCGB3A2	protein	level	uncertain	Panel biomarker listing - no direction or aspect explicitly stated; defaulting to differential | level. Flag for review: may need protein/expression if context is known.
PMC_biomarker_sets		PubMed:31193994	Pro-inflammatory biomarkers PLAUR	differential	PLAUR	protein	level	uncertain	Panel biomarker listing - no direction or aspect explicitly stated; defaulting to differential | level. Flag for review: may need protein/expression if context is known.
PMC_biomarker_sets		PubMed:31193994	Pro-inflammatory biomarkers TNF	differential	TNF	protein	level	uncertain	Panel biomarker listing - no direction or aspect explicitly stated; defaulting to differential | level. Flag for review: may need protein/expression if context is known.
PMC_biomarker_sets		PubMed:31193994	Pro-inflammatory biomarkers TNFRSF1A	differential	TNFRSF1A	protein	level	uncertain	Panel biomarker listing - no direction or aspect explicitly stated; defaulting to differential | level. Flag for review: may need protein/expression if context is known.
PMC_biomarker_sets		PubMed:31193994	Pro-inflammatory biomarkers PLAT	differential	PLAT	protein	level	uncertain	Panel biomarker listing - no direction or aspect explicitly stated; defaulting to differential | level. Flag for review: may need protein/expression if context is known.
PMC_biomarker_sets		PubMed:31193994	Pro-inflammatory biomarkers TRAIL	differential	TRAIL	protein	level	uncertain	Panel biomarker listing - no direction or aspect explicitly stated; defaulting to differential | level. Flag for review: may need protein/expression if context is known.
PMC_biomarker_sets		PubMed:19386108	COPD biomarker panel SCGB1A1	differential	SCGB1A1	protein	level	uncertain	Panel biomarker listing - no direction or aspect explicitly stated; defaulting to differential | level. Flag for review: may need protein/expression if context is known.
PMC_biomarker_sets		PubMed:19386108	COPD biomarker panel CRP	differential	CRP	protein	level	uncertain	Panel biomarker listing - no direction or aspect explicitly stated; defaulting to differential | level. Flag for review: may need protein/expression if context is known.
PMC_biomarker_sets		PubMed:19386108	COPD biomarker panel EDN1	differential	EDN1	protein	level	uncertain	Panel biomarker listing - no direction or aspect explicitly stated; defaulting to differential | level. Flag for review: may need protein/expression if context is known.
PMC_biomarker_sets		PubMed:19386108	COPD biomarker panel IFNG	differential	IFNG	protein	level	uncertain	Panel biomarker listing - no direction or aspect explicitly stated; defaulting to differential | level. Flag for review: may need protein/expression if context is known.
PMC_biomarker_sets		PubMed:19386108	COPD biomarker panel IGHG1	differential	IGHG1	protein	level	uncertain	Panel biomarker listing - no direction or aspect explicitly stated; defaulting to differential | level. Flag for review: may need protein/expression if context is known.
PMC_biomarker_sets		PubMed:19386108	COPD biomarker panel IL1A	differential	IL1A	protein	level	uncertain	Panel biomarker listing - no direction or aspect explicitly stated; defaulting to differential | level. Flag for review: may need protein/expression if context is known.
PMC_biomarker_sets		PubMed:19386108	COPD biomarker panel IL1B	differential	IL1B	protein	level	uncertain	Panel biomarker listing - no direction or aspect explicitly stated; defaulting to differential | level. Flag for review: may need protein/expression if context is known.
PMC_biomarker_sets		PubMed:19386108	COPD biomarker panel IL4	differential	IL4	protein	level	uncertain	Panel biomarker listing - no direction or aspect explicitly stated; defaulting to differential | level. Flag for review: may need protein/expression if context is known.
PMC_biomarker_sets		PubMed:19386108	COPD biomarker panel IL6	differential	IL6	protein	level	uncertain	Panel biomarker listing - no direction or aspect explicitly stated; defaulting to differential | level. Flag for review: may need protein/expression if context is known.
PMC_biomarker_sets		PubMed:19386108	COPD biomarker panel CXCL8	differential	CXCL8	protein	level	uncertain	Panel biomarker listing - no direction or aspect explicitly stated; defaulting to differential | level. Flag for review: may need protein/expression if context is known.
PMC_biomarker_sets		PubMed:19386108	COPD biomarker panel IL10	differential	IL10	protein	level	uncertain	Panel biomarker listing - no direction or aspect explicitly stated; defaulting to differential | level. Flag for review: may need protein/expression if context is known.
PMC_biomarker_sets		PubMed:19386108	COPD biomarker panel IL12A	differential	IL12A	protein	level	uncertain	Panel biomarker listing - no direction or aspect explicitly stated; defaulting to differential | level. Flag for review: may need protein/expression if context is known.
PMC_biomarker_sets		PubMed:19386108	COPD biomarker panel IL12B	differential	IL12B	protein	level	uncertain	Panel biomarker listing - no direction or aspect explicitly stated; defaulting to differential | level. Flag for review: may need protein/expression if context is known.
PMC_biomarker_sets		PubMed:19386108	COPD biomarker panel IL13	differential	IL13	protein	level	uncertain	Panel biomarker listing - no direction or aspect explicitly stated; defaulting to differential | level. Flag for review: may need protein/expression if context is known.
PMC_biomarker_sets		PubMed:19386108	COPD biomarker panel IL18	differential	IL18	protein	level	uncertain	Panel biomarker listing - no direction or aspect explicitly stated; defaulting to differential | level. Flag for review: may need protein/expression if context is known.
PMC_biomarker_sets		PubMed:19386108	COPD biomarker panel CXCL10	differential	CXCL10	protein	level	uncertain	Panel biomarker listing - no direction or aspect explicitly stated; defaulting to differential | level. Flag for review: may need protein/expression if context is known.
PMC_biomarker_sets		PubMed:19386108	COPD biomarker panel MMP2	differential	MMP2	protein	level	uncertain	Panel biomarker listing - no direction or aspect explicitly stated; defaulting to differential | level. Flag for review: may need protein/expression if context is known.
PMC_biomarker_sets		PubMed:19386108	COPD biomarker panel MMP12	differential	MMP12	protein	level	uncertain	Panel biomarker listing - no direction or aspect explicitly stated; defaulting to differential | level. Flag for review: may need protein/expression if context is known.
PMC_biomarker_sets		PubMed:19386108	COPD biomarker panel MPO	differential	MPO	protein	level	uncertain	Panel biomarker listing - no direction or aspect explicitly stated; defaulting to differential | level. Flag for review: may need protein/expression if context is known.
PMC_biomarker_sets		PubMed:19386108	COPD biomarker panel ELANE	differential	ELANE	protein	level	uncertain	Panel biomarker listing - no direction or aspect explicitly stated; defaulting to differential | level. Flag for review: may need protein/expression if context is known.
PMC_biomarker_sets		PubMed:19386108	COPD biomarker panel TIMP1	differential	TIMP1	protein	level	uncertain	Panel biomarker listing - no direction or aspect explicitly stated; defaulting to differential | level. Flag for review: may need protein/expression if context is known.
PMC_biomarker_sets		PubMed:19386108	COPD biomarker panel TNF	differential	TNF	protein	level	uncertain	Panel biomarker listing - no direction or aspect explicitly stated; defaulting to differential | level. Flag for review: may need protein/expression if context is known.
PMC_biomarker_sets		PubMed:33547950	Co-occurence biomarker with pTERT IDH1	differential	IDH1	protein	level	uncertain	Panel biomarker listing - no direction or aspect explicitly stated; defaulting to differential | level. Flag for review: may need protein/expression if context is known.
PMC_biomarker_sets		PubMed:33547950	Co-occurence biomarker with pTERT IDH2	differential	IDH2	protein	level	uncertain	Panel biomarker listing - no direction or aspect explicitly stated; defaulting to differential | level. Flag for review: may need protein/expression if context is known.
PMC_biomarker_sets		PubMed:33547950	Co-occurence biomarker with pTERT EGFR	differential	EGFR	protein	level	uncertain	Panel biomarker listing - no direction or aspect explicitly stated; defaulting to differential | level. Flag for review: may need protein/expression if context is known.
PMC_biomarker_sets		PubMed:33547950	Co-occurence biomarker with pTERT PTEN	differential	PTEN	protein	level	uncertain	Panel biomarker listing - no direction or aspect explicitly stated; defaulting to differential | level. Flag for review: may need protein/expression if context is known.
PMC_biomarker_sets		PubMed:33547950	Co-occurence biomarker with pTERT TP53	differential	TP53	protein	level	uncertain	Panel biomarker listing - no direction or aspect explicitly stated; defaulting to differential | level. Flag for review: may need protein/expression if context is known.
PMC_biomarker_sets		PubMed:33547950	Co-occurence biomarker with pTERT ATRX	differential	ATRX	protein	level	uncertain	Panel biomarker listing - no direction or aspect explicitly stated; defaulting to differential | level. Flag for review: may need protein/expression if context is known.
PMC_biomarker_sets		PubMed:33547950	Co-occurence biomarker with pTERT MGMT	differential	MGMT	protein	level	uncertain	Panel biomarker listing - no direction or aspect explicitly stated; defaulting to differential | level. Flag for review: may need protein/expression if context is known.
PMC_biomarker_sets		PubMed:33547950	Co-occurence biomarker with pTERT SEL1L	differential	SEL1L	protein	level	uncertain	Panel biomarker listing - no direction or aspect explicitly stated; defaulting to differential | level. Flag for review: may need protein/expression if context is known.
PMC_biomarker_sets		PubMed:36788507	Metabolic biomarker (gene)	differential		protein	level	cannot map	"Generic placeholder term ""Metabolic biomarker (gene)"" - entity missing, cannot map"
PMC_biomarker_sets		PubMed:23585841	Disease Activity Assessment Biomarkers IL6	differential	IL6	protein	level	uncertain	Panel biomarker listing - no direction or aspect explicitly stated; defaulting to differential | level. Flag for review: may need protein/expression if context is known.
PMC_biomarker_sets		PubMed:23585841	Disease Activity Assessment Biomarkers TNFRSF1A	differential	TNFRSF1A	protein	level	uncertain	Panel biomarker listing - no direction or aspect explicitly stated; defaulting to differential | level. Flag for review: may need protein/expression if context is known.
PMC_biomarker_sets		PubMed:23585841	Disease Activity Assessment Biomarkers VCAM1	differential	VCAM1	protein	level	uncertain	Panel biomarker listing - no direction or aspect explicitly stated; defaulting to differential | level. Flag for review: may need protein/expression if context is known.
PMC_biomarker_sets		PubMed:23585841	Disease Activity Assessment Biomarkers EGF	differential	EGF	protein	level	uncertain	Panel biomarker listing - no direction or aspect explicitly stated; defaulting to differential | level. Flag for review: may need protein/expression if context is known.
PMC_biomarker_sets		PubMed:23585841	Disease Activity Assessment Biomarkers VEGF	differential	VEGF	protein	level	uncertain	Panel biomarker listing - no direction or aspect explicitly stated; defaulting to differential | level. Flag for review: may need protein/expression if context is known.
PMC_biomarker_sets		PubMed:23585841	Disease Activity Assessment Biomarkers MMP1	differential	MMP1	protein	level	uncertain	Panel biomarker listing - no direction or aspect explicitly stated; defaulting to differential | level. Flag for review: may need protein/expression if context is known.
PMC_biomarker_sets		PubMed:23585841	Disease Activity Assessment Biomarkers MMP3	differential	MMP3	protein	level	uncertain	Panel biomarker listing - no direction or aspect explicitly stated; defaulting to differential | level. Flag for review: may need protein/expression if context is known.
PMC_biomarker_sets		PubMed:23585841	Disease Activity Assessment Biomarkers CHI3L1	differential	CHI3L1	protein	level	uncertain	Panel biomarker listing - no direction or aspect explicitly stated; defaulting to differential | level. Flag for review: may need protein/expression if context is known.
PMC_biomarker_sets		PubMed:23585841	Disease Activity Assessment Biomarkers LEP	differential	LEP	protein	level	uncertain	Panel biomarker listing - no direction or aspect explicitly stated; defaulting to differential | level. Flag for review: may need protein/expression if context is known.
PMC_biomarker_sets		PubMed:23585841	Disease Activity Assessment Biomarkers RETN	differential	RETN	protein	level	uncertain	Panel biomarker listing - no direction or aspect explicitly stated; defaulting to differential | level. Flag for review: may need protein/expression if context is known.
PMC_biomarker_sets		PubMed:23585841	Disease Activity Assessment Biomarkers SAA1	differential	SAA1	protein	level	uncertain	Panel biomarker listing - no direction or aspect explicitly stated; defaulting to differential | level. Flag for review: may need protein/expression if context is known.
PMC_biomarker_sets		PubMed:23585841	Disease Activity Assessment Biomarkers CRP	differential	CRP	protein	level	uncertain	Panel biomarker listing - no direction or aspect explicitly stated; defaulting to differential | level. Flag for review: may need protein/expression if context is known.
PMC_biomarker_sets		PubMed:29065892	Predictive Value Added Biomarkers [gene}					cannot map	This appears to be a template term. [gene} is not a specific biomarker entity, and no change direction or measured aspect is stated.
PMC_biomarker_sets		PubMed:29523019	Conensus biomarkers [gene}					cannot map	This appears to be a template term. [gene} is not a specific biomarker entity, and no change direction or measured aspect is stated.
PMC_biomarker_sets		PubMed:33015544	Serum Biomarkers CXCL11	differential	CXCL11	protein	level	uncertain	Panel biomarker listing - no direction or aspect explicitly stated; defaulting to differential | level. Flag for review: may need protein/expression if context is known.
PMC_biomarker_sets		PubMed:33015544	Serum Biomarkers IL17B	differential	IL17B	protein	level	uncertain	Panel biomarker listing - no direction or aspect explicitly stated; defaulting to differential | level. Flag for review: may need protein/expression if context is known.
PMC_biomarker_sets		PubMed:33015544	Serum Biomarkers IL17D	differential	IL17D	protein	level	uncertain	Panel biomarker listing - no direction or aspect explicitly stated; defaulting to differential | level. Flag for review: may need protein/expression if context is known.
PMC_biomarker_sets		PubMed:33015544	Serum Biomarkers IL22	differential	IL22	protein	level	uncertain	Panel biomarker listing - no direction or aspect explicitly stated; defaulting to differential | level. Flag for review: may need protein/expression if context is known.
PMC_biomarker_sets		PubMed:33015544	Serum Biomarkers CXCL10	differential	CXCL10	protein	level	uncertain	Panel biomarker listing - no direction or aspect explicitly stated; defaulting to differential | level. Flag for review: may need protein/expression if context is known.
PMC_biomarker_sets		PubMed:33015544	Serum Biomarkers MCP1	differential	MCP1	protein	level	uncertain	Panel biomarker listing - no direction or aspect explicitly stated; defaulting to differential | level. Flag for review: may need protein/expression if context is known.
PMC_biomarker_sets		PubMed:33015544	Serum Biomarkers ANGPT2	differential	ANGPT2	protein	level	uncertain	Panel biomarker listing - no direction or aspect explicitly stated; defaulting to differential | level. Flag for review: may need protein/expression if context is known.
PMC_biomarker_sets		PubMed:33015544	Serum Biomarkers MIF	differential	MIF	protein	level	uncertain	Panel biomarker listing - no direction or aspect explicitly stated; defaulting to differential | level. Flag for review: may need protein/expression if context is known.
PMC_biomarker_sets		PubMed:32549358	Common NSCLC biomarkers with targets [gene}					cannot map	This appears to be a template term. [gene} is not a specific biomarker entity, and no change direction or measured aspect is stated.
PMC_biomarker_sets		PubMed:27447616	Expression changes in stem cell biomarker CD44	differential	CD44	protein	expression	mapped	Expression change phrasing without direction stated _ differential | expression
PMC_biomarker_sets		PubMed:27447616	Expression changes in stem cell biomarker PROM1	differential	PROM1	protein	expression	mapped	Expression change phrasing without direction stated _ differential | expression
PMC_biomarker_sets		PubMed:27447616	Expression changes in stem cell biomarker ALCAM	differential	ALCAM	protein	expression	mapped	Expression change phrasing without direction stated _ differential | expression
PMC_biomarker_sets		PubMed:27447616	Expression changes in stem cell biomarker TACSTD2	differential	TACSTD2	protein	expression	mapped	Expression change phrasing without direction stated _ differential | expression
PMC_biomarker_sets		PubMed:27447616	Expression changes in stem cell biomarker KIT	differential	KIT	protein	expression	mapped	Expression change phrasing without direction stated _ differential | expression
PMC_biomarker_sets		PubMed:27447616	Expression changes in stem cell biomarker ALDH1A1	differential	ALDH1A1	protein	expression	mapped	Expression change phrasing without direction stated _ differential | expression
PMC_biomarker_sets		PubMed:27447616	Expression changes in stem cell biomarker ABCG2	differential	ABCG2	protein	expression	mapped	Expression change phrasing without direction stated _ differential | expression
PMC_biomarker_sets		PubMed:27447616	Expression changes in stem cell biomarker SOX2	differential	SOX2	protein	expression	mapped	Expression change phrasing without direction stated _ differential | expression
PMC_biomarker_sets		PubMed:27447616	Expression changes in stem cell biomarker EZH2	differential	EZH2	protein	expression	mapped	Expression change phrasing without direction stated _ differential | expression
PMC_biomarker_sets		PubMed:27447616	Expression changes in stem cell biomarker ACP5	differential	ACP5	protein	expression	mapped	Expression change phrasing without direction stated _ differential | expression
PMC_biomarker_sets		PubMed:27447616	Expression changes in stem cell biomarker HGF	differential	HGF	protein	expression	mapped	Expression change phrasing without direction stated _ differential | expression
PMC_biomarker_sets		PubMed:27447616	Expression changes in stem cell biomarker TGM2	differential	TGM2	protein	expression	mapped	Expression change phrasing without direction stated _ differential | expression
PMC_biomarker_sets		PubMed:32911542	Expression changes in serum and urine biomarkers C4A	differential	C4A	protein	expression	mapped	Expression change phrasing without direction stated _ differential | expression
PMC_biomarker_sets		PubMed:32911542	Expression changes in serum and urine biomarkers CXCL10	differential	CXCL10	protein	expression	mapped	Expression change phrasing without direction stated _ differential | expression
PMC_biomarker_sets		PubMed:32911542	Expression changes in serum and urine biomarkers SIGLEC1	differential	SIGLEC1	protein	expression	mapped	Expression change phrasing without direction stated _ differential | expression
PMC_biomarker_sets		PubMed:32911542	Expression changes in serum and urine biomarkers IL18	differential	IL18	protein	expression	mapped	Expression change phrasing without direction stated _ differential | expression
PMC_biomarker_sets		PubMed:32911542	Expression changes in serum and urine biomarkers TNFSF13B	differential	TNFSF13B	protein	expression	mapped	Expression change phrasing without direction stated _ differential | expression
PMC_biomarker_sets		PubMed:32911542	Expression changes in serum and urine biomarkers TNFRSF17	differential	TNFRSF17	protein	expression	mapped	Expression change phrasing without direction stated _ differential | expression
PMC_biomarker_sets		PubMed:32911542	Expression changes in serum and urine biomarkers TNFSF12	differential	TNFSF12	protein	expression	mapped	Expression change phrasing without direction stated _ differential | expression
PMC_biomarker_sets		PubMed:32911542	Expression changes in serum and urine biomarkers CCL2	differential	CCL2	protein	expression	mapped	Expression change phrasing without direction stated _ differential | expression
PMC_biomarker_sets		PubMed:32911542	Expression changes in serum and urine biomarkers CXCL16	differential	CXCL16	protein	expression	mapped	Expression change phrasing without direction stated _ differential | expression
PMC_biomarker_sets		PubMed:32911542	Expression changes in serum and urine biomarkers PF4	differential	PF4	protein	expression	mapped	Expression change phrasing without direction stated _ differential | expression
PMC_biomarker_sets		PubMed:32911542	Expression changes in serum and urine biomarkers ALCAM	differential	ALCAM	protein	expression	mapped	Expression change phrasing without direction stated _ differential | expression
PMC_biomarker_sets		PubMed:32911542	Expression changes in serum and urine biomarkers LCN2	differential	LCN2	protein	expression	mapped	Expression change phrasing without direction stated _ differential | expression
PMC_biomarker_sets		PubMed:32825179	Tumor Suppressor Gene Biomarker Panel CDKN2A	differential	CDKN2A	protein	level	uncertain	Panel biomarker listing - no direction or aspect explicitly stated; defaulting to differential | level. Flag for review: may need protein/expression if context is known.
PMC_biomarker_sets		PubMed:32825179	Tumor Suppressor Gene Biomarker Panel CDKN2B	differential	CDKN2B	protein	level	uncertain	Panel biomarker listing - no direction or aspect explicitly stated; defaulting to differential | level. Flag for review: may need protein/expression if context is known.
PMC_biomarker_sets		PubMed:32825179	Tumor Suppressor Gene Biomarker Panel RASSF1	differential	RASSF1	protein	level	uncertain	Panel biomarker listing - no direction or aspect explicitly stated; defaulting to differential | level. Flag for review: may need protein/expression if context is known.
PMC_biomarker_sets		PubMed:32825179	Tumor Suppressor Gene Biomarker Panel DAPK1	differential	DAPK1	protein	level	uncertain	Panel biomarker listing - no direction or aspect explicitly stated; defaulting to differential | level. Flag for review: may need protein/expression if context is known.
PMC_biomarker_sets		PubMed:32825179	Tumor Suppressor Gene Biomarker Panel CDH1	differential	CDH1	protein	level	uncertain	Panel biomarker listing - no direction or aspect explicitly stated; defaulting to differential | level. Flag for review: may need protein/expression if context is known.
PMC_biomarker_sets		PubMed:32825179	Tumor Suppressor Gene Biomarker Panel SCGB3A1	differential	SCGB3A1	protein	level	uncertain	Panel biomarker listing - no direction or aspect explicitly stated; defaulting to differential | level. Flag for review: may need protein/expression if context is known.
PMC_biomarker_sets		PubMed:32825179	Tumor Suppressor Gene Biomarker Panel MGMT	differential	MGMT	protein	level	uncertain	Panel biomarker listing - no direction or aspect explicitly stated; defaulting to differential | level. Flag for review: may need protein/expression if context is known.
PMC_biomarker_sets		PubMed:32825179	Tumor Suppressor Gene Biomarker Panel MLH1	differential	MLH1	protein	level	uncertain	Panel biomarker listing - no direction or aspect explicitly stated; defaulting to differential | level. Flag for review: may need protein/expression if context is known.
PMC_biomarker_sets		PubMed:32825179	Tumor Suppressor Gene Biomarker Panel PRDM2	differential	PRDM2	protein	level	uncertain	Panel biomarker listing - no direction or aspect explicitly stated; defaulting to differential | level. Flag for review: may need protein/expression if context is known.
PMC_biomarker_sets		PubMed:32825179	Tumor Suppressor Gene Biomarker Panel DLEC1	differential	DLEC1	protein	level	uncertain	Panel biomarker listing - no direction or aspect explicitly stated; defaulting to differential | level. Flag for review: may need protein/expression if context is known.
PMC_biomarker_sets		PubMed:32825179	Tumor Suppressor Gene Biomarker Panel UCHL1	differential	UCHL1	protein	level	uncertain	Panel biomarker listing - no direction or aspect explicitly stated; defaulting to differential | level. Flag for review: may need protein/expression if context is known.
PMC_biomarker_sets		PubMed:32825179	Tumor Suppressor Gene Biomarker Panel WIF1	differential	WIF1	protein	level	uncertain	Panel biomarker listing - no direction or aspect explicitly stated; defaulting to differential | level. Flag for review: may need protein/expression if context is known.
PMC_biomarker_sets		PubMed:32825179	Tumor Suppressor Gene Biomarker Panel DLC1	differential	DLC1	protein	level	uncertain	Panel biomarker listing - no direction or aspect explicitly stated; defaulting to differential | level. Flag for review: may need protein/expression if context is known.
PMC_biomarker_sets		PubMed:32825179	Tumor Suppressor Gene Biomarker Panel SOX11	differential	SOX11	protein	level	uncertain	Panel biomarker listing - no direction or aspect explicitly stated; defaulting to differential | level. Flag for review: may need protein/expression if context is known.
PMC_biomarker_sets		PubMed:32825179	Tumor Suppressor Gene Biomarker Panel SFN	differential	SFN	protein	level	uncertain	Panel biomarker listing - no direction or aspect explicitly stated; defaulting to differential | level. Flag for review: may need protein/expression if context is known.
PMC_biomarker_sets		PubMed:33134918	Immune Markers for ALS TGFB1	differential	TGFB1	protein	level	uncertain	This term indicates that TGFB1 is an ALS-related immune biomarker, but does not specify whether it is elevated, reduced, expressed, mutated, or modified.
PMC_biomarker_sets		PubMed:33134918	Immune Markers for ALS TGFB3	differential	TGFB3	protein	level	uncertain	This term indicates that TGFB3 is an ALS-related immune biomarker, but does not specify whether it is elevated, reduced, expressed, mutated, or modified.
PMC_biomarker_sets		PubMed:33134918	Immune Markers for ALS IL2	differential	IL2	protein	level	uncertain	This term indicates that IL2 is an ALS-related immune biomarker, but does not specify whether it is elevated, reduced, expressed, mutated, or modified.
PMC_biomarker_sets		PubMed:33134918	Immune Markers for ALS IL4	differential	IL4	protein	level	uncertain	This term indicates that IL4 is an ALS-related immune biomarker, but does not specify whether it is elevated, reduced, expressed, mutated, or modified.
PMC_biomarker_sets		PubMed:33134918	Immune Markers for ALS IL5	differential	L5	protein	level	uncertain	This term indicates that IL5 is an ALS-related immune biomarker, but does not specify whether it is elevated, reduced, expressed, mutated, or modified.
PMC_biomarker_sets		PubMed:33134918	Immune Markers for ALS IL6	differential	IL6	protein	level	uncertain	This term indicates that IL6 is an ALS-related immune biomarker, but does not specify whether it is elevated, reduced, expressed, mutated, or modified.
PMC_biomarker_sets		PubMed:33134918	Immune Markers for ALS IL8	differential	IL8	protein	level	uncertain	This term indicates that IL8 is an ALS-related immune biomarker, but does not specify whether it is elevated, reduced, expressed, mutated, or modified.
PMC_biomarker_sets		PubMed:33134918	Immune Markers for ALS IL10	differential	IL10	protein	level	uncertain	This term indicates that IL10 is an ALS-related immune biomarker, but does not specify whether it is elevated, reduced, expressed, mutated, or modified.
PMC_biomarker_sets		PubMed:33134918	Immune Markers for ALS IL13	differential	IL13	protein	level	uncertain	This term indicates that IL13 is an ALS-related immune biomarker, but does not specify whether it is elevated, reduced, expressed, mutated, or modified.
PMC_biomarker_sets		PubMed:33134918	Immune Markers for ALS TNF	differential	TNF	protein	level	uncertain	This term indicates that TNF is an ALS-related immune biomarker, but does not specify whether it is elevated, reduced, expressed, mutated, or modified.
PMC_biomarker_sets		PubMed:33134918	Immune Markers for ALS FTH1	differential	FTH1	protein	level	uncertain	This term indicates that FTH1 is an ALS-related immune biomarker, but does not specify whether it is elevated, reduced, expressed, mutated, or modified.
PMC_biomarker_sets		PubMed:33134918	Immune Markers for ALS IFNG	differential	IFNG	protein	level	uncertain	This term indicates that IFNGis an ALS-related immune biomarker, but does not specify whether it is elevated, reduced, expressed, mutated, or modified.
PMC_biomarker_sets		PubMed:33134918	Immune Markers for ALS FGF2	differential	FGF2	protein	level	uncertain	This term indicates that FGF2 is an ALS-related immune biomarker, but does not specify whether it is elevated, reduced, expressed, mutated, or modified.
PMC_biomarker_sets		PubMed:33134918	Immune Markers for ALS VEGFA	differential	VEGFA	protein	level	uncertain	This term indicates that VEGFA is an ALS-related immune biomarker, but does not specify whether it is elevated, reduced, expressed, mutated, or modified.
PMC_biomarker_sets		PubMed:33134918	Immune Markers for ALS CCL3	differential	CCL3	protein	level	uncertain	This term indicates that CCL3 is an ALS-related immune biomarker, but does not specify whether it is elevated, reduced, expressed, mutated, or modified.
PMC_biomarker_sets		PubMed:33134918	Immune Markers for ALS CCL2	differential	CCL2	protein	level	uncertain	This term indicates that CCL2 is an ALS-related immune biomarker, but does not specify whether it is elevated, reduced, expressed, mutated, or modified.
PMC_biomarker_sets		PubMed:33134918	Immune Markers for ALS TNFSF10	differential	TNFSF10	protein	level	uncertain	This term indicates that TNFSF10 is an ALS-related immune biomarker, but does not specify whether it is elevated, reduced, expressed, mutated, or modified.
PMC_biomarker_sets		PubMed:33134918	Immune Markers for ALS CHIT1	differential	CHIT1	protein	level	uncertain	This term indicates that CHIT1 is an ALS-related immune biomarker, but does not specify whether it is elevated, reduced, expressed, mutated, or modified.
PMC_biomarker_sets		PubMed:33134918	Immune Markers for ALS CHI3L1	differential	CHI3L1	protein	level	uncertain	This term indicates that CHI3L1 is an ALS-related immune biomarker, but does not specify whether it is elevated, reduced, expressed, mutated, or modified.
PMC_biomarker_sets		PubMed:33134918	Immune Markers for ALS CHI3L2	differential	CHI3L2	protein	level	uncertain	This term indicates that CHI3L2 is an ALS-related immune biomarker, but does not specify whether it is elevated, reduced, expressed, mutated, or modified.
PMC_biomarker_sets		PubMed:25306249	Peripheral Blood Biomarker Panel AGER	differential	AGER	protein	level	uncertain	Panel biomarker listing - no direction or aspect explicitly stated; defaulting to differential | level. Flag for review: may need protein/expression if context is known.
PMC_biomarker_sets		PubMed:25306249	Peripheral Blood Biomarker Panel CCL20	differential	CCL20	protein	level	uncertain	Panel biomarker listing - no direction or aspect explicitly stated; defaulting to differential | level. Flag for review: may need protein/expression if context is known.
PMC_biomarker_sets		PubMed:25306249	Peripheral Blood Biomarker Panel ICAM1	differential	ICAM1	protein	level	uncertain	Panel biomarker listing - no direction or aspect explicitly stated; defaulting to differential | level. Flag for review: may need protein/expression if context is known.
PMC_biomarker_sets		PubMed:25306249	Peripheral Blood Biomarker Panel SERPINA7	differential	SERPINA7	protein	level	uncertain	Panel biomarker listing - no direction or aspect explicitly stated; defaulting to differential | level. Flag for review: may need protein/expression if context is known.
PMC_biomarker_sets		PubMed:25306249	Peripheral Blood Biomarker Panel CDH13	differential	CDH13	protein	level	uncertain	Panel biomarker listing - no direction or aspect explicitly stated; defaulting to differential | level. Flag for review: may need protein/expression if context is known.
PMC_biomarker_sets		PubMed:25306249	Peripheral Blood Biomarker Panel CDH1	differential	CDH1	protein	level	uncertain	Panel biomarker listing - no direction or aspect explicitly stated; defaulting to differential | level. Flag for review: may need protein/expression if context is known.
PMC_biomarker_sets		PubMed:25306249	Peripheral Blood Biomarker Panel TGFB1	differential	TGFB1	protein	level	uncertain	Panel biomarker listing - no direction or aspect explicitly stated; defaulting to differential | level. Flag for review: may need protein/expression if context is known.
PMC_biomarker_sets		PubMed:25306249	Peripheral Blood Biomarker Panel CCL13	differential	CCL13	protein	level	uncertain	Panel biomarker listing - no direction or aspect explicitly stated; defaulting to differential | level. Flag for review: may need protein/expression if context is known.
PMC_biomarker_sets		PubMed:25306249	Peripheral Blood Biomarker Panel TNFRSF11B	differential	TNFRSF11B	protein	level	uncertain	Panel biomarker listing - no direction or aspect explicitly stated; defaulting to differential | level. Flag for review: may need protein/expression if context is known.
PMC_biomarker_sets		PubMed:25306249	Peripheral Blood Biomarker Panel CCL8	differential	CCL8	protein	level	uncertain	Panel biomarker listing - no direction or aspect explicitly stated; defaulting to differential | level. Flag for review: may need protein/expression if context is known.
PMC_biomarker_sets		PubMed:25306249	Peripheral Blood Biomarker Panel IGHA1	differential	IGHA1	protein	level	uncertain	Panel biomarker listing - no direction or aspect explicitly stated; defaulting to differential | level. Flag for review: may need protein/expression if context is known.
PMC_biomarker_sets		PubMed:25306249	Peripheral Blood Biomarker Panel SORT1	differential	SORT1	protein	level	uncertain	Panel biomarker listing - no direction or aspect explicitly stated; defaulting to differential | level. Flag for review: may need protein/expression if context is known.
PMC_biomarker_sets		PubMed:25306249	Peripheral Blood Biomarker Panel IL2RA	differential	IL2RA	protein	level	uncertain	Panel biomarker listing - no direction or aspect explicitly stated; defaulting to differential | level. Flag for review: may need protein/expression if context is known.
PMC_biomarker_sets		PubMed:36092901	Immune Associated Biomarker CD19	differential	CD19	protein	level	uncertain	Panel biomarker listing - no direction or aspect explicitly stated; defaulting to differential | level. Flag for review: may need protein/expression if context is known.
PMC_biomarker_sets		PubMed:36092901	Immune Associated Biomarker CD79A	differential	CD79A	protein	level	uncertain	Panel biomarker listing - no direction or aspect explicitly stated; defaulting to differential | level. Flag for review: may need protein/expression if context is known.
PMC_biomarker_sets		PubMed:36092901	Immune Associated Biomarker CD8A	differential	CD8A	protein	level	uncertain	Panel biomarker listing - no direction or aspect explicitly stated; defaulting to differential | level. Flag for review: may need protein/expression if context is known.
PMC_biomarker_sets		PubMed:36092901	Immune Associated Biomarker CD8B	differential	CD8B	protein	level	uncertain	Panel biomarker listing - no direction or aspect explicitly stated; defaulting to differential | level. Flag for review: may need protein/expression if context is known.
PMC_biomarker_sets		PubMed:36092901	Immune Associated Biomarker CD4	differential	CD4	protein	level	uncertain	Panel biomarker listing - no direction or aspect explicitly stated; defaulting to differential | level. Flag for review: may need protein/expression if context is known.
PMC_biomarker_sets		PubMed:36092901	Immune Associated Biomarker NOS2	differential	NOS2	protein	level	uncertain	Panel biomarker listing - no direction or aspect explicitly stated; defaulting to differential | level. Flag for review: may need protein/expression if context is known.
PMC_biomarker_sets		PubMed:36092901	Immune Associated Biomarker IRF5	differential	IRF5	protein	level	uncertain	Panel biomarker listing - no direction or aspect explicitly stated; defaulting to differential | level. Flag for review: may need protein/expression if context is known.
PMC_biomarker_sets		PubMed:36092901	Immune Associated Biomarker PTGS2	differential	PTGS2	protein	level	uncertain	Panel biomarker listing - no direction or aspect explicitly stated; defaulting to differential | level. Flag for review: may need protein/expression if context is known.
PMC_biomarker_sets		PubMed:36092901	Immune Associated Biomarker CD163	differential	CD163	protein	level	uncertain	Panel biomarker listing - no direction or aspect explicitly stated; defaulting to differential | level. Flag for review: may need protein/expression if context is known.
PMC_biomarker_sets		PubMed:36092901	Immune Associated Biomarker VSIG4	differential	VSIG4	protein	level	uncertain	Panel biomarker listing - no direction or aspect explicitly stated; defaulting to differential | level. Flag for review: may need protein/expression if context is known.
PMC_biomarker_sets		PubMed:36092901	Immune Associated Biomarker MS4A4A	differential	MS4A4A	protein	level	uncertain	Panel biomarker listing - no direction or aspect explicitly stated; defaulting to differential | level. Flag for review: may need protein/expression if context is known.
PMC_biomarker_sets		PubMed:36092901	Immune Associated Biomarker ITGAM	differential	ITGAM	protein	level	uncertain	Panel biomarker listing - no direction or aspect explicitly stated; defaulting to differential | level. Flag for review: may need protein/expression if context is known.
PMC_biomarker_sets		PubMed:36092901	Immune Associated Biomarker CCR7	differential	CCR7	protein	level	uncertain	Panel biomarker listing - no direction or aspect explicitly stated; defaulting to differential | level. Flag for review: may need protein/expression if context is known.
PMC_biomarker_sets		PubMed:36092901	Immune Associated Biomarker CD1C	differential	CD1C	protein	level	uncertain	Panel biomarker listing - no direction or aspect explicitly stated; defaulting to differential | level. Flag for review: may need protein/expression if context is known.
PMC_biomarker_sets		PubMed:36092901	Immune Associated Biomarker NRP1	differential	NRP1	protein	level	uncertain	Panel biomarker listing - no direction or aspect explicitly stated; defaulting to differential | level. Flag for review: may need protein/expression if context is known.
PMC_biomarker_sets		PubMed:36092901	Immune Associated Biomarker ITGAX	differential	ITGAX	protein	level	uncertain	Panel biomarker listing - no direction or aspect explicitly stated; defaulting to differential | level. Flag for review: may need protein/expression if context is known.
PMC_biomarker_sets		PubMed:36092901	Immune Associated Biomarker CAMK2N1	differential	CAMK2N1	protein	level	uncertain	Panel biomarker listing - no direction or aspect explicitly stated; defaulting to differential | level. Flag for review: may need protein/expression if context is known.
PMC_biomarker_sets		PubMed:34944713	Immune Validated Panel MUC16	differential	MUC16	protein	level	uncertain	Panel biomarker listing - no direction or aspect explicitly stated; defaulting to differential | level. Flag for review: may need protein/expression if context is known.
PMC_biomarker_sets		PubMed:34944713	Immune Validated Panel KRT19	differential	KRT19	protein	level	uncertain	Panel biomarker listing - no direction or aspect explicitly stated; defaulting to differential | level. Flag for review: may need protein/expression if context is known.
PMC_biomarker_sets		PubMed:34944713	Immune Validated Panel FOLR1	differential	FOLR1	protein	level	uncertain	Panel biomarker listing - no direction or aspect explicitly stated; defaulting to differential | level. Flag for review: may need protein/expression if context is known.
PMC_biomarker_sets		PubMed:34944713	Immune Validated Panel CEACAM5	differential	CEACAM5	protein	level	uncertain	Panel biomarker listing - no direction or aspect explicitly stated; defaulting to differential | level. Flag for review: may need protein/expression if context is known.
PMC_biomarker_sets		PubMed:34944713	Immune Validated Panel HGF	differential	HGF	protein	level	uncertain	Panel biomarker listing - no direction or aspect explicitly stated; defaulting to differential | level. Flag for review: may need protein/expression if context is known.
PMC_biomarker_sets		PubMed:34944713	Immune Validated Panel TNFRSF11B	differential	TNFRSF11B	protein	level	uncertain	Panel biomarker listing - no direction or aspect explicitly stated; defaulting to differential | level. Flag for review: may need protein/expression if context is known.
PMC_biomarker_sets		PubMed:34944713	Immune Validated Panel TEK	differential	TEK	protein	level	uncertain	Panel biomarker listing - no direction or aspect explicitly stated; defaulting to differential | level. Flag for review: may need protein/expression if context is known.
PMC_biomarker_sets		PubMed:34944713	Immune Validated Panel FUT3	differential	FUT3	protein	level	uncertain	Panel biomarker listing - no direction or aspect explicitly stated; defaulting to differential | level. Flag for review: may need protein/expression if context is known.
PMC_biomarker_sets		PubMed:29896099	Blood Biomarker Panel FAXDC2	differential	FAXDC2	protein	level	uncertain	Panel biomarker listing - no direction or aspect explicitly stated; defaulting to differential | level. Flag for review: may need protein/expression if context is known.
PMC_biomarker_sets		PubMed:29896099	Blood Biomarker Panel COPZ1	differential	COPZ1	protein	level	uncertain	Panel biomarker listing - no direction or aspect explicitly stated; defaulting to differential | level. Flag for review: may need protein/expression if context is known.
PMC_biomarker_sets		PubMed:29896099	Blood Biomarker Panel EFTUD2	differential	EFTUD2	protein	level	uncertain	Panel biomarker listing - no direction or aspect explicitly stated; defaulting to differential | level. Flag for review: may need protein/expression if context is known.
PMC_biomarker_sets		PubMed:29896099	Blood Biomarker Panel SLC14A1	differential	SLC14A1	protein	level	uncertain	Panel biomarker listing - no direction or aspect explicitly stated; defaulting to differential | level. Flag for review: may need protein/expression if context is known.
PMC_biomarker_sets		PubMed:29896099	Blood Biomarker Panel HNF4A	differential	HNF4A	protein	level	uncertain	Panel biomarker listing - no direction or aspect explicitly stated; defaulting to differential | level. Flag for review: may need protein/expression if context is known.
PMC_biomarker_sets		PubMed:29896099	Blood Biomarker Panel PTBP1	differential	PTBP1	protein	level	uncertain	Panel biomarker listing - no direction or aspect explicitly stated; defaulting to differential | level. Flag for review: may need protein/expression if context is known.
PMC_biomarker_sets		PubMed:29896099	Blood Biomarker Panel PTPN1	differential	PTPN1	protein	level	uncertain	Panel biomarker listing - no direction or aspect explicitly stated; defaulting to differential | level. Flag for review: may need protein/expression if context is known.
PMC_biomarker_sets		PubMed:37041650	Serum Biomarker Panel C4B	differential	C4B	protein	level	uncertain	Panel biomarker listing - no direction or aspect explicitly stated; defaulting to differential | level. Flag for review: may need protein/expression if context is known.
PMC_biomarker_sets		PubMed:37041650	Serum Biomarker Panel HSD17B1	differential	HSD17B1	protein	level	uncertain	Panel biomarker listing - no direction or aspect explicitly stated; defaulting to differential | level. Flag for review: may need protein/expression if context is known.
PMC_biomarker_sets		PubMed:37041650	Serum Biomarker Panel PGAM1	differential	PGAM1	protein	level	uncertain	Panel biomarker listing - no direction or aspect explicitly stated; defaulting to differential | level. Flag for review: may need protein/expression if context is known.
PMC_biomarker_sets		PubMed:37041650	Serum Biomarker Panel TF	differential	TF	protein	level	uncertain	Panel biomarker listing - no direction or aspect explicitly stated; defaulting to differential | level. Flag for review: may need protein/expression if context is known.
PMC_biomarker_sets		PubMed:37041650	Serum Biomarker Panel PTPN6	differential	PTPN6	protein	level	uncertain	Panel biomarker listing - no direction or aspect explicitly stated; defaulting to differential | level. Flag for review: may need protein/expression if context is known.
PMC_biomarker_sets		PubMed:37041650	Serum Biomarker Panel PRKACA	differential	PRKACA	protein	level	uncertain	Panel biomarker listing - no direction or aspect explicitly stated; defaulting to differential | level. Flag for review: may need protein/expression if context is known.
PMC_biomarker_sets		PubMed:37041650	Serum Biomarker Panel LTF	differential	LTF	protein	level	uncertain	Panel biomarker listing - no direction or aspect explicitly stated; defaulting to differential | level. Flag for review: may need protein/expression if context is known.
PMC_biomarker_sets		PubMed:37041650	Serum Biomarker Panel CAPG	differential	CAPG	protein	level	uncertain	Panel biomarker listing - no direction or aspect explicitly stated; defaulting to differential | level. Flag for review: may need protein/expression if context is known.
PMC_biomarker_sets		PubMed:37041650	Serum Biomarker Panel AZU1	differential	AZU1	protein	level	uncertain	Panel biomarker listing - no direction or aspect explicitly stated; defaulting to differential | level. Flag for review: may need protein/expression if context is known.
PMC_biomarker_sets		PubMed:37041650	Serum Biomarker Panel FUT5	differential	FUT5	protein	level	uncertain	Panel biomarker listing - no direction or aspect explicitly stated; defaulting to differential | level. Flag for review: may need protein/expression if context is known.
PMC_biomarker_sets		PubMed:37041650	Serum Biomarker Panel PAPPA	differential	PAPPA	protein	level	uncertain	Panel biomarker listing - no direction or aspect explicitly stated; defaulting to differential | level. Flag for review: may need protein/expression if context is known.
PMC_biomarker_sets		PubMed:37041650	Serum Biomarker Panel FRAS1	differential	FRAS1	protein	level	uncertain	Panel biomarker listing - no direction or aspect explicitly stated; defaulting to differential | level. Flag for review: may need protein/expression if context is known.
PMC_biomarker_sets		PubMed:37041650	Serum Biomarker Panel MMP12	differential	MMP12	protein	level	uncertain	Panel biomarker listing - no direction or aspect explicitly stated; defaulting to differential | level. Flag for review: may need protein/expression if context is known.
PMC_biomarker_sets		PubMed:37041650	Serum Biomarker Panel GCG	differential	GCG	protein	level	uncertain	Panel biomarker listing - no direction or aspect explicitly stated; defaulting to differential | level. Flag for review: may need protein/expression if context is known.
PMC_biomarker_sets		PubMed:37041650	Serum Biomarker Panel C5	differential	C5	protein	level	uncertain	Panel biomarker listing - no direction or aspect explicitly stated; defaulting to differential | level. Flag for review: may need protein/expression if context is known.
PMC_biomarker_sets		PubMed:37041650	Serum Biomarker Panel TFF1	differential	TFF1	protein	level	uncertain	Panel biomarker listing - no direction or aspect explicitly stated; defaulting to differential | level. Flag for review: may need protein/expression if context is known.
PMC_biomarker_sets		PubMed:38028569	Molecular Profiling Panel NTRK3	differential	NTRK3	protein	level	uncertain	Panel biomarker listing - no direction or aspect explicitly stated; defaulting to differential | level. Flag for review: may need protein/expression if context is known.
PMC_biomarker_sets		PubMed:38028569	Molecular Profiling Panel BRAF	differential	BRAF	protein	level	uncertain	Panel biomarker listing - no direction or aspect explicitly stated; defaulting to differential | level. Flag for review: may need protein/expression if context is known.
PMC_biomarker_sets		PubMed:38028569	Molecular Profiling Panel NTRK1	differential	NTRK1	protein	level	uncertain	Panel biomarker listing - no direction or aspect explicitly stated; defaulting to differential | level. Flag for review: may need protein/expression if context is known.
PMC_biomarker_sets		PubMed:38028569	Molecular Profiling Panel NTRK2	differential	NTRK2	protein	level	uncertain	Panel biomarker listing - no direction or aspect explicitly stated; defaulting to differential | level. Flag for review: may need protein/expression if context is known.
PMC_biomarker_sets		PubMed:38028569	Molecular Profiling Panel KIT	differential	KIT	protein	level	uncertain	Panel biomarker listing - no direction or aspect explicitly stated; defaulting to differential | level. Flag for review: may need protein/expression if context is known.
PMC_biomarker_sets		PubMed:38028569	Molecular Profiling Panel MAP2K1	differential	MAP2K1	protein	level	uncertain	Panel biomarker listing - no direction or aspect explicitly stated; defaulting to differential | level. Flag for review: may need protein/expression if context is known.
PMC_biomarker_sets		PubMed:38028569	Molecular Profiling Panel MAP2K2	differential	MAP2K2	protein	level	uncertain	Panel biomarker listing - no direction or aspect explicitly stated; defaulting to differential | level. Flag for review: may need protein/expression if context is known.
PMC_biomarker_sets		PubMed:38028569	Molecular Profiling Panel NF1	differential	NF1	protein	level	uncertain	Panel biomarker listing - no direction or aspect explicitly stated; defaulting to differential | level. Flag for review: may need protein/expression if context is known.
PMC_biomarker_sets		PubMed:38028569	Molecular Profiling Panel NRAS	differential	NRAS	protein	level	uncertain	Panel biomarker listing - no direction or aspect explicitly stated; defaulting to differential | level. Flag for review: may need protein/expression if context is known.
PMC_biomarker_sets		PubMed:30925583	PBMC Biomarker Panel COL5A1	differential	COL5A1	protein	level	uncertain	Panel biomarker listing - no direction or aspect explicitly stated; defaulting to differential | level. Flag for review: may need protein/expression if context is known.
PMC_biomarker_sets		PubMed:30925583	PBMC Biomarker Panel MMP2	differential	MMP2	protein	level	uncertain	Panel biomarker listing - no direction or aspect explicitly stated; defaulting to differential | level. Flag for review: may need protein/expression if context is known.
PMC_biomarker_sets		PubMed:30925583	PBMC Biomarker Panel CDK4	differential	CDK4	protein	level	uncertain	Panel biomarker listing - no direction or aspect explicitly stated; defaulting to differential | level. Flag for review: may need protein/expression if context is known.
PMC_biomarker_sets		PubMed:33028995	Inflammatory Biomarker Panel CRP	differential	CRP	protein	level	uncertain	Panel biomarker listing - no direction or aspect explicitly stated; defaulting to differential | level. Flag for review: may need protein/expression if context is known.
PMC_biomarker_sets		PubMed:33028995	Inflammatory Biomarker Panel IL2	differential	IL2	protein	level	uncertain	Panel biomarker listing - no direction or aspect explicitly stated; defaulting to differential | level. Flag for review: may need protein/expression if context is known.
PMC_biomarker_sets		PubMed:33028995	Inflammatory Biomarker Panel IL4	differential	IL4	protein	level	uncertain	Panel biomarker listing - no direction or aspect explicitly stated; defaulting to differential | level. Flag for review: may need protein/expression if context is known.
PMC_biomarker_sets		PubMed:33028995	Inflammatory Biomarker Panel IL6	differential	IL6	protein	level	uncertain	Panel biomarker listing - no direction or aspect explicitly stated; defaulting to differential | level. Flag for review: may need protein/expression if context is known.
PMC_biomarker_sets		PubMed:33028995	Inflammatory Biomarker Panel IL8	differential	IL8	protein	level	uncertain	Panel biomarker listing - no direction or aspect explicitly stated; defaulting to differential | level. Flag for review: may need protein/expression if context is known.
PMC_biomarker_sets		PubMed:33028995	Inflammatory Biomarker Panel TNF	differential	TNF	protein	level	uncertain	Panel biomarker listing - no direction or aspect explicitly stated; defaulting to differential | level. Flag for review: may need protein/expression if context is known.
PMC_biomarker_sets		PubMed:33028995	Inflammatory Biomarker Panel CCL2	differential	CCL2	protein	level	uncertain	Panel biomarker listing - no direction or aspect explicitly stated; defaulting to differential | level. Flag for review: may need protein/expression if context is known.
PMC_biomarker_sets		PubMed:33028995	Inflammatory Biomarker Panel LEP	differential	LEP	protein	level	uncertain	Panel biomarker listing - no direction or aspect explicitly stated; defaulting to differential | level. Flag for review: may need protein/expression if context is known.
PMC_biomarker_sets		PubMed:33028995	Inflammatory Biomarker Panel IL10	differential	IL10	protein	level	uncertain	Panel biomarker listing - no direction or aspect explicitly stated; defaulting to differential | level. Flag for review: may need protein/expression if context is known.
PMC_biomarker_sets		PubMed:33028995	Inflammatory Biomarker Panel ADIPOQ	differential	ADIPOQ	protein	level	uncertain	Panel biomarker listing - no direction or aspect explicitly stated; defaulting to differential | level. Flag for review: may need protein/expression if context is known.
PMC_biomarker_sets		PubMed:34796691	Multimarker detection panel AFP	differential	AFP	protein	level	uncertain	Panel biomarker listing - no direction or aspect explicitly stated; defaulting to differential | level. Flag for review: may need protein/expression if context is known.
PMC_biomarker_sets		PubMed:34796691	Multimarker detection panel GPC3	differential	GPC3	protein	level	uncertain	Panel biomarker listing - no direction or aspect explicitly stated; defaulting to differential | level. Flag for review: may need protein/expression if context is known.
PMC_biomarker_sets		PubMed:34796691	Multimarker detection panel WFDC2	differential	WFDC2	protein	level	uncertain	Panel biomarker listing - no direction or aspect explicitly stated; defaulting to differential | level. Flag for review: may need protein/expression if context is known.
PMC_biomarker_sets		PubMed:34796691	Multimarker detection panel IGFBP3	differential	IGFBP3	protein	level	uncertain	Panel biomarker listing - no direction or aspect explicitly stated; defaulting to differential | level. Flag for review: may need protein/expression if context is known.
PMC_biomarker_sets		PubMed:34796691	Multimarker detection panel HGF	differential	HGF	protein	level	uncertain	Panel biomarker listing - no direction or aspect explicitly stated; defaulting to differential | level. Flag for review: may need protein/expression if context is known.
PMC_biomarker_sets		PubMed:34796691	Multimarker detection panel MMP2	differential	MMP2	protein	level	uncertain	Panel biomarker listing - no direction or aspect explicitly stated; defaulting to differential | level. Flag for review: may need protein/expression if context is known.
PMC_biomarker_sets		PubMed:34796691	Multimarker detection panel TIMP1	differential	TIMP1	protein	level	uncertain	Panel biomarker listing - no direction or aspect explicitly stated; defaulting to differential | level. Flag for review: may need protein/expression if context is known.
PMC_biomarker_sets		PubMed:34796691	Multimarker detection panel ANGPT2	differential	ANGPT2	protein	level	uncertain	Panel biomarker listing - no direction or aspect explicitly stated; defaulting to differential | level. Flag for review: may need protein/expression if context is known.
PMC_biomarker_sets		PubMed:34796691	Multimarker detection panel GGT1	differential	GGT1	protein	level	uncertain	Panel biomarker listing - no direction or aspect explicitly stated; defaulting to differential | level. Flag for review: may need protein/expression if context is known.
PMC_biomarker_sets		PubMed:34796691	Multimarker detection panel COMP	differential	COMP	protein	level	uncertain	Panel biomarker listing - no direction or aspect explicitly stated; defaulting to differential | level. Flag for review: may need protein/expression if context is known.
PMC_biomarker_sets		PubMed:34796691	Multimarker detection panel AXL	differential	AXL	protein	level	uncertain	Panel biomarker listing - no direction or aspect explicitly stated; defaulting to differential | level. Flag for review: may need protein/expression if context is known.
PMC_biomarker_sets		PubMed:34796691	Multimarker detection panel KRT19	differential	KRT19	protein	level	uncertain	Panel biomarker listing - no direction or aspect explicitly stated; defaulting to differential | level. Flag for review: may need protein/expression if context is known.
PMC_biomarker_sets		PubMed:34796691	Multimarker detection panel DKK1	differential	DKK1	protein	level	uncertain	Panel biomarker listing - no direction or aspect explicitly stated; defaulting to differential | level. Flag for review: may need protein/expression if context is known.
PMC_biomarker_sets		PubMed:34796691	Multimarker detection panel IGF1	differential	IGF1	protein	level	uncertain	Panel biomarker listing - no direction or aspect explicitly stated; defaulting to differential | level. Flag for review: may need protein/expression if context is known.
PMC_biomarker_sets		PubMed:34796691	Multimarker detection panel IL6	differential	IL6	protein	level	uncertain	Panel biomarker listing - no direction or aspect explicitly stated; defaulting to differential | level. Flag for review: may need protein/expression if context is known.
PMC_biomarker_sets		PubMed:23936524	Inflammatory and immune panel ADIPOQ	differential	ADIPOQ	protein	level	uncertain	This term indicates that ADIPOQ belongs to the immune-related panel, but does not specify whether it is elevated, reduced, expressed, mutated, or modified.
PMC_biomarker_sets		PubMed:23936524	Inflammatory and immune panel CRP	differential	CRP	protein	level	uncertain	This term indicates that CRP belongs to the immune-related panel, but does not specify whether it is elevated, reduced, expressed, mutated, or modified.
PMC_biomarker_sets		PubMed:23936524	Inflammatory and immune panel F3	differential	F3	protein	level	uncertain	This term indicates that F3 belongs to the immune-related panel, but does not specify whether it is elevated, reduced, expressed, mutated, or modified.
PMC_biomarker_sets		PubMed:23936524	Inflammatory and immune panel CSF3	differential	CSF3	protein	level	uncertain	This term indicates that CSF3 belongs to the immune-related panel, but does not specify whether it is elevated, reduced, expressed, mutated, or modified.
PMC_biomarker_sets		PubMed:23936524	Inflammatory and immune panel IL1RN	differential	IL1RN	protein	level	uncertain	This term indicates that IL1RN belongs to the immune-related panel, but does not specify whether it is elevated, reduced, expressed, mutated, or modified.
PMC_biomarker_sets		PubMed:23936524	Inflammatory and immune panel IL6	differential	IL6	protein	level	uncertain	This term indicates that IL6 belongs to the immune-related panel, but does not specify whether it is elevated, reduced, expressed, mutated, or modified.
PMC_biomarker_sets		PubMed:23936524	Inflammatory and immune panel IL8	differential	IL8	protein	level	uncertain	This term indicates that IL8 belongs to the immune-related panel, but does not specify whether it is elevated, reduced, expressed, mutated, or modified.
PMC_biomarker_sets		PubMed:23936524	Inflammatory and immune panel LEP	differential	LEP	protein	level	uncertain	This term indicates that LEP belongs to the immune-related panel, but does not specify whether it is elevated, reduced, expressed, mutated, or modified.
PMC_biomarker_sets		PubMed:23936524	Inflammatory and immune panel CCL2	differential	CCL2	protein	level	uncertain	This term indicates that CCL2 belongs to the immune-related panel, but does not specify whether it is elevated, reduced, expressed, mutated, or modified.
PMC_biomarker_sets		PubMed:23936524	Inflammatory and immune panel MMP3	differential	MMP3	protein	level	uncertain	This term indicates that MMP3 belongs to the immune-related panel, but does not specify whether it is elevated, reduced, expressed, mutated, or modified.
PMC_biomarker_sets		PubMed:23936524	Inflammatory and immune panel PON1	differential	PON1	protein	level	uncertain	This term indicates that PON1 belongs to the immune-related panel, but does not specify whether it is elevated, reduced, expressed, mutated, or modified.
PMC_biomarker_sets		PubMed:23936524	Inflammatory and immune panel CCL5	differential	CCL5	protein	level	uncertain	This term indicates that CCL5 belongs to the immune-related panel, but does not specify whether it is elevated, reduced, expressed, mutated, or modified.
PMC_biomarker_sets		PubMed:23936524	Inflammatory and immune panel TNF	differential	TNF	protein	level	uncertain	This term indicates that TNF belongs to the immune-related panel, but does not specify whether it is elevated, reduced, expressed, mutated, or modified.
PMC_biomarker_sets		PubMed:23936524	Inflammatory and immune panel TNFRSF1A	differential	TNFRSF1A	protein	level	uncertain	This term indicates that TNFRSF1A belongs to the immune-related panel, but does not specify whether it is elevated, reduced, expressed, mutated, or modified.
PMC_biomarker_sets		PubMed:23936524	Inflammatory and immune panel TNFRSF1B	differential	TNFRSF1B	protein	level	uncertain	This term indicates that TNFRSF1B belongs to the immune-related panel, but does not specify whether it is elevated, reduced, expressed, mutated, or modified.
PMC_biomarker_sets		PubMed:23936524	Inflammatory and immune panel TNFSF10	differential	TNFSF10	protein	level	uncertain	This term indicates that TNFRSF1B belongs to the immune-related panel, but does not specify whether it is elevated, reduced, expressed, mutated, or modified.
PMC_biomarker_sets		PubMed:23936524	Inflammatory and immune panel VEGFA	differential	VEGFA	protein	level	uncertain	This term indicates that VEGFA belongs to the immune-related panel, but does not specify whether it is elevated, reduced, expressed, mutated, or modified.
PMC_biomarker_sets		PubMed:38254682	AKI Biomarker Panel LCN2	differential	LCN2	protein	level	uncertain	Panel biomarker listing - no direction or aspect explicitly stated; defaulting to differential | level. Flag for review: may need protein/expression if context is known.
PMC_biomarker_sets		PubMed:38254682	AKI Biomarker Panel HAVCR1	differential	HAVCR1	protein	level	uncertain	Panel biomarker listing - no direction or aspect explicitly stated; defaulting to differential | level. Flag for review: may need protein/expression if context is known.
PMC_biomarker_sets		PubMed:38254682	AKI Biomarker Panel TIMP2	differential	TIMP2	protein	level	uncertain	Panel biomarker listing - no direction or aspect explicitly stated; defaulting to differential | level. Flag for review: may need protein/expression if context is known.
PMC_biomarker_sets		PubMed:38254682	AKI Biomarker Panel IGFBP7	differential	IGFBP7	protein	level	uncertain	Panel biomarker listing - no direction or aspect explicitly stated; defaulting to differential | level. Flag for review: may need protein/expression if context is known.
PMC_biomarker_sets		PubMed:38254682	AKI Biomarker Panel AMBP	differential	AMBP	protein	level	uncertain	Panel biomarker listing - no direction or aspect explicitly stated; defaulting to differential | level. Flag for review: may need protein/expression if context is known.
PMC_biomarker_sets		PubMed:38254682	AKI Biomarker Panel FABP1	differential	FABP1	protein	level	uncertain	Panel biomarker listing - no direction or aspect explicitly stated; defaulting to differential | level. Flag for review: may need protein/expression if context is known.
PMC_biomarker_sets		PubMed:38254682	AKI Biomarker Panel UMOD	differential	UMOD	protein	level	uncertain	Panel biomarker listing - no direction or aspect explicitly stated; defaulting to differential | level. Flag for review: may need protein/expression if context is known.
PMC_biomarker_sets		PubMed:38254682	AKI Biomarker Panel IL18	differential	IL18	protein	level	uncertain	Panel biomarker listing - no direction or aspect explicitly stated; defaulting to differential | level. Flag for review: may need protein/expression if context is known.
PMC_biomarker_sets		PubMed:38254682	AKI Biomarker Panel CCL2	differential	CCL2	protein	level	uncertain	Panel biomarker listing - no direction or aspect explicitly stated; defaulting to differential | level. Flag for review: may need protein/expression if context is known.
PMC_biomarker_sets		PubMed:37884650	Immune Cell Biomarker Panel CD19	differential	CD19	cell	level	uncertain	Panel biomarker listing - no direction or aspect explicitly stated; defaulting to differential | level. Flag for review: may need protein/expression if context is known.
PMC_biomarker_sets		PubMed:37884650	Immune Cell Biomarker Panel CD22	differential	CD22	cell	level	uncertain	Panel biomarker listing - no direction or aspect explicitly stated; defaulting to differential | level. Flag for review: may need protein/expression if context is known.
PMC_biomarker_sets		PubMed:37884650	Immune Cell Biomarker Panel CD79A	differential	CD79A	cell	level	uncertain	Panel biomarker listing - no direction or aspect explicitly stated; defaulting to differential | level. Flag for review: may need protein/expression if context is known.
PMC_biomarker_sets		PubMed:37884650	Immune Cell Biomarker Panel CD4	differential	CD4	cell	level	uncertain	Panel biomarker listing - no direction or aspect explicitly stated; defaulting to differential | level. Flag for review: may need protein/expression if context is known.
PMC_biomarker_sets		PubMed:37884650	Immune Cell Biomarker Panel CD8	differential	CD8	cell	level	uncertain	Panel biomarker listing - no direction or aspect explicitly stated; defaulting to differential | level. Flag for review: may need protein/expression if context is known.
PMC_biomarker_sets		PubMed:37884650	Immune Cell Biomarker Panel CD80	differential	CD80	cell	level	uncertain	Panel biomarker listing - no direction or aspect explicitly stated; defaulting to differential | level. Flag for review: may need protein/expression if context is known.
PMC_biomarker_sets		PubMed:37884650	Immune Cell Biomarker Panel CD86	differential	CD86	cell	level	uncertain	Panel biomarker listing - no direction or aspect explicitly stated; defaulting to differential | level. Flag for review: may need protein/expression if context is known.
PMC_biomarker_sets		PubMed:37884650	Immune Cell Biomarker Panel NOS2	differential	NOS2	cell	level	uncertain	Panel biomarker listing - no direction or aspect explicitly stated; defaulting to differential | level. Flag for review: may need protein/expression if context is known.
PMC_biomarker_sets		PubMed:37884650	Immune Cell Biomarker Panel CSF1R	differential	CSF1R	cell	level	uncertain	Panel biomarker listing - no direction or aspect explicitly stated; defaulting to differential | level. Flag for review: may need protein/expression if context is known.
PMC_biomarker_sets		PubMed:37884650	Immune Cell Biomarker Panel CD163	differential	CD163	cell	level	uncertain	Panel biomarker listing - no direction or aspect explicitly stated; defaulting to differential | level. Flag for review: may need protein/expression if context is known.
PMC_biomarker_sets		PubMed:37884650	Immune Cell Biomarker Panel MRC1	differential	MRC1	cell	level	uncertain	Panel biomarker listing - no direction or aspect explicitly stated; defaulting to differential | level. Flag for review: may need protein/expression if context is known.
PMC_biomarker_sets		PubMed:37884650	Immune Cell Biomarker Panel PDCD1LG2	differential	PDCD1LG2	cell	level	uncertain	Panel biomarker listing - no direction or aspect explicitly stated; defaulting to differential | level. Flag for review: may need protein/expression if context is known.
PMC_biomarker_sets		PubMed:37884650	Immune Cell Biomarker Panel NCR1	differential	NCR1	cell	level	uncertain	Panel biomarker listing - no direction or aspect explicitly stated; defaulting to differential | level. Flag for review: may need protein/expression if context is known.
PMC_biomarker_sets		PubMed:37884650	Immune Cell Biomarker Panel SLAMF7	differential	SLAMF7	cell	level	uncertain	Panel biomarker listing - no direction or aspect explicitly stated; defaulting to differential | level. Flag for review: may need protein/expression if context is known.
PMC_biomarker_sets		PubMed:37884650	Immune Cell Biomarker Panel CD47	differential	CD47	cell	level	uncertain	Panel biomarker listing - no direction or aspect explicitly stated; defaulting to differential | level. Flag for review: may need protein/expression if context is known.
PMC_biomarker_sets		PubMed:37884650	Immune Cell Biomarker Panel ITGB1	differential	ITGB1	cell	level	uncertain	Panel biomarker listing - no direction or aspect explicitly stated; defaulting to differential | level. Flag for review: may need protein/expression if context is known.
PMC_biomarker_sets		PubMed:37884650	Immune Cell Biomarker Panel ITGAX	differential	ITGAX	cell	level	uncertain	Panel biomarker listing - no direction or aspect explicitly stated; defaulting to differential | level. Flag for review: may need protein/expression if context is known.
PMC_biomarker_sets		PubMed:37884650	Immune Cell Biomarker Panel CCR7	differential	CCR7	cell	level	uncertain	Panel biomarker listing - no direction or aspect explicitly stated; defaulting to differential | level. Flag for review: may need protein/expression if context is known.
PMC_biomarker_sets		PubMed:37884650	Immune Cell Biomarker Panel ITGAM	differential	ITGAM	cell	level	uncertain	Panel biomarker listing - no direction or aspect explicitly stated; defaulting to differential | level. Flag for review: may need protein/expression if context is known.
PMC_biomarker_sets		PubMed:31520450	Treatment Serum Biomarker Panel IL1B	differential	IL1B	protein	level	uncertain	Panel biomarker listing - no direction or aspect explicitly stated; defaulting to differential | level. Flag for review: may need protein/expression if context is known.
PMC_biomarker_sets		PubMed:31520450	Treatment Serum Biomarker Panel PF4	differential	PF4	protein	level	uncertain	Panel biomarker listing - no direction or aspect explicitly stated; defaulting to differential | level. Flag for review: may need protein/expression if context is known.
PMC_biomarker_sets		PubMed:31520450	Treatment Serum Biomarker Panel CCL27	differential	CCL27	protein	level	uncertain	Panel biomarker listing - no direction or aspect explicitly stated; defaulting to differential | level. Flag for review: may need protein/expression if context is known.
PMC_biomarker_sets		PubMed:31520450	Treatment Serum Biomarker Panel WFDC2	differential	WFDC2	protein	level	uncertain	Panel biomarker listing - no direction or aspect explicitly stated; defaulting to differential | level. Flag for review: may need protein/expression if context is known.
PMC_biomarker_sets		PubMed:31520450	Treatment Serum Biomarker Panel SOST	differential	SOST	protein	level	uncertain	Panel biomarker listing - no direction or aspect explicitly stated; defaulting to differential | level. Flag for review: may need protein/expression if context is known.
PMC_biomarker_sets		PubMed:31520450	Treatment Serum Biomarker Panel CXCL6	differential	CXCL6	protein	level	uncertain	Panel biomarker listing - no direction or aspect explicitly stated; defaulting to differential | level. Flag for review: may need protein/expression if context is known.
PMC_biomarker_sets		PubMed:31520450	Treatment Serum Biomarker Panel PDCD1	differential	PDCD1	protein	level	uncertain	Panel biomarker listing - no direction or aspect explicitly stated; defaulting to differential | level. Flag for review: may need protein/expression if context is known.
PMC_biomarker_sets		PubMed:31520450	Treatment Serum Biomarker Panel LAIR1	differential	LAIR1	protein	level	uncertain	Panel biomarker listing - no direction or aspect explicitly stated; defaulting to differential | level. Flag for review: may need protein/expression if context is known.
PMC_biomarker_sets		PubMed:30425746	Immune Markers for Metabolic Syndrome TNF	differential	TNF	protein	level	uncertain	Immune marker term with identifiable entity, but no direction or specific measured aspect is stated.
PMC_biomarker_sets		PubMed:30425746	Immune Markers for Metabolic Syndrome IL6	differential	IL6	protein	level	uncertain	Immune marker term with identifiable entity, but no direction or specific measured aspect is stated.
PMC_biomarker_sets		PubMed:30425746	Immune Markers for Metabolic Syndrome SERPINE1	differential	SERPINE1	protein	level	uncertain	Immune marker term with identifiable entity, but no direction or specific measured aspect is stated.
PMC_biomarker_sets		PubMed:30425746	Immune Markers for Metabolic Syndrome CCL2	differential	CCL2	protein	level	uncertain	Immune marker term with identifiable entity, but no direction or specific measured aspect is stated.
PMC_biomarker_sets		PubMed:30425746	Immune Markers for Metabolic Syndrome CRP	differential	CRP	protein	level	uncertain	Immune marker term with identifiable entity, but no direction or specific measured aspect is stated.
PMC_biomarker_sets		PubMed:32196993	Blood Biomarker Panel CD163	differential	CD163	protein	level	uncertain	Panel biomarker listing - no direction or aspect explicitly stated; defaulting to differential | level. Flag for review: may need protein/expression if context is known.
PMC_biomarker_sets		PubMed:32196993	Blood Biomarker Panel GRN	differential	GRN	protein	level	uncertain	Panel biomarker listing - no direction or aspect explicitly stated; defaulting to differential | level. Flag for review: may need protein/expression if context is known.
PMC_biomarker_sets		PubMed:32196993	Blood Biomarker Panel SPON1	differential	SPON1	protein	level	uncertain	Panel biomarker listing - no direction or aspect explicitly stated; defaulting to differential | level. Flag for review: may need protein/expression if context is known.
PMC_biomarker_sets		PubMed:32196993	Blood Biomarker Panel PGLYRP1	differential	PGLYRP1	protein	level	uncertain	Panel biomarker listing - no direction or aspect explicitly stated; defaulting to differential | level. Flag for review: may need protein/expression if context is known.
PMC_biomarker_sets		PubMed:31114012	Urinary Biomarker Panel ANKRD36C	differential	ANKRD36C	protein	level	uncertain	Panel biomarker listing - no direction or aspect explicitly stated; defaulting to differential | level. Flag for review: may need protein/expression if context is known.
PMC_biomarker_sets		PubMed:31114012	Urinary Biomarker Panel CD99	differential	CD99	protein	level	uncertain	Panel biomarker listing - no direction or aspect explicitly stated; defaulting to differential | level. Flag for review: may need protein/expression if context is known.
PMC_biomarker_sets		PubMed:31114012	Urinary Biomarker Panel COL1A1	differential	COL1A1	protein	level	uncertain	Panel biomarker listing - no direction or aspect explicitly stated; defaulting to differential | level. Flag for review: may need protein/expression if context is known.
PMC_biomarker_sets		PubMed:31114012	Urinary Biomarker Panel COL2A1	differential	COL2A1	protein	level	uncertain	Panel biomarker listing - no direction or aspect explicitly stated; defaulting to differential | level. Flag for review: may need protein/expression if context is known.
PMC_biomarker_sets		PubMed:31114012	Urinary Biomarker Panel COL3A1	differential	COL3A1	protein	level	uncertain	Panel biomarker listing - no direction or aspect explicitly stated; defaulting to differential | level. Flag for review: may need protein/expression if context is known.
PMC_biomarker_sets		PubMed:31114012	Urinary Biomarker Panel COL5A1	differential	COL5A1	protein	level	uncertain	Panel biomarker listing - no direction or aspect explicitly stated; defaulting to differential | level. Flag for review: may need protein/expression if context is known.
PMC_biomarker_sets		PubMed:31114012	Urinary Biomarker Panel COL6A1	differential	COL6A1	protein	level	uncertain	Panel biomarker listing - no direction or aspect explicitly stated; defaulting to differential | level. Flag for review: may need protein/expression if context is known.
PMC_biomarker_sets		PubMed:31114012	Urinary Biomarker Panel COL8A1	differential	COL8A1	protein	level	uncertain	Panel biomarker listing - no direction or aspect explicitly stated; defaulting to differential | level. Flag for review: may need protein/expression if context is known.
PMC_biomarker_sets		PubMed:31114012	Urinary Biomarker Panel COL11A1	differential	COL11A1	protein	level	uncertain	Panel biomarker listing - no direction or aspect explicitly stated; defaulting to differential | level. Flag for review: may need protein/expression if context is known.
PMC_biomarker_sets		PubMed:31114012	Urinary Biomarker Panel COL14A1	differential	COL14A1	protein	level	uncertain	Panel biomarker listing - no direction or aspect explicitly stated; defaulting to differential | level. Flag for review: may need protein/expression if context is known.
PMC_biomarker_sets		PubMed:31114012	Urinary Biomarker Panel COL15A1	differential	COL15A1	protein	level	uncertain	Panel biomarker listing - no direction or aspect explicitly stated; defaulting to differential | level. Flag for review: may need protein/expression if context is known.
PMC_biomarker_sets		PubMed:31114012	Urinary Biomarker Panel COL4A2	differential	COL4A2	protein	level	uncertain	Panel biomarker listing - no direction or aspect explicitly stated; defaulting to differential | level. Flag for review: may need protein/expression if context is known.
PMC_biomarker_sets		PubMed:31114012	Urinary Biomarker Panel COL4A3	differential	COL4A3	protein	level	uncertain	Panel biomarker listing - no direction or aspect explicitly stated; defaulting to differential | level. Flag for review: may need protein/expression if context is known.
PMC_biomarker_sets		PubMed:31114012	Urinary Biomarker Panel COL4A4	differential	COL4A4	protein	level	uncertain	Panel biomarker listing - no direction or aspect explicitly stated; defaulting to differential | level. Flag for review: may need protein/expression if context is known.
PMC_biomarker_sets		PubMed:31114012	Urinary Biomarker Panel FGA	differential	FGA	protein	level	uncertain	Panel biomarker listing - no direction or aspect explicitly stated; defaulting to differential | level. Flag for review: may need protein/expression if context is known.
PMC_biomarker_sets		PubMed:31114012	Urinary Biomarker Panel FOXD2	differential	FOXD2	protein	level	uncertain	Panel biomarker listing - no direction or aspect explicitly stated; defaulting to differential | level. Flag for review: may need protein/expression if context is known.
PMC_biomarker_sets		PubMed:31114012	Urinary Biomarker Panel NEB	differential	NEB	protein	level	uncertain	Panel biomarker listing - no direction or aspect explicitly stated; defaulting to differential | level. Flag for review: may need protein/expression if context is known.
PMC_biomarker_sets		PubMed:31114012	Urinary Biomarker Panel PGLYRP1	differential	PGLYRP1	protein	level	uncertain	Panel biomarker listing - no direction or aspect explicitly stated; defaulting to differential | level. Flag for review: may need protein/expression if context is known.
PMC_biomarker_sets		PubMed:31114012	Urinary Biomarker Panel PIGR	differential	PIGR	protein	level	uncertain	Panel biomarker listing - no direction or aspect explicitly stated; defaulting to differential | level. Flag for review: may need protein/expression if context is known.
mw		PubMed:3944695|PubMed:6848914|PubMed:15060693|PubMed:6661819	Biotinidase activity	differential	Biotinidase activity	protein	level	uncertain	No direction is stated, so change = differential. The measured entity is biotinidase, an enzyme/protein encoded by BTD. The raw term specifically refers to enzyme activity, but activity is not available in the current aspect vocabulary, so level is used as the closest fallback and the term should be flagged.
mw			Increased LP432699-9 Gliadin 33 mer peptide	increased	LP432699-9 Gliadin 33 mer peptide	protein	level	mapped	Increased prefix _ level aspect (default for quantity terms)
mw			Increased Prostate-specific antigen (PSA)	increased	Prostate-specific antigen (PSA)	protein	level	mapped	Increased prefix _ level aspect (default for quantity terms)
mw			Increased Aspartate aminotransferase	increased	Aspartate aminotransferase	protein	level	mapped	Increased prefix _ level aspect (default for quantity terms)
mw			Increased Alpha-1-acid glycoprotein	increased	Alpha-1-acid glycoprotein	metabolite	level	mapped	Increased prefix _ level aspect (default for quantity terms)
mw			Decreased Alpha-1-acid glycoprotein	decreased	Alpha-1-acid glycoprotein	metabolite	level	mapped	Decreased prefix _ level aspect (default for quantity terms)
mw			Increased Glucose (C6H12O6)	increased	Glucose (C6H12O6)	metabolite	level	mapped	Increased prefix _ level aspect (default for quantity terms)
mw			Decreased Glucose (C6H12O6)	decreased	Glucose (C6H12O6)	metabolite	level	mapped	Decreased prefix _ level aspect (default for quantity terms)
mw			Increased Immunoglobulin E (IgE)	increased	Immunoglobulin E (IgE)	protein	level	mapped	Increased prefix _ level aspect (default for quantity terms)
mw			Increased liver stiffness	increased	liver stiffness	image	level	mapped	Increased prefix _ level aspect (default for quantity terms)
mw			Increased liver ultrasound attenuation	increased	liver ultrasound attenuation	image	level	mapped	Increased prefix _ level aspect (default for quantity terms)
mw			Increased Leukotriene E4	increased	Leukotriene E4	metabolite	level	mapped	Increased prefix _ level aspect (default for quantity terms)
mw			Increased Immunoglobulin light chains	increased	Immunoglobulin light chains	protein	level	mapped	Increased prefix _ level aspect (default for quantity terms)
mw			Increased Creatine kinase.MB	increased	Creatine kinase.MB	protein	level	mapped	Increased prefix _ level aspect (default for quantity terms)
mw			Increased recombinant prion protein (PrP)	increased	recombinant prion protein (PrP)	protein	level	mapped	Increased prefix _ level aspect (default for quantity terms)
mw			Increased Monoclonal Gammopathy	increased	Monoclonal Gammopathy	protein	level	mapped	Increased prefix _ level aspect (default for quantity terms)
mw			Increased Bence Jones protein	increased	Bence Jones protein	protein	level	mapped	Increased prefix _ level aspect (default for quantity terms)
mw			Monoclonal gammopathy isotypes	presence of	Monoclonal gammopathy isotypes	gene	/	cannot map	Variant/isotype phrasing - presence of, sequence variation tentative; flag for review
mw			Increased Monoclonal immunoglobulins	increased	Monoclonal immunoglobulins	protein	level	mapped	Increased prefix _ level aspect (default for quantity terms)
mw			Increased Sodium urate crystals	increased	Sodium urate crystals	element	level	mapped	Increased prefix _ level aspect (default for quantity terms)
mw			Increased Amyloid beta 42	increased	Amyloid beta 42	protein	level	mapped	Increased prefix _ level aspect (default for quantity terms)
mw			Increased Amyloid beta 40	increased	Amyloid beta 40	protein	level	mapped	Increased prefix _ level aspect (default for quantity terms)
mw			Increased Calcium oxalate	increased	Calcium oxalate	metabolite	level	mapped	Increased prefix _ level aspect (default for quantity terms)
mw			Increased Quinolinic acid	increased	Quinolinic acid	metabolite	level	mapped	Increased prefix _ level aspect (default for quantity terms)
mw			Increased Kynurenic acid	increased	Kynurenic acid	metabolite	level	mapped	Increased prefix _ level aspect (default for quantity terms)
mw			Increased CA 125	increased	CA 125	protein	level	mapped	Increased prefix _ level aspect (default for quantity terms)
mw			Increased phosphorylated tau protein at threonine 181	increased	phosphorylated tau protein at threonine 181	protein	modification	mapped	Increased phosphorylation _ modification aspect
mw			Increased 11-Ketotestosterone (11-KT)	increased	11-Ketotestosterone (11-KT)	protein	level	mapped	Increased prefix _ level aspect (default for quantity terms)
mw			Increased 11-Hydroxytestosterone (11-OHT)	increased	11-Hydroxytestosterone (11-OHT)	protein	level	mapped	Increased prefix _ level aspect (default for quantity terms)
mw			Increased 11oxC19 steroids	increased	11oxC19 steroids	protein	level	mapped	Increased prefix _ level aspect (default for quantity terms)
mw			Increased Fibroblast growth factor 23	increased	Fibroblast growth factor 23	protein	level	mapped	Increased prefix _ level aspect (default for quantity terms)
mw			Increased free light chains	increased	free light chains	protein	level	mapped	Increased prefix _ level aspect (default for quantity terms)
mw			Increased polyclonal free light chains	increased	polyclonal free light chains	protein	level	mapped	Increased prefix _ level aspect (default for quantity terms)
mw			Increased DMA 16:0 (1,1-Dimethoxyhexadecane)	increased	DMA 16:0 (1,1-Dimethoxyhexadecane)	lipid	level	mapped	Increased prefix _ level aspect (default for quantity terms)
mw			Increased DMA 18:0 (1,1-Dimethoxyoctadecane)	increased	DMA 18:0 (1,1-Dimethoxyoctadecane)	lipid	level	mapped	Increased prefix _ level aspect (default for quantity terms)
mw			Increased DMA 18:1 (1,1-dimethoxy-(9Z)octadecene)	increased	DMA 18:1 (1,1-dimethoxy-(9Z)octadecene)	lipid	level	mapped	Increased prefix _ level aspect (default for quantity terms)
mw			Increased DMA 16:0	increased	DMA 16:0	lipid	level	mapped	Increased prefix _ level aspect (default for quantity terms)
mw			Increased DMA 18:0	increased	DMA 18:0	lipid	level	mapped	Increased prefix _ level aspect (default for quantity terms)
mw			Increased DMA 18:1n9	increased	DMA 18:1n9	lipid	level	mapped	Increased prefix _ level aspect (default for quantity terms)
mw			Increased DMA 18:1	increased	DMA 18:1	lipid	level	mapped	Increased prefix _ level aspect (default for quantity terms)
mw			Decreased Alpha 1 antitrypsin	decreased	Alpha 1 antitrypsin	protein	level	mapped	Decreased prefix _ level aspect (default for quantity terms)
mw			Increased serum amyloid A	increased	serum amyloid A	protein	level	mapped	Increased prefix _ level aspect (default for quantity terms)
mw			Increased Luteinizing hormone (LH)	increased	Luteinizing hormone (LH)	protein	level	mapped	Increased prefix _ level aspect (default for quantity terms)
mw			Increased C-reactive protein (CRP)	increased	C-reactive protein (CRP)	protein	level	mapped	Increased prefix _ level aspect (default for quantity terms)
mw			Increased Acid phosphatase	increased	Acid phosphatase	metabolite	level	mapped	Increased prefix _ level aspect (default for quantity terms)
mw			Increased Carcinoembryonic antigen (CEA)	increased	Carcinoembryonic antigen (CEA)	protein	level	mapped	Increased prefix _ level aspect (default for quantity terms)
mw			Alpha Lipoprotein	differential	Alpha Lipoprotein	protein	level	uncertain	Entity named without change direction or aspect  defaulting to differential | level; flag for review
mw			Decreased Carnitine.free (C0)	decreased	Carnitine.free (C0)	metabolite	level	mapped	Decreased prefix _ level aspect (default for quantity terms)
mw			Decreased Prostate Specific Antigen	decreased	Prostate Specific Antigen	protein	level	mapped	Decreased prefix _ level aspect (default for quantity terms)
mw			Increased Triacylglycerol lipase	increased	Triacylglycerol lipase	protein	level	mapped	Increased prefix _ level aspect (default for quantity terms)
mw			Decreased Galactose-1-phosphate uridylyltransferase	decreased	Galactose-1-phosphate uridylyltransferase	protein	level	mapped	Decreased prefix _ level aspect (default for quantity terms)
mw			Increased dihydroxyacetone phosphate (DHAP)	increased	dihydroxyacetone phosphate (DHAP)	protein	level	mapped	Increased prefix _ level aspect (default for quantity terms)
mw			Increased Free kappa light chains	increased	Free kappa light chains	protein	level	mapped	Increased prefix _ level aspect (default for quantity terms)
mw			Increased kappa/lambda ratio	increased	kappa/lambda ratio	protein	level	mapped	Increased prefix _ level aspect (default for quantity terms)
mw			Increased kappa light chains	increased	kappa light chains	protein	level	mapped	Increased prefix _ level aspect (default for quantity terms)
mw			Decreased lambda light chains	decreased	lambda light chains	protein	level	mapped	Decreased prefix _ level aspect (default for quantity terms)
mw			Decreased HDL-bound cholesterol	decreased	HDL-bound cholesterol	lipid	level	mapped	Decreased prefix _ level aspect (default for quantity terms)
mw			Decreased Uroporphyrinogen III synthase	decreased	Uroporphyrinogen III synthase	protein	level	mapped	Decreased prefix _ level aspect (default for quantity terms)
mw			Increased Non-glucuronidated bilirubin	increased	Non-glucuronidated bilirubin	metabolite	level	mapped	Increased prefix _ level aspect (default for quantity terms)
mw			Increased Glucuronidated bilirubin	increased	Glucuronidated bilirubin	metabolite	level	mapped	Increased prefix _ level aspect (default for quantity terms)
mw			Increased or Decreased Sodium (Na)	increased	or Decreased Sodium (Na)	element	level	mapped	Increased prefix _ level aspect (default for quantity terms)
mw			Increased Alpha-1-fetoprotein (AFP)	increased	Alpha-1-fetoprotein (AFP)	protein	level	mapped	Increased prefix _ level aspect (default for quantity terms)
mw			Decreased Corticotropin-releasing hormone (CRH)	decreased	Corticotropin-releasing hormone (CRH)	protein	level	mapped	Decreased prefix _ level aspect (default for quantity terms)
mw			Decreased Pyruvate kinase	decreased	Pyruvate kinase	protein	level	mapped	Decreased prefix _ level aspect (default for quantity terms)
mw			Decreased Albumin to Globulin Ratio (A/G)	decreased	Albumin to Globulin Ratio (A/G)	protein	level	mapped	Decreased prefix _ level aspect (default for quantity terms)
mw			Increased Amino acids	increased	Amino acids	metabolite	level	mapped	Increased prefix _ level aspect (default for quantity terms)
mw			Increased Immunoglobulins (gamma fraction)	increased	Immunoglobulins (gamma fraction)	protein	level	mapped	Increased prefix _ level aspect (default for quantity terms)
mw			Increased Alpha 1 antitrypsin	increased	Alpha 1 antitrypsin	protein	level	mapped	Increased prefix _ level aspect (default for quantity terms)
mw			Increased Angiotensin converting enzyme (ACE)	increased	Angiotensin converting enzyme (ACE)	protein	level	mapped	Increased prefix _ level aspect (default for quantity terms)
mw			Decreased Angiotensin converting enzyme (ACE)	decreased	Angiotensin converting enzyme (ACE)	protein	level	mapped	Decreased prefix _ level aspect (default for quantity terms)
mw			Increased Pristanic acid	increased	Pristanic acid	lipid	level	mapped	Increased prefix _ level aspect (default for quantity terms)
mw			Increased Phytanic acid	increased	Phytanic acid	lipid	level	mapped	Increased prefix _ level aspect (default for quantity terms)
mw			Increased N-methylhistamine (NHM)	increased	N-methylhistamine (NHM)	protein	level	mapped	Increased prefix _ level aspect (default for quantity terms)
mw			Interleukin 12	differential	Interleukin 12	protein	level	uncertain	Entity named without change direction or aspect - defaulting to differential | level; flag for review
mw			Increased monoclonal free light chains	increased	monoclonal free light chains	protein	level	mapped	Increased prefix _ level aspect (default for quantity terms)
mw			Increased Free light chains (lambda)	increased	Free light chains (lambda)	protein	level	mapped	Increased prefix _ level aspect (default for quantity terms)
mw			Increased Immunoglobulins (IgG, IgA, and IgM)	increased	Immunoglobulins (IgG, IgA, and IgM)	protein	level	mapped	Increased prefix _ level aspect (default for quantity terms)
mw			Increased Prostatic Acid Phosphatase	increased	Prostatic Acid Phosphatase	metabolite	level	mapped	Increased prefix _ level aspect (default for quantity terms)
mw			Decreased pyridoxal 5 phosphate (P5P)	decreased	pyridoxal 5 phosphate (P5P)	protein	level	mapped	Decreased prefix _ level aspect (default for quantity terms)
mw			Decreased vitamin B6	decreased	vitamin B6	metabolite	level	mapped	Decreased prefix _ level aspect (default for quantity terms)
mw			Increased Prostaglandin E2	increased	Prostaglandin E2	metabolite	level	mapped	Increased prefix _ level aspect (default for quantity terms)
mw			Increased Prostaglandin E1	increased	Prostaglandin E1	metabolite	level	mapped	Increased prefix _ level aspect (default for quantity terms)
mw			Decreased Prostaglandin D2	decreased	Prostaglandin D2	metabolite	level	mapped	Decreased prefix _ level aspect (default for quantity terms)
mw			Increased Prostaglandin F2 alpha	increased	Prostaglandin F2 alpha	metabolite	level	mapped	Increased prefix _ level aspect (default for quantity terms)
mw			Decreased Prostate Specific Antigen (PSA)	decreased	Prostate Specific Antigen (PSA)	protein	level	mapped	Decreased prefix _ level aspect (default for quantity terms)
mw			Decreased Hexosaminidase A	decreased	Hexosaminidase A	protein	level	mapped	Decreased prefix _ level aspect (default for quantity terms)
mw			Decreased Hexosaminidase B	decreased	Hexosaminidase B	protein	level	mapped	Decreased prefix _ level aspect (default for quantity terms)
mw			Decreased Sialic acid	decreased	Sialic acid	metabolite	level	mapped	Decreased prefix _ level aspect (default for quantity terms)
mw			Decreased Beta aminoisobutyrate	decreased	Beta aminoisobutyrate	protein	level	mapped	Decreased prefix _ level aspect (default for quantity terms)
mw			Increased Beta aminoisobutyrate	increased	Beta aminoisobutyrate	protein	level	mapped	Increased prefix _ level aspect (default for quantity terms)
mw			Increased or Decreased Alpha-Aminobutyric Acid (AABA)	increased	or Decreased Alpha-Aminobutyric Acid (AABA)	metabolite	level	mapped	Increased prefix _ level aspect (default for quantity terms)
mw			Increased HDL Cholesterol	increased	HDL Cholesterol	lipid	level	mapped	Increased prefix _ level aspect (default for quantity terms)
mw			Increased LDL Cholesterol	increased	LDL Cholesterol	lipid	level	mapped	Increased prefix _ level aspect (default for quantity terms)
mw			Increased Beta-2-Microglobulin (_2-M)	increased	Beta-2-Microglobulin (_2-M)	protein	level	mapped	Increased prefix _ level aspect (default for quantity terms)
mw			Increased Triple Phosphate Crystals	increased	Triple Phosphate Crystals	protein	level	mapped	Increased prefix _ level aspect (default for quantity terms)
mw			Interleukin 1 beta	differential	Interleukin 1 beta	protein	level	uncertain	Entity named without change direction or aspect - defaulting to differential | level; flag for review
mw			Increased Alpha aminobutyrate	increased	Alpha aminobutyrate	metabolite	level	mapped	Increased prefix _ level aspect (default for quantity terms)
mw			Increased 2-Ethylhydracrylate (2-EHA)	increased	2-Ethylhydracrylate (2-EHA)	protein	level	mapped	Increased prefix _ level aspect (default for quantity terms)
mw			Increased HMVA (2-Hydroxy-3-Methylvaleric acid)	increased	HMVA (2-Hydroxy-3-Methylvaleric acid)	metabolite	level	mapped	Increased prefix _ level aspect (default for quantity terms)
mw			Increased Beta hydroxybutyrate	increased	Beta hydroxybutyrate	protein	level	mapped	Increased prefix _ level aspect (default for quantity terms)
mw			Increased 4-Hydroxyphenylpyruvic acid	increased	4-Hydroxyphenylpyruvic acid	metabolite	level	mapped	Increased prefix _ level aspect (default for quantity terms)
mw			Increased LP32035-5 Creatinine	increased	LP32035-5 Creatinine	metabolite	level	mapped	Increased prefix _ level aspect (default for quantity terms)
mw			Increased LP15312-9 Acetoacetate	increased	LP15312-9 Acetoacetate	protein	level	mapped	Increased prefix _ level aspect (default for quantity terms)
mw			Increased Adipate (adipic acid)	increased	Adipate (adipic acid)	metabolite	level	mapped	Increased prefix _ level aspect (default for quantity terms)
mw			Increased Decenedioic acid	increased	Decenedioic acid	metabolite	level	mapped	Increased prefix _ level aspect (default for quantity terms)
mw			Increased Ethylmalonic acid	increased	Ethylmalonic acid	metabolite	level	mapped	Increased prefix _ level aspect (default for quantity terms)
mw			Increased Fumarate Fumaric acid	increased	Fumarate Fumaric acid	metabolite	level	mapped	Increased prefix _ level aspect (default for quantity terms)
mw			Increased Methylsuccinic acid	increased	Methylsuccinic acid	metabolite	level	mapped	Increased prefix _ level aspect (default for quantity terms)
mw			Increased Phenylpyruvate Phenylpyruvic acid	increased	Phenylpyruvate Phenylpyruvic acid	metabolite	level	mapped	Increased prefix _ level aspect (default for quantity terms)
mw			Increased Succinic acid	increased	Succinic acid	metabolite	level	mapped	Increased prefix _ level aspect (default for quantity terms)
mw			Increased LP15872-2 Succinylacetone	increased	LP15872-2 Succinylacetone	protein	level	mapped	Increased prefix _ level aspect (default for quantity terms)
mw			Increased Lactate dehydrogenase	increased	Lactate dehydrogenase	metabolite	level	mapped	Increased prefix _ level aspect (default for quantity terms)
mw			Increased Insulin-like growth factor-I	increased	Insulin-like growth factor-I	protein	level	mapped	Increased prefix _ level aspect (default for quantity terms)
mw			Increased Tumor necrosis factor-alpha	increased	Tumor necrosis factor-alpha	protein	level	mapped	Increased prefix _ level aspect (default for quantity terms)
mw			Increased Orotic acid	increased	Orotic acid	metabolite	level	mapped	Increased prefix _ level aspect (default for quantity terms)
mw			Increased Methylcitric acid	increased	Methylcitric acid	metabolite	level	mapped	Increased prefix _ level aspect (default for quantity terms)
mw			Increased or Decreased testosterone	increased	or Decreased testosterone	protein	level	mapped	Increased prefix _ level aspect (default for quantity terms)
mw			Increased Total Protein	increased	Total Protein	protein	level	mapped	Increased prefix _ level aspect (default for quantity terms)
mw			Decreased Transthyretin (TTR)	decreased	Transthyretin (TTR)	protein	level	mapped	Decreased prefix _ level aspect (default for quantity terms)
mw			Increased Transthyretin (TTR)	increased	Transthyretin (TTR)	protein	level	mapped	Increased prefix _ level aspect (default for quantity terms)
mw			Increased Lactic acid	increased	Lactic acid	metabolite	level	mapped	Increased prefix _ level aspect (default for quantity terms)
mw			Increased Collagen crosslinked N-telopeptide	increased	Collagen crosslinked N-telopeptide	protein	level	mapped	Increased prefix _ level aspect (default for quantity terms)
mw			Increased Direct Bilirubin	increased	Direct Bilirubin	metabolite	level	mapped	Increased prefix _ level aspect (default for quantity terms)
mw			Increased N-methylimidazoleacetate (N-tau MIAA)	increased	N-methylimidazoleacetate (N-tau MIAA)	protein	level	mapped	Increased prefix _ level aspect (default for quantity terms)
mw			Increased Tissue polypeptide antigen (TPA)	increased	Tissue polypeptide antigen (TPA)	protein	level	mapped	Increased prefix _ level aspect (default for quantity terms)
mw			Increased Tissue Polypeptide Specific Antigen (TPS)	increased	Tissue Polypeptide Specific Antigen (TPS)	protein	level	mapped	Increased prefix _ level aspect (default for quantity terms)
mw			Increased Titratable Acid	increased	Titratable Acid	metabolite	level	mapped	Increased prefix _ level aspect (default for quantity terms)
mw			Increased Alkaline phosphatase isoenzymes	increased	Alkaline phosphatase isoenzymes	protein	level	mapped	Increased prefix _ level aspect (default for quantity terms)
mw			Increased Bile Acid	increased	Bile Acid	metabolite	level	mapped	Increased prefix _ level aspect (default for quantity terms)
mw			Increased Coproporphyrin I	increased	Coproporphyrin I	protein	level	mapped	Increased prefix _ level aspect (default for quantity terms)
mw			Increased Coproporphyrin III	increased	Coproporphyrin III	protein	level	mapped	Increased prefix _ level aspect (default for quantity terms)
mw			Increased Vitamin B12	increased	Vitamin B12	metabolite	level	mapped	Increased prefix _ level aspect (default for quantity terms)
mw			Increased	increased		protein	level	cannot map	Change direction stated but entity is missing - cannot map without entity
mw			Decreased	decreased		protein	level	cannot map	Change direction stated but entity is missing - cannot map without entity
mw			Increased Calcium Oxalate (CaOx)	increased	Calcium Oxalate (CaOx)	metabolite	level	mapped	Increased prefix _ level aspect (default for quantity terms)
mw			Increased Free T4	increased	Free T4	protein	level	mapped	Increased prefix _ level aspect (default for quantity terms)
mw			Decreased Free T4	decreased	Free T4	protein	level	mapped	Decreased prefix _ level aspect (default for quantity terms)
mw			Increased Free T3	increased	Free T3	protein	level	mapped	Increased prefix _ level aspect (default for quantity terms)
mw			Decreased Free T3	decreased	Free T3	protein	level	mapped	Decreased prefix _ level aspect (default for quantity terms)
mw			Increased Uroporphyrin I	increased	Uroporphyrin I	protein	level	mapped	Increased prefix _ level aspect (default for quantity terms)
mw			Increased Uroporphyrin III	increased	Uroporphyrin III	protein	level	mapped	Increased prefix _ level aspect (default for quantity terms)
mw			Increased Vanillylmandelic acid (VMA)	increased	Vanillylmandelic acid (VMA)	metabolite	level	mapped	Increased prefix _ level aspect (default for quantity terms)
mw			Increased Bone alkaline phosphatase (B-ALP)	increased	Bone alkaline phosphatase (B-ALP)	protein	level	mapped	Increased prefix _ level aspect (default for quantity terms)
mw			Increased Alkaline phosphatase	increased	Alkaline phosphatase	protein	level	mapped	Increased prefix _ level aspect (default for quantity terms)
mw			Increased Placental Alkaline Phosphatase (P-ALP)	increased	Placental Alkaline Phosphatase (P-ALP)	protein	level	mapped	Increased prefix _ level aspect (default for quantity terms)
mw			Increased Angiotensin II	increased	Angiotensin II	protein	level	mapped	Increased prefix _ level aspect (default for quantity terms)
mw			Increased Creatine kinase.BB	increased	Creatine kinase.BB	protein	level	mapped	Increased prefix _ level aspect (default for quantity terms)
mw			Increased Enolase.neuron specific	increased	Enolase.neuron specific	protein	level	mapped	Increased prefix _ level aspect (default for quantity terms)
mw			Increased aniline dyes	increased	aniline dyes	protein	level	mapped	Increased prefix _ level aspect (default for quantity terms)
mw			Decreased Alkaline phosphatase	decreased	Alkaline phosphatase	protein	level	mapped	Decreased prefix _ level aspect (default for quantity terms)
mw			Increased serum free light chains	increased	serum free light chains	protein	level	mapped	Increased prefix _ level aspect (default for quantity terms)
mw			Increased Immunoglobulin light chains.kappa	increased	Immunoglobulin light chains.kappa	protein	level	mapped	Increased prefix _ level aspect (default for quantity terms)
mw			Decreased calciferol (vitamin D2)	decreased	calciferol (vitamin D2)	metabolite	level	mapped	Decreased prefix _ level aspect (default for quantity terms)
mw			Increased Prostatic acid phosphatase	increased	Prostatic acid phosphatase	metabolite	level	mapped	Increased prefix _ level aspect (default for quantity terms)
mw			Increased Alanine aminotransferase (ALT)	increased	Alanine aminotransferase (ALT)	protein	level	mapped	Increased prefix _ level aspect (default for quantity terms)
mw			Increased Aspartate aminotransferase (AST)	increased	Aspartate aminotransferase (AST)	protein	level	mapped	Increased prefix _ level aspect (default for quantity terms)
mw			Increased Butyric acid	increased	Butyric acid	metabolite	level	mapped	Increased prefix _ level aspect (default for quantity terms)
mw			Increased C-reactive protein	increased	C-reactive protein	protein	level	mapped	Increased prefix _ level aspect (default for quantity terms)
mw			Decreased Cerebroside sulfatase	decreased	Cerebroside sulfatase	protein	level	mapped	Decreased prefix _ level aspect (default for quantity terms)
upkb_reviewed_v2		PubMed: 26832966	DEFB126 mutation	presence of	DEFB126	gene	sequence variation	mapped	MUTATION/oncogenic mutation keyword _ sequence variation
upkb_reviewed_v2		PubMed:37189713	loss of function of DDHD1	presence of	DDHD1	gene	sequence variation	uncertain	“loss of function” indicates the presence of a functional-impact variant rather than a decreased biomarker level. 
upkb_reviewed_v2			variants of osteopontin	presence of	variants of osteopontin	gene	sequence variation	uncertain	Variant/isotype phrasing - presence of, sequence variation tentative; flag for review
upkb_reviewed_v2		PubMed:20163701	MITF-M inframe deletions	presence of	MITF-M	gene	sequence variation	mapped	Inframe deletion/insertion _ sequence variation
cgi		PubMed:21562040	ABL1:E255K	presence of	ABL1	gene	sequence variation	mapped	HGVS protein notation E255K in gene ABL1 _ sequence variation
cgi		PubMed:21562040	ABL1:F359V	presence of	ABL1	gene	sequence variation	mapped	HGVS protein notation F359V in gene ABL1 _ sequence variation
cgi		PubMed:21562040	ABL1:I242T	presence of	ABL1	gene	sequence variation	mapped	HGVS protein notation I242T in gene ABL1 _ sequence variation
cgi		PubMed:21562040	ABL1:T315A	presence of	ABL1	gene	sequence variation	mapped	HGVS protein notation T315A in gene ABL1 _ sequence variation
cgi		PubMed:21562040|PubMed:25686603	ABL1:T315I	presence of	ABL1	gene	sequence variation	mapped	HGVS protein notation T315I in gene ABL1 _ sequence variation
cgi		PubMed:26924578|PubMed:21562040	ABL1:V299L	presence of	ABL1	gene	sequence variation	mapped	HGVS protein notation V299L in gene ABL1 _ sequence variation
cgi		PubMed:27582059	ABL1-BCR fusion	presence of	ABL1-BCR	gene	sequence variation	mapped	Fusion/rearrangement keyword _ sequence variation
cgi		PubMed:27016228|PubMed:21464312	AKT1:E17K	presence of	AKT1	gene	sequence variation	mapped	HGVS protein notation E17K in gene AKT1 _ sequence variation
cgi			AKT1:H238Y	presence of	AKT1	gene	sequence variation	mapped	HGVS protein notation H238Y in gene AKT1 _ sequence variation
cgi		PubMed:24265152	AKT1:Q79K	presence of	AKT1	gene	sequence variation	mapped	HGVS protein notation Q79K in gene AKT1 _ sequence variation
cgi		PubMed:22722202	AKT3 fusion	presence of	AKT3	gene	sequence variation	mapped	Fusion/rearrangement keyword _ sequence variation
cgi		PubMed:22235099	ALK oncogenic mutation	presence of	ALK	gene	sequence variation	mapped	MUTATION/oncogenic mutation keyword _ sequence variation
cgi		PubMed:22277784|PubMed:24670165	1151T					cannot map	No pattern matched 
cgi		PubMed:27401242|PubMed:20979473	ALK:C1156Y	presence of	ALK	gene	sequence variation	mapped	HGVS protein notation C1156Y in gene ALK _ sequence variation
cgi			ALK:E1408V	presence of	ALK	gene	sequence variation	mapped	HGVS protein notation E1408V in gene ALK _ sequence variation
cgi		PubMed:22072639|PubMed:24327273	ALK:F1174L	presence of	ALK	gene	sequence variation	mapped	HGVS protein notation F1174L in gene ALK _ sequence variation
cgi		PubMed:26032424	ALK:F856S	presence of	ALK	gene	sequence variation	mapped	HGVS protein notation F856S in gene ALK _ sequence variation
cgi		PubMed:26134233	ALK:G1123S	presence of	ALK	gene	sequence variation	mapped	HGVS protein notation G1123S in gene ALK _ sequence variation
cgi		PubMed:25228534	ALK:I1171T	presence of	ALK	gene	sequence variation	mapped	HGVS protein notation I1171T in gene ALK _ sequence variation
cgi		PubMed:22277784|PubMed:24670165	ALK:L1196M	presence of	ALK	gene	sequence variation	mapped	HGVS protein notation L1196M in gene ALK _ sequence variation
cgi		PubMed:26698910	ALK:L1198F	presence of	ALK	gene	sequence variation	mapped	HGVS protein notation L1198F in gene ALK _ sequence variation
cgi		PubMed:22072639	ALK:R1275Q	presence of	ALK	gene	sequence variation	mapped	HGVS protein notation R1275Q in gene ALK _ sequence variation
cgi		PubMed:24491302|PubMed:26633560|PubMed:25173427|PubMed:26301689|PubMed:25394791|PubMed:23553849|PubMed:23639470|PubMed:26951079	ALK fusion	presence of	ALK	gene	sequence variation	mapped	Fusion/rearrangement keyword _ sequence variation
cgi		PubMed:22440753	APC oncogenic mutation	presence of	APC	gene	sequence variation	mapped	MUTATION/oncogenic mutation keyword _ sequence variation
cgi		PubMed:23779130	AR:F877L	presence of	AR	gene	sequence variation	mapped	HGVS protein notation F877L in gene AR _ sequence variation
cgi		PubMed:27196756	AR (F877L) + AR (T878A)	presence of	AR	gene	sequence variation	mapped	"AR (F877L) + AR (T878A)"" represents a specific co-mutation profile within the androgen receptor gene. "
cgi		PubMed:26537258	AR:L702H	presence of	AR	gene	sequence variation	mapped	HGVS protein notation L702H in gene AR _ sequence variation
cgi		PubMed:2260966	AR:T878A	presence of	AR	gene	sequence variation	mapped	HGVS protein notation T878A in gene AR _ sequence variation
cgi			ARAF oncogenic mutation	presence of	ARAF	gene	sequence variation	mapped	MUTATION/oncogenic mutation keyword _ sequence variation
cgi			ARAF:S214C	presence of	ARAF	gene	sequence variation	mapped	HGVS protein notation S214C in gene ARAF _ sequence variation
cgi		PubMed:27958275|PubMed:25686104|PubMed:26069190	ARID1A oncogenic mutation	presence of	ARID1A	gene	sequence variation	mapped	MUTATION/oncogenic mutation keyword _ sequence variation
cgi		PubMed:27172896	ARID1A oncogenic mutation + ANXA1 overexpression	presence of				cannot map	This term includes two biomarker events,so I suggest splitting them into two separate ones for processing.
cgi		PubMed:27172896	ARID1A amplification + ANXA1 overexpression	increased				cannot map	This term includes two biomarker events,so I suggest splitting them into two separate ones for processing.
cgi		PubMed:26238431|PubMed:23960094|PubMed:23761041	ATM oncogenic mutation	presence of	ATM	gene	sequence variation	mapped	MUTATION/oncogenic mutation keyword _ sequence variation
cgi		PubMed:26238431|PubMed:23761041	ATM deletion	presence of	ATM	gene	sequence variation	mapped	DELETION keyword _ sequence variation (loss of genetic material)
cgi		PubMed:23960094|PubMed:23548269	ATR oncogenic mutation	presence of	ATR	gene	sequence variation	mapped	MUTATION/oncogenic mutation keyword _ sequence variation
cgi		PubMed:23548269	ATR deletion	presence of	ATR	gene	sequence variation	mapped	DELETION keyword _ sequence variation (loss of genetic material)
cgi		PubMed:26437366|PubMed:22038994|PubMed:22683710	BAP1 oncogenic mutation	presence of	BAP1	gene	sequence variation	mapped	MUTATION/oncogenic mutation keyword _ sequence variation
cgi		PubMed:26437366|PubMed:22038994|PubMed:22683710	BAP1 deletion	presence of	BAP1	gene	sequence variation	mapped	DELETION keyword _ sequence variation (loss of genetic material)
cgi		PubMed:27397505	BCOR oncogenic mutation	presence of	BCOR	gene	sequence variation	mapped	MUTATION/oncogenic mutation keyword _ sequence variation
cgi		PubMed:26732095	BRAF inframe deletion (L485),inframe deletion (P490)	presence of	BRAF	gene	sequence variation	mapped	DELETION keyword _ sequence variation (loss of genetic material)
cgi		PubMed:18794803	BRAF:D594G	presence of	BRAF	gene	sequence variation	mapped	HGVS protein notation D594G in gene BRAF _ sequence variation
cgi		PubMed:22649091	BRAF:G466V	presence of	BRAF	gene	sequence variation	mapped	HGVS protein notation G466V in gene BRAF _ sequence variation
cgi		PubMed:22773810	BRAF (G469A) + EGFR oncogenic mutation	presence of	BRAF	gene	sequence variation	mapped	MUTATION/oncogenic mutation keyword _ sequence variation
cgi		PubMed:23248257	BRAF:K601R	presence of	BRAF	gene	sequence variation	mapped	HGVS protein notation K601R in gene BRAF _ sequence variation
cgi			BRAF:L485W	presence of	BRAF	gene	sequence variation	mapped	HGVS protein notation L485W in gene BRAF _ sequence variation
cgi		PubMed:23715574	BRAF:L597R	presence of	BRAF	gene	sequence variation	mapped	HGVS protein notation L597R in gene BRAF _ sequence variation
cgi		PubMed:26287849|PubMed:27729313|PubMed:28363909	BRAF (V600)	presence of	BRAF	gene	sequence variation	mapped	Gene + amino acid position notation _ sequence variation
cgi			BRAF:V600D	presence of	BRAF	gene	sequence variation	mapped	HGVS protein notation V600D in gene BRAF _ sequence variation
cgi		PubMed:20619739|PubMed:22586120|PubMed:23470635|PubMed:23524406|PubMed:26392102|PubMed:27283860|PubMed:22743296|PubMed:22997239|PubMed:22351686|PubMed:22389471|PubMed:22608338|PubMed:22038996|PubMed:23614898|PubMed:22241789|PubMed:19018267|PubMed:22773810|PubMed:26287849	BRAF:V600E	presence of	BRAF	gene	sequence variation	mapped	HGVS protein notation V600E in gene BRAF _ sequence variation
cgi		PubMed:23237741	BRAF:V600R	presence of	BRAF	gene	sequence variation	mapped	HGVS protein notation V600R in gene BRAF _ sequence variation
cgi		PubMed:22649091	BRAF:Y472C	presence of	BRAF	gene	sequence variation	mapped	HGVS protein notation Y472C in gene BRAF _ sequence variation
cgi		PubMed:26324360|PubMed:238900088|PubMed:24727320	BRAF fusion	presence of	BRAF	gene	sequence variation	mapped	Fusion/rearrangement keyword _ sequence variation
cgi		PubMed:26510020|PubMed:25847936|PubMed:22406760|PubMed:26801247|PubMed:22307137|PubMed:25366685|PubMed:25964244|PubMed:20609467	BRCA1 oncogenic mutation	presence of	BRCA1	gene	sequence variation	mapped	MUTATION/oncogenic mutation keyword _ sequence variation
cgi		PubMed:22392482	BRCA1 deletion	presence of	BRCA1	gene	sequence variation	mapped	DELETION keyword _ sequence variation (loss of genetic material)
cgi		PubMed:20609467|PubMed:25719666|PubMed:25847936|PubMed:22406760|PubMed:26801247|PubMed:22307137|PubMed:26997480|PubMed:26510020	BRCA2 oncogenic mutation	presence of	BRCA2	gene	sequence variation	mapped	MUTATION/oncogenic mutation keyword _ sequence variation
cgi		PubMed:22392482	BRCA2 deletion	presence of	BRCA2	gene	sequence variation	mapped	DELETION keyword _ sequence variation (loss of genetic material)
cgi		PubMed:25082755	BTK (C481)	differential	BTK	gene	sequence variation	uncertain	Only the altered sites were provided, but the specific direction of change was not indicated.
cgi		PubMed:24869598	BTK:C481S	presence of	BTK	gene	sequence variation	mapped	HGVS protein notation C481S in gene BTK _ sequence variation
cgi		PubMed:26701728	CD69 undexpression	decreased	CD69	protein	expression	mapped	UNDEREXPRESSION _ decreased expression
cgi		PubMed:27397505	CDH1 oncogenic mutation	presence of	CDH1	gene	sequence variation	mapped	MUTATION/oncogenic mutation keyword _ sequence variation
cgi		PubMed:24240700	CDK12 oncogenic mutation	presence of	CDK12	gene	sequence variation	mapped	MUTATION/oncogenic mutation keyword _ sequence variation
cgi			CDK4 oncogenic mutation	presence of	CDK4	gene	sequence variation	mapped	MUTATION/oncogenic mutation keyword _ sequence variation
cgi		PubMed:23569312	CDK4 amplification + RB1 expression					cannot map	This term includes two biomarker events,so I suggest splitting them into two separate ones for processing.
cgi			CDK6 oncogenic mutation	presence of	CDK6	gene	sequence variation	mapped	MUTATION/oncogenic mutation keyword _ sequence variation
cgi		PubMed:22471707	CDKN1A oncogenic mutation	presence of	CDKN1A	gene	sequence variation	mapped	MUTATION/oncogenic mutation keyword _ sequence variation
cgi		PubMed:22471707	CDKN1A deletion	presence of	CDKN1A	gene	sequence variation	mapped	DELETION keyword _ sequence variation (loss of genetic material)
cgi		PubMed:22471707	CDKN1B oncogenic mutation	presence of	CDKN1B	gene	sequence variation	mapped	MUTATION/oncogenic mutation keyword _ sequence variation
cgi		PubMed:22471707	CDKN1B deletion	presence of	CDKN1B	gene	sequence variation	mapped	DELETION keyword _ sequence variation (loss of genetic material)
cgi		PubMed:22471707	CDKN2A oncogenic mutation	presence of	CDKN2A	gene	sequence variation	mapped	MUTATION/oncogenic mutation keyword _ sequence variation
cgi		PubMed:22471707	CDKN2A deletion	presence of	CDKN2A	gene	sequence variation	mapped	DELETION keyword _ sequence variation (loss of genetic material)
cgi		PubMed:22471707	CDKN2B oncogenic mutation	presence of	CDKN2B	gene	sequence variation	mapped	MUTATION/oncogenic mutation keyword _ sequence variation
cgi		PubMed:22471707	CDKN2B deletion	presence of	CDKN2B	gene	sequence variation	mapped	DELETION keyword _ sequence variation (loss of genetic material)
cgi		PubMed:22471707	CDKN2C oncogenic mutation	presence of	CDKN2C	gene	sequence variation	mapped	MUTATION/oncogenic mutation keyword _ sequence variation
cgi		PubMed:22471707	CDKN2C deletion	presence of	CDKN2C	gene	sequence variation	mapped	DELETION keyword _ sequence variation (loss of genetic material)
cgi		PubMed:26510020	CHEK2 oncogenic mutation	presence of	CHEK2	gene	sequence variation	mapped	MUTATION/oncogenic mutation keyword _ sequence variation
cgi			CHEK2 deletion	presence of	CHEK2	gene	sequence variation	mapped	DELETION keyword _ sequence variation (loss of genetic material)
cgi		PubMed:25108355	CRBN oncogenic mutation	presence of	CRBN	gene	sequence variation	mapped	MUTATION/oncogenic mutation keyword _ sequence variation
cgi		PubMed:23480694	CRBN:Q100*	differential	CRBN	gene	sequence variation	uncertain	Only the altered sites were provided, but the specific direction of change was not indicated.
cgi		PubMed:21860026	CRBN undexpression	decreased	CRBN	protein	expression	mapped	UNDEREXPRESSION _ decreased expression
cgi		PubMed:22904298|PubMed:22955920	CRLF2 fusion	presence of	CRLF2	gene	sequence variation	mapped	Fusion/rearrangement keyword _ sequence variation
cgi		PubMed:23656643	CSF3R frameshift variant (D771),frameshift variant (S783)	presence of	CSF3R	gene	sequence variation	mapped	FRAMESHIFT _ sequence variation (insertion/deletion causing frame shift)
cgi		PubMed:23539443	CTNNB1 oncogenic mutation	presence of	CTNNB1	gene	sequence variation	mapped	MUTATION/oncogenic mutation keyword _ sequence variation
cgi		PubMed:25624430	CTNNB1:H36Y	presence of	CTNNB1	gene	sequence variation	mapped	HGVS protein notation H36Y in gene CTNNB1 _ sequence variation
cgi		PubMed:22328973	DDR2:I638F	presence of	DDR2	gene	sequence variation	mapped	HGVS protein notation I638F in gene DDR2 _ sequence variation
cgi		PubMed:22328973	DDR2:S768R	presence of	DDR2	gene	sequence variation	mapped	HGVS protein notation S768R in gene DDR2 _ sequence variation
cgi		PubMed:22417203	DNMT3A oncogenic mutation	presence of	DNMT3A	gene	sequence variation	mapped	MUTATION/oncogenic mutation keyword _ sequence variation
cgi		PubMed:23988873	DPYD biallelic inactivation	presence of	DPYD	gene	sequence variation	mapped	Inactivation _ loss of function sequence variation
cgi		PubMed:23988873	DPYD splice donor variant	presence of	DPYD	gene	sequence variation	mapped	Splice site variant _ sequence variation
cgi		PubMed:23988873	DPYD:I560S	presence of	DPYD	gene	sequence variation	mapped	HGVS protein notation I560S in gene DPYD _ sequence variation
cgi		PubMed:19204207	EGFR inframe deletion (30-336)	presence of	EGFR	gene	sequence variation	mapped	DELETION keyword _ sequence variation (loss of genetic material)
cgi			EGFR inframe deletion (6-273)	presence of	EGFR	gene	sequence variation	mapped	DELETION keyword _ sequence variation (loss of genetic material)
cgi			EGFR exon 19 deletions	presence of	EGFR	gene	sequence variation	mapped	Exon-level insertion/deletion/mutation _ sequence variation
cgi		PubMed:22753918|PubMed:22190593|PubMed:23102728	EGFR exon 19 insertions	presence of	EGFR	gene	sequence variation	mapped	Exon-level insertion/deletion/mutation _ sequence variation
cgi		PubMed:21764376|PubMed:26515464	EGFR exon 20 insertions	presence of	EGFR	gene	sequence variation	mapped	Exon-level insertion/deletion/mutation _ sequence variation
cgi		PubMed:26773740	769-770					cannot map	No pattern matched 
cgi		PubMed:17177598	EGFR:A289V	presence of	EGFR	gene	sequence variation	mapped	HGVS protein notation A289V in gene EGFR _ sequence variation
cgi		PubMed:25939061	EGFR:C797S	presence of	EGFR	gene	sequence variation	mapped	HGVS protein notation C797S in gene EGFR _ sequence variation
cgi		PubMed:19680293	EGFR:D761Y	presence of	EGFR	gene	sequence variation	mapped	HGVS protein notation D761Y in gene EGFR _ sequence variation
cgi		PubMed:22885469	EGFR:E690K	presence of	EGFR	gene	sequence variation	mapped	HGVS protein notation E690K in gene EGFR _ sequence variation
cgi		PubMed:26059438	EGFR:G465R	presence of	EGFR	gene	sequence variation	mapped	HGVS protein notation G465R in gene EGFR _ sequence variation
cgi		PubMed:26773740	EGFR:K757R	presence of	EGFR	gene	sequence variation	mapped	HGVS protein notation K757R in gene EGFR _ sequence variation
cgi			EGFR (L718)	presence of	EGFR	gene	sequence variation	mapped	Gene + amino acid position notation _ sequence variation
cgi			EGFR (L792)	presence of	EGFR	gene	sequence variation	mapped	Gene + amino acid position notation _ sequence variation
cgi		PubMed:27283993	EGFR:L798I	presence of	EGFR	gene	sequence variation	mapped	HGVS protein notation L798I in gene EGFR _ sequence variation
cgi		PubMed:22753918|PubMed:23102728	EGFR:L858R	presence of	EGFR	gene	sequence variation	mapped	HGVS protein notation L858R in gene EGFR _ sequence variation
cgi			EGFR (L858R,L861,G719,S768I)					cannot map	No pattern matched 
cgi			EGFR:L861Q	presence of	EGFR	gene	sequence variation	mapped	HGVS protein notation L861Q in gene EGFR _ sequence variation
cgi		PubMed:25623215	EGFR:S464L	presence of	EGFR	gene	sequence variation	mapped	HGVS protein notation S464L in gene EGFR _ sequence variation
cgi		PubMed:22270724|PubMed:25962717	EGFR:S492R	presence of	EGFR	gene	sequence variation	mapped	HGVS protein notation S492R in gene EGFR _ sequence variation
cgi		PubMed:26773740	EGFR (S720)	presence of	EGFR	gene	sequence variation	mapped	Gene + amino acid position notation _ sequence variation
cgi		PubMed:19680293|PubMed:22452896|PubMed:25074459|PubMed:26667485	EGFR:T790M	presence of	EGFR	gene	sequence variation	mapped	HGVS protein notation T790M in gene EGFR _ sequence variation
cgi		PubMed:27102076	EGFR-RAD51 fusion	presence of	EGFR-RAD51	gene	sequence variation	mapped	Fusion/rearrangement keyword _ sequence variation
cgi		PubMed:20360610	EPHA2:G391R	presence of	EPHA2	gene	sequence variation	mapped	HGVS protein notation G391R in gene EPHA2 _ sequence variation
cgi		PubMed:25899785	ERBB2 oncogenic mutation	presence of	ERBB2	gene	sequence variation	mapped	MUTATION/oncogenic mutation keyword _ sequence variation
cgi		PubMed:23220880	780GSP					cannot map	No pattern matched 
cgi		PubMed:26598547	ERBB2 proximal exon 20					cannot map	No pattern matched 
cgi			A775YVMA					cannot map	No pattern matched 
cgi			P780GSP					cannot map	No pattern matched 
cgi		PubMed:23220880	ERBB2:D769Y	presence of	ERBB2	gene	sequence variation	mapped	HGVS protein notation D769Y in gene ERBB2 _ sequence variation
cgi		PubMed:22908275	ERBB2:G309E	presence of	ERBB2	gene	sequence variation	mapped	HGVS protein notation G309E in gene ERBB2 _ sequence variation
cgi		PubMed:16775247	ERBB2:G776L	presence of	ERBB2	gene	sequence variation	mapped	HGVS protein notation G776L in gene ERBB2 _ sequence variation
cgi		PubMed:27697991	ERBB2:K753E	presence of	ERBB2	gene	sequence variation	mapped	HGVS protein notation K753E in gene ERBB2 _ sequence variation
cgi		PubMed:23220880	ERBB2:L755S	presence of	ERBB2	gene	sequence variation	mapped	HGVS protein notation L755S in gene ERBB2 _ sequence variation
cgi		PubMed:28274957	ERBB2:L869R	presence of	ERBB2	gene	sequence variation	mapped	HGVS protein notation L869R in gene ERBB2 _ sequence variation
cgi			ERBB2 (S310,L755,V777)					cannot map	No pattern matched 
cgi		PubMed:28274957	ERBB2:T798I	presence of	ERBB2	gene	sequence variation	mapped	HGVS protein notation T798I in gene ERBB2 _ sequence variation
cgi		PubMed:23950206	ERBB2:V659E	presence of	ERBB2	gene	sequence variation	mapped	HGVS protein notation V659E in gene ERBB2 _ sequence variation
cgi		PubMed:26658964	ERBB2 expression + ESR1 overexpression	/	ERBB2_ESR1	protein	expression	cannot map	The term includes two biomarkers,and I can't  map two terms in a single entry.
cgi		PubMed:27044931	ERBB3:G284R	presence of	ERBB3	gene	sequence variation	mapped	HGVS protein notation G284R in gene ERBB3 _ sequence variation
cgi		PubMed:23680147	ERBB3:P262H	presence of	ERBB3	gene	sequence variation	mapped	HGVS protein notation P262H in gene ERBB3 _ sequence variation
cgi		PubMed:19718025	ERBB4:E317K	presence of	ERBB4	gene	sequence variation	mapped	HGVS protein notation E317K in gene ERBB4 _ sequence variation
cgi		PubMed:26530965	ERBB4:H809G	presence of	ERBB4	gene	sequence variation	mapped	HGVS protein notation H809G in gene ERBB4 _ sequence variation
cgi		PubMed:24727320	ERBB4 fusion	presence of	ERBB4	gene	sequence variation	mapped	Fusion/rearrangement keyword _ sequence variation
cgi		PubMed:23275151|PubMed:23934192	ERCC1 oncogenic mutation	presence of	ERCC1	gene	sequence variation	mapped	MUTATION/oncogenic mutation keyword _ sequence variation
cgi		PubMed:23275151|PubMed:23934192	ERCC1 deletion	presence of	ERCC1	gene	sequence variation	mapped	DELETION keyword _ sequence variation (loss of genetic material)
cgi		PubMed:25096233	ERCC2 oncogenic mutation	presence of	ERCC2	gene	sequence variation	mapped	MUTATION/oncogenic mutation keyword _ sequence variation
cgi		PubMed:25634215	ERCC4 oncogenic mutation	presence of	ERCC4	gene	sequence variation	mapped	MUTATION/oncogenic mutation keyword _ sequence variation
cgi		PubMed:25634215	ERCC6 oncogenic mutation	presence of	ERCC6	gene	sequence variation	mapped	MUTATION/oncogenic mutation keyword _ sequence variation
cgi		PubMed:27269946	ESR1 oncogenic mutation	presence of	ESR1	gene	sequence variation	mapped	MUTATION/oncogenic mutation keyword _ sequence variation
cgi		PubMed:24185512	ESR1 (E380Q,537,538,L536,P535H)					cannot map	No pattern matched 
cgi		PubMed:27986707	ESR1:Y537S	presence of	ESR1	gene	sequence variation	mapped	HGVS protein notation Y537S in gene ESR1 _ sequence variation
cgi		PubMed:24055055	ESR1-YAP1 fusion	presence of	ESR1-YAP1	gene	sequence variation	mapped	Fusion/rearrangement keyword _ sequence variation
cgi		PubMed:23023262	EZH2 (Y641,A677)					cannot map	No pattern matched 
cgi		PubMed:26510020	FANCA oncogenic mutation	presence of	FANCA	gene	sequence variation	mapped	MUTATION/oncogenic mutation keyword _ sequence variation
cgi		PubMed:26510020	FANCA deletion	presence of	FANCA	gene	sequence variation	mapped	DELETION keyword _ sequence variation (loss of genetic material)
cgi		PubMed:26238431	FANCC oncogenic mutation	presence of	FANCC	gene	sequence variation	mapped	MUTATION/oncogenic mutation keyword _ sequence variation
cgi		PubMed:26238431	FANCC deletion	presence of	FANCC	gene	sequence variation	mapped	DELETION keyword _ sequence variation (loss of genetic material)
cgi		PubMed:21368834|PubMed:20861909	FBXW7 oncogenic mutation	presence of	FBXW7	gene	sequence variation	mapped	MUTATION/oncogenic mutation keyword _ sequence variation
cgi		PubMed:21368834|PubMed:23558291	FBXW7 deletion	presence of	FBXW7	gene	sequence variation	mapped	DELETION keyword _ sequence variation (loss of genetic material)
cgi		PubMed:26048680	A266					cannot map	No pattern matched 
cgi		PubMed:23908597	FGFR2 (M536I,M538I,I548V,N550,E566G,L618M,K660E)	presence of	FGFR2	gene	sequence variation	uncertain 	Contains multiple variations, uncertain whether this standardization is appropriate.
cgi		PubMed:28034880	FGFR2 (N549H,V564F,K659M,L617V,K641R,R565A) + FGFR2 fusion	presence of	FGFR2	gene	sequence variation	uncertain	Contains multiple variations, uncertain whether this standardization is appropriate.
cgi		PubMed:18552176	FGFR2:S252W	presence of	FGFR2	gene	sequence variation	mapped	HGVS protein notation S252W in gene FGFR2 _ sequence variation
cgi			FGFR2:V565I	presence of	FGFR2	gene	sequence variation	mapped	HGVS protein notation V565I in gene FGFR2 _ sequence variation
cgi		PubMed:23908597	FGFR2 (V565I,M536I,M538I,I548V,N550,E566G,L618M,K660E)	presence of	FGFR2	gene	sequence variation	uncertain 	Contains multiple variations, uncertain whether this standardization is appropriate.
cgi		PubMed:23786770	FGFR2:W290C	presence of	FGFR2	gene	sequence variation	mapped	HGVS protein notation W290C in gene FGFR2 _ sequence variation
cgi			FGFR2 fusion	presence of	FGFR2	gene	sequence variation	mapped	Fusion/rearrangement keyword _ sequence variation
cgi		PubMed:27870574	FGFR3 oncogenic mutation	presence of	FGFR3	gene	sequence variation	mapped	MUTATION/oncogenic mutation keyword _ sequence variation
cgi		PubMed:19331127	FGFR3 (K650)	differential	FGFR3	gene	sequence variation	uncertain	We only know the site where the change occurs, but not the specific direction of the change.
cgi		PubMed:16091734	FGFR3 (K650,Y373C)	presence of	FGFR3	gene	sequence variation	uncertain	Contains multiple variations, uncertain whether this standardization is appropriate.
cgi		PubMed:27998968	FGFR3:S249C	presence of	FGFR3	gene	sequence variation	mapped	HGVS protein notation S249C in gene FGFR3 _ sequence variation
cgi		PubMed:22869148	FGFR3:V555M	presence of	FGFR3	gene	sequence variation	mapped	HGVS protein notation V555M in gene FGFR3 _ sequence variation
cgi		PubMed:19331127	FGFR3:Y373C	presence of	FGFR3	gene	sequence variation	mapped	HGVS protein notation Y373C in gene FGFR3 _ sequence variation
cgi		PubMed:26324363	FGFR3 fusion	presence of	FGFR3	gene	sequence variation	mapped	Fusion/rearrangement keyword _ sequence variation
cgi		PubMed:25294908	FGFR3-TACC3 fusion	presence of	FGFR3-TACC3	gene	sequence variation	mapped	Fusion/rearrangement keyword _ sequence variation
cgi		PubMed:19809159	FGFR4 (N535,V550)	differential	FGFR4	gene	sequence variation	uncertain	We only know the site where the change occurs, but not the specific direction of the change.
cgi		PubMed:25295501	FLCN deletion	presence of	FLCN	gene	sequence variation	mapped	DELETION keyword _ sequence variation (loss of genetic material)
cgi		PubMed:27520294|PubMed:19389879|PubMed:23613521|PubMed:16857985	FLT3-ITD	presence of	FLT3-ITD	gene	sequence variation	mapped	GENE1-GENE2 fusion format _ sequence variation
cgi		PubMed:16857985|PubMed:20733134	FLT3 (D835)	differential	FLT3	gene	sequence variation	mapped	Gene + amino acid position notation _ sequence variation
cgi		PubMed:23430109	FLT3 (D835,Y842)	differential	FLT3	gene	sequence variation	uncertain	We only know the site where the change occurs, but not the specific direction of the change.
cgi		PubMed:25847190	FLT3 (F691)	differential	FLT3	gene	sequence variation	uncertain	We only know the site where the change occurs, but not the specific direction of the change.
cgi		PubMed:22504184	FLT3 (F691,D835,N676,Y842)	differential	FLT3	gene	sequence variation	uncertain	We only know the site where the change occurs, but not the specific direction of the change.
cgi		PubMed:24619500	FLT3 (N676)	differential	FLT3	gene	sequence variation	uncertain	We only know the site where the change occurs, but not the specific direction of the change.
cgi			G6PD biallelic inactivation	presence of	G6PD	gene	sequence variation	mapped	Inactivation _ loss of function sequence variation
cgi			G6PD:S218F	presence of	G6PD	gene	sequence variation	mapped	HGVS protein notation S218F in gene G6PD _ sequence variation
cgi			G6PD (V98M) + G6PD (N156D)	presence of	G6PD	gene	sequence variation	uncertain	Contains two variations, uncertain whether this standardization is appropriate.
cgi		PubMed:24758297	GATA3 oncogenic mutation	presence of	GATA3	gene	sequence variation	mapped	MUTATION/oncogenic mutation keyword _ sequence variation
cgi		PubMed:22733540	GNA11:Q209L	presence of	GNA11	gene	sequence variation	mapped	HGVS protein notation Q209L in gene GNA11 _ sequence variation
cgi		PubMed:22733540|PubMed:22653968	GNAQ (Q209)	differential	GNAQ	gene	sequence variation	mapped	We only know the site where the change occurs, but not the specific direction of the change.
cgi		PubMed:21835143	GNAS (R201)	differential	GNAS	gene	sequence variation	mapped	We only know the site where the change occurs, but not the specific direction of the change.
cgi		PubMed:26510020	HDAC2 biallelic inactivation	presence of	HDAC2	gene	sequence variation	mapped	Inactivation _ loss of function sequence variation
cgi		PubMed:22850551	HGF amplification + ERBB2 amplification	presence of	HGF/ ERBB2	gene	sequence variation	uncertain	It contains two variations,and I think we should split into two rows,so I set a flag here for review.
cgi		PubMed:22399013|PubMed:15950068	HRAS oncogenic mutation	presence of	HRAS	gene	sequence variation	mapped	MUTATION/oncogenic mutation keyword _ sequence variation
cgi		PubMed:27520294|PubMed:25599133	IDH1 oncogenic mutation	presence of	IDH1	gene	sequence variation	mapped	MUTATION/oncogenic mutation keyword _ sequence variation
cgi		PubMed:27231123|PubMed:28148839	IDH1 (R132)	presence of	IDH1	gene	sequence variation	uncertain	We only know the site where the change occurs, but not the specific direction of the change.
cgi		PubMed:27520294	IDH2 oncogenic mutation	presence of	IDH2	gene	sequence variation	mapped	MUTATION/oncogenic mutation keyword _ sequence variation
cgi		PubMed:27231123	IDH2 (R172)	presence of	IDH2	gene	sequence variation	uncertain	We only know the site where the change occurs, but not the specific direction of the change.
cgi		PubMed:22897847|PubMed:22955920	237-255					cannot map	No entity
cgi		PubMed:22897847|PubMed:22955920	IL7R (S185C) + SH2B3 deletion	presence of	IL7R/SH2B3	gene	sequence variation	uncertain	It contains two variations,and I think we should split into two rows,so I set a flag here for review.
cgi		PubMed:23551093	INPP4B oncogenic mutation	presence of	INPP4B	gene	sequence variation	mapped	MUTATION/oncogenic mutation keyword _ sequence variation
cgi		PubMed:23551093	INPP4B deletion	presence of	INPP4B	gene	sequence variation	mapped	DELETION keyword _ sequence variation (loss of genetic material)
cgi		PubMed:27903500|PubMed:27433843	JAK1 oncogenic mutation	presence of	JAK1	gene	sequence variation	mapped	MUTATION/oncogenic mutation keyword _ sequence variation
cgi		PubMed:22955920	JAK1 (S646F;R683)					cannot map	It contains two different variations,and I think we should split into two rows,so I set a flag here for review.
cgi		PubMed:27433843	JAK2 oncogenic mutation	presence of	JAK2	gene	sequence variation	mapped	MUTATION/oncogenic mutation keyword _ sequence variation
cgi		PubMed:22422826|PubMed:22829971	JAK2:V617F	presence of	JAK2	gene	sequence variation	mapped	HGVS protein notation V617F in gene JAK2 _ sequence variation
cgi		PubMed:22875628	JAK2-BRAF fusion	presence of	JAK2-BRAF	gene	sequence variation	mapped	Fusion/rearrangement keyword _ sequence variation
cgi		PubMed:22705984	JAK3:A572V	presence of	JAK3	gene	sequence variation	mapped	HGVS protein notation A572V in gene JAK3 _ sequence variation
cgi		PubMed:24506072	KCNJ5:L168R	presence of	KCNJ5	gene	sequence variation	mapped	HGVS protein notation L168R in gene KCNJ5 _ sequence variation
cgi		PubMed:24569783	KDR:A1065T	presence of	KDR	gene	sequence variation	mapped	HGVS protein notation A1065T in gene KDR _ sequence variation
cgi		PubMed:19671763|PubMed:18421059|PubMed:22068222	KIT mutation in exon 9,11,13,14 or 17	presence of	KIT	gene	sequence variation	mapped	MUTATION/oncogenic mutation keyword _ sequence variation
cgi		PubMed:18955458|PubMed:22898035	KIT mutation in exon 11	presence of	KIT	gene	sequence variation	mapped	MUTATION/oncogenic mutation keyword _ sequence variation
cgi		PubMed:22270258	KIT mutation in exon 9 or 11	presence of	KIT	gene	sequence variation	mapped	MUTATION/oncogenic mutation keyword _ sequence variation
cgi		PubMed:18936790	KIT (550-592,627-664,788-828,829-860)		KIT			cannot map	No pattern matched 
cgi		PubMed:18955458	KIT (627-664,664-714,449-514)		KIT			cannot map	No pattern matched 
cgi		PubMed:23840364|PubMed:22119758	KIT mutation in exon 17	presence of	KIT	gene	sequence variation	mapped	MUTATION/oncogenic mutation keyword _ sequence variation
cgi		PubMed:21737509	KIT mutation in exon 9 or 17	presence of	KIT	gene	sequence variation	mapped	MUTATION/oncogenic mutation keyword _ sequence variation
cgi		PubMed:21690468	KIT mutation in exon 17 or 18	presence of	KIT	gene	sequence variation	mapped	MUTATION/oncogenic mutation keyword _ sequence variation
cgi			KIT (788-828,829-860,550-592)		KIT			cannot map	No pattern matched 
cgi		PubMed:15618474	416-422					cannot map	No pattern matched 
cgi		PubMed:18955458|PubMed:16397263	KIT wildtype	absence of	KIT	gene	sequence variation	mapped	WILDTYPE _ absence of mutation/sequence variation
cgi		PubMed:25239608	KIT:A829P	presence of	KIT	gene	sequence variation	mapped	HGVS protein notation A829P in gene KIT _ sequence variation
cgi			KIT (D816)	differential	KIT	gene	sequence variation	uncertain	We only know the site where the change occurs, but not the specific direction of the change.
cgi		PubMed:18986703|PubMed:18559612	KIT:D816V	presence of	KIT	gene	sequence variation	mapped	HGVS protein notation D816V in gene KIT _ sequence variation
cgi		PubMed:16397263	KIT:D816Y	presence of	KIT	gene	sequence variation	mapped	HGVS protein notation D816Y in gene KIT _ sequence variation
cgi		PubMed:23775962|PubMed:25695690	KIT:D820Y	presence of	KIT	gene	sequence variation	mapped	HGVS protein notation D820Y in gene KIT _ sequence variation
cgi		PubMed:23149070	KIT:N822K	presence of	KIT	gene	sequence variation	mapped	HGVS protein notation N822K in gene KIT _ sequence variation
cgi		PubMed:24687822	KIT:T670I	presence of	KIT	gene	sequence variation	mapped	HGVS protein notation T670I in gene KIT _ sequence variation
cgi		PubMed:23582185	KIT (V559I,H697Y,T670,V654A,A829P,D816,N822,Y823D)	presence of	KIT	gene	sequence variation	uncertain	Contains multiple variations, uncertain whether this standardization is appropriate.
cgi		PubMed:26802155|PubMed:19238210|PubMed:22614881|PubMed:26552009|PubMed:22662154|PubMed:25968887|PubMed:23583440|PubMed:27338794|PubMed:23129625|PubMed:20609353|PubMed:24553387|PubMed:23614898|PubMed:23358651|PubMed:23012248|PubMed:24444711|PubMed:23245996|PubMed:24045180|PubMed:22392911|PubMed:23200175|PubMed:22507781|PubMed:24163374|PubMed:25516890|PubMed:21984976|PubMed:27217383	KRAS oncogenic mutation	presence of	KRAS	gene	sequence variation	mapped	MUTATION/oncogenic mutation keyword _ sequence variation
cgi			KRAS (12,13)					cannot map	No pattern matched 
cgi			KRAS (12,13,59,61,117,146)					cannot map	No pattern matched 
cgi		PubMed:24687822|PubMed:18701506	KRAS (G12)	presence of	KRAS	gene	sequence variation	uncertain	We only know the site where the change occurs, but not the specific direction of the change.
cgi		PubMed:27114605	KRAS:G13D	presence of	KRAS	gene	sequence variation	mapped	HGVS protein notation G13D in gene KRAS _ sequence variation
cgi		PubMed:22896685	LRP1B oncogenic mutation	presence of	LRP1B	gene	sequence variation	mapped	MUTATION/oncogenic mutation keyword _ sequence variation
cgi		PubMed:22896685	LRP1B deletion	presence of	LRP1B	gene	sequence variation	mapped	DELETION keyword _ sequence variation (loss of genetic material)
cgi		PubMed:26030179	MAP2K1 oncogenic mutation	presence of	MAP2K1	gene	sequence variation	mapped	MUTATION/oncogenic mutation keyword _ sequence variation
cgi		PubMed:26324360	MAP2K1 inframe deletion (56-60)	presence of	MAP2K1	gene	sequence variation	mapped	DELETION keyword _ sequence variation (loss of genetic material)
cgi		PubMed:24448821	MAP2K1:C121S	presence of	MAP2K1	gene	sequence variation	mapped	HGVS protein notation C121S in gene MAP2K1 _ sequence variation
cgi		PubMed:23569304	MAP2K1:E203K	presence of	MAP2K1	gene	sequence variation	mapped	HGVS protein notation E203K in gene MAP2K1 _ sequence variation
cgi		PubMed:23614898	MAP2K1 (F129L,L215P,I103N,P124)	presence of	MAP2K1 	gene	sequence variation	uncertain	Contains multiple variations, uncertain whether this standardization is appropriate.
cgi		PubMed:19915144	MAP2K1 (I99T,L115,G128D,F129L,V211D,L215P,I103N,K104N,I111N,H119P,E120D,F133L,P124,D67N)	presence of	MAP2K1 	gene	sequence variation	uncertain	Contains multiple variations, uncertain whether this standardization is appropriate.
cgi		PubMed:26644315	MAP2K1:K57T	presence of	MAP2K1	gene	sequence variation	mapped	HGVS protein notation K57T in gene MAP2K1 _ sequence variation
cgi		PubMed:25370473	MAP2K1 (P124)	presence of	MAP2K1	gene	sequence variation	mapped	Gene + amino acid position notation _ sequence variation
cgi		PubMed:19915144	MAP2K1:P124L	presence of	MAP2K1	gene	sequence variation	mapped	HGVS protein notation P124L in gene MAP2K1 _ sequence variation
cgi		PubMed:22588879	MAP2K1 (P124S,I111S) + BRAF oncogenic mutation	presence of	MAP2K1	gene	sequence variation	mapped	MUTATION/oncogenic mutation keyword _ sequence variation
cgi		PubMed:26582713|PubMed:19915144	MAP2K1:Q56P	presence of	MAP2K1	gene	sequence variation	mapped	HGVS protein notation Q56P in gene MAP2K1 _ sequence variation
cgi		PubMed:19915144	MAP2K1 (Q56P,P124S,P124L;C121S)	presence of	MAP2K1 	gene	sequence variation	uncertain	Contains multiple variations, uncertain whether this standardization is appropriate.
cgi		PubMed:24265154	MAP2K2:Q60P	presence of	MAP2K2	gene	sequence variation	mapped	HGVS protein notation Q60P in gene MAP2K2 _ sequence variation
cgi		PubMed:24265153	MAP2K2:V35M	presence of	MAP2K2	gene	sequence variation	mapped	HGVS protein notation V35M in gene MAP2K2 _ sequence variation
cgi		PubMed:27694386	MET:D1246V	presence of	MET	gene	sequence variation	mapped	HGVS protein notation D1246V in gene MET _ sequence variation
cgi			MET:H1112L	presence of	MET	gene	sequence variation	mapped	HGVS protein notation H1112L in gene MET _ sequence variation
cgi		PubMed:17483355	MET:V1110I	presence of	MET	gene	sequence variation	mapped	HGVS protein notation V1110I in gene MET _ sequence variation
cgi		PubMed:17483355	MET (Y1230C;Y1235D)	presence of	MET	gene	sequence variation	uncertain	Contains multiple variations, uncertain whether this standardization is appropriate.
cgi			MET amplification + c (V600E)	increased	MET/BRAF	gene	sequence variation	uncertain	It contains two variations,and I think we should split into two rows,so I set a flag here for review.
cgi			MET amplification + EGFR oncogenic mutation	presence of	MET/EGFR	gene	sequence variation	uncertain	It contains two variations,and I think we should split into two rows,so I set a flag here for review.
cgi		PubMed:22238368|PubMed:22850551|PubMed:26432108	MET amplification + ERBB2 amplification	increased	MET/ERBB2	gene	sequence variation	uncertain	It contains two variations,and I think we should split into two rows,so I set a flag here for review.
cgi		PubMed:27748748	MET fusion	presence of	MET	gene	sequence variation	mapped	Fusion/rearrangement keyword _ sequence variation
cgi		PubMed:24556366	MSH3 oncogenic mutation	presence of	MSH3	gene	sequence variation	mapped	MUTATION/oncogenic mutation keyword _ sequence variation
cgi		PubMed:24625776	MTOR:E2014K	presence of	MTOR	gene	sequence variation	mapped	HGVS protein notation E2014K in gene MTOR _ sequence variation
cgi		PubMed:25295501	MTOR:F2108L	presence of	MTOR	gene	sequence variation	mapped	HGVS protein notation F2108L in gene MTOR _ sequence variation
cgi			MTOR:I1973F	presence of	MTOR	gene	sequence variation	mapped	HGVS protein notation I1973F in gene MTOR _ sequence variation
cgi			MTOR:K1771R	presence of	MTOR	gene	sequence variation	mapped	HGVS protein notation K1771R in gene MTOR _ sequence variation
cgi		PubMed:24631838	MTOR:L1460P	presence of	MTOR	gene	sequence variation	mapped	HGVS protein notation L1460P in gene MTOR _ sequence variation
cgi		PubMed:26859683	MTOR:N1421D	presence of	MTOR	gene	sequence variation	mapped	HGVS protein notation N1421D in gene MTOR _ sequence variation
cgi		PubMed:23171796	NF1 biallelic inactivation	presence of	NF1	gene	sequence variation	mapped	Inactivation _ loss of function sequence variation
cgi		PubMed:24634382|PubMed:24500418|PubMed:26325560|PubMed:24296828|PubMed:24535670|PubMed:20655465|PubMed:24232489|PubMed:23099009|PubMed:24173684|PubMed:23099891|PubMed:25314964|PubMed:22434731|PubMed:25810463|PubMed:21075781|PubMed:26936308|PubMed:24576830|PubMed:24373973|PubMed:24718867|PubMed:22573716|PubMed:23221341|PubMed:21907929|PubMed:19573811|PubMed:26351322	NF1 oncogenic mutation	presence of	NF1	gene	sequence variation	mapped	MUTATION/oncogenic mutation keyword _ sequence variation
cgi		PubMed:23444215|PubMed:23288408	NF1 oncogenic mutation + BRAF oncogenic mutation	presence of	NF1/BRAF	gene	sequence variation	uncertain	It contains two variations,and I think we should split into two rows,so I set a flag here for review.
cgi		PubMed:24634382|PubMed:24500418|PubMed:26325560|PubMed:24296828|PubMed:24535670|PubMed:20655465|PubMed:24232489|PubMed:23099009|PubMed:24173684|PubMed:23099891|PubMed:25314964|PubMed:22434731|PubMed:25810463|PubMed:21075781|PubMed:26936308|PubMed:24576830|PubMed:24373973|PubMed:24718867|PubMed:22573716|PubMed:23221341|PubMed:21907929|PubMed:19573811|PubMed:26351322	NF1 deletion	presence of	NF1	gene	sequence variation	mapped	DELETION keyword _ sequence variation (loss of genetic material)
cgi		PubMed:23444215|PubMed:23288408	NF1 deletion + BRAF oncogenic mutation	presence of	NF1/BRAF	gene	sequence variation	uncertain	It contains two variations,and I think we should split into two rows,so I set a flag here for review.
cgi		PubMed:20736812|PubMed:21778190|PubMed:19587327|PubMed:24311643|PubMed:26015296|PubMed:19509233|PubMed:25878190|PubMed:24848258|PubMed:23714726|PubMed:26359368|PubMed:19451225|PubMed:23960073|PubMed:19359162|PubMed:22844108	NF2 oncogenic mutation	presence of	NF2	gene	sequence variation	mapped	MUTATION/oncogenic mutation keyword _ sequence variation
cgi		PubMed:24813888	NF2 oncogenic mutation + EGFR oncogenic mutation	presence of	NF2/EGFR	gene	sequence variation	uncertain	It contains two variations,and I think we should split into two rows,so I set a flag here for review.
cgi		PubMed:20736812|PubMed:21778190|PubMed:19587327|PubMed:24311643|PubMed:26015296|PubMed:19509233|PubMed:25878190|PubMed:24848258|PubMed:23714726|PubMed:26359368|PubMed:19451225|PubMed:23960073|PubMed:19359162|PubMed:22844108	NF2 deletion	presence of	NF2	gene	sequence variation	mapped	DELETION keyword _ sequence variation (loss of genetic material)
cgi		PubMed:24813888	NF2 deletion + EGFR oncogenic mutation	presence of	NF2/EGFR	gene	sequence variation	uncertain	It contains two variations,and I think we should split into two rows,so I set a flag here for review.
cgi		PubMed:22210878	NOTCH1 oncogenic mutation	presence of	NOTCH1	gene	sequence variation	mapped	MUTATION/oncogenic mutation keyword _ sequence variation
cgi		PubMed:19318552|PubMed:19246562|PubMed:15472075|PubMed:25564152	NOTCH1 activating mutation in Cterm-PEST domain	presence of	NOTCH1	gene	sequence variation	mapped	MUTATION/oncogenic mutation keyword _ sequence variation
cgi		PubMed:27870570	NOTCH1 splice donor variant (2245-2536),splice acceptor variant (2245-2536),stop gained (2245-2536),stop lost (2245-2536),frameshift variant (2245-2536)	presence of	NOTCH1	gene	sequence variation	uncertain	Contains multiple variations, uncertain whether this standardization is appropriate.
cgi		PubMed:16688224|PubMed:22101766	NOTCH1 fusion	presence of	NOTCH1	gene	sequence variation	mapped	Fusion/rearrangement keyword _ sequence variation
cgi		PubMed:25564152	NOTCH2 activating mutation (missense in TAD or truncating in Cterm-PEST domain)	presence of	NOTCH2	gene	sequence variation	mapped	MUTATION/oncogenic mutation keyword _ sequence variation
cgi		PubMed:22101766	NOTCH2 fusion	presence of	NOTCH2	gene	sequence variation	mapped	Fusion/rearrangement keyword _ sequence variation
cgi		PubMed:22417203|PubMed:27535106	NPM1 oncogenic mutation	presence of	NPM1	gene	sequence variation	mapped	MUTATION/oncogenic mutation keyword _ sequence variation
cgi		PubMed:20179705|PubMed:26658964|PubMed:23538902|PubMed:23274911|PubMed:22507781|PubMed:22985491	NRAS oncogenic mutation	presence of	NRAS	gene	sequence variation	mapped	MUTATION/oncogenic mutation keyword _ sequence variation
cgi		PubMed:24024839	NRAS (12,13,59,61,117,146)					cannot map	No pattern matched 
cgi		PubMed:23614898	NRAS:G12C	presence of	NRAS	gene	sequence variation	mapped	HGVS protein notation G12C in gene NRAS _ sequence variation
cgi		PubMed:23569304|PubMed:23414587,ASCO 2016 (abstr 9500)	NRAS (Q61)	differential	NRAS	gene	sequence variation	uncertain	We only know the site where the change occurs, but not the specific direction of the change.
cgi		PubMed:28578312|PubMed:26546295	NTRK1:G595R	presence of	NTRK1	gene	sequence variation	mapped	HGVS protein notation G595R in gene NTRK1 _ sequence variation
cgi		PubMed:26546295|PubMed:24162815|PubMed:28183697	NTRK1 fusion	presence of	NTRK1	gene	sequence variation	mapped	Fusion/rearrangement keyword _ sequence variation
cgi		PubMed:28578312	NTRK3:G623R	presence of	NTRK3	gene	sequence variation	mapped	HGVS protein notation G623R in gene NTRK3 _ sequence variation
cgi		PubMed:21148487	NTRK3 fusion	presence of	NTRK3	gene	sequence variation	mapped	Fusion/rearrangement keyword _ sequence variation
cgi		PubMed:21135251|PubMed:25719666|PubMed:25263539	PALB2 oncogenic mutation	presence of	PALB2	gene	sequence variation	mapped	MUTATION/oncogenic mutation keyword _ sequence variation
cgi		PubMed:21135251|PubMed:25719666|PubMed:25263539	PALB2 deletion	presence of	PALB2	gene	sequence variation	mapped	DELETION keyword _ sequence variation (loss of genetic material)
cgi		PubMed:26552009	PBRM1 oncogenic mutation	presence of	PBRM1	gene	sequence variation	mapped	MUTATION/oncogenic mutation keyword _ sequence variation
cgi		PubMed:26552009	PBRM1 deletion	presence of	PBRM1	gene	sequence variation	mapped	DELETION keyword _ sequence variation (loss of genetic material)
cgi			PDGFB-COL1A1 fusion	presence of	PDGFB-COL1A1	gene	sequence variation	mapped	Fusion/rearrangement keyword _ sequence variation
cgi			PDGFRA (552-596,631-668,814-854)					cannot map	No pattern matched 
cgi			PDGFRA inframe deletion (I843)	presence of	PDGFRA	gene	sequence variation	mapped	DELETION keyword _ sequence variation (loss of genetic material)
cgi		PubMed:14645423|PubMed:16397263|PubMed:18955458	PDGFRA wildtype	absence of	PDGFRA	gene	sequence variation	mapped	WILDTYPE _ absence of mutation/sequence variation
cgi		PubMed:22718859|PubMed:18794084	PDGFRA:D842V	presence of	PDGFRA	gene	sequence variation	mapped	HGVS protein notation D842V in gene PDGFRA _ sequence variation
cgi		PubMed:24132921	PDGFRA:P577S	presence of	PDGFRA	gene	sequence variation	mapped	HGVS protein notation P577S in gene PDGFRA _ sequence variation
cgi		PubMed:24132921	PDGFRA:V658A	presence of	PDGFRA	gene	sequence variation	mapped	HGVS protein notation V658A in gene PDGFRA _ sequence variation
cgi		PubMed:19223544|PubMed:23136191|PubMed:22271473|PubMed:19671762|PubMed:28331003	PIK3CA oncogenic mutation	presence of	PIK3CA	gene	sequence variation	mapped	MUTATION/oncogenic mutation keyword _ sequence variation
cgi		PubMed:27091708	PIK3CA oncogenic mutation + ERBB2 amplification	presence of	PIK3CA	gene	sequence variation	mapped	MUTATION/oncogenic mutation keyword _ sequence variation
cgi			PIK3CA:E545*	differential	PIK3CA	gene	sequence variation	uncertain	We only know the site where the change occurs, but not the specific direction of the change.
cgi		PubMed:26759240	PIK3CB:D1067Y	presence of	PIK3CB	gene	sequence variation	mapped	HGVS protein notation D1067Y in gene PIK3CB _ sequence variation
cgi		PubMed:23166678	PIK3R1 oncogenic mutation	presence of	PIK3R1	gene	sequence variation	mapped	MUTATION/oncogenic mutation keyword _ sequence variation
cgi		PubMed:21984976	PIK3R2:A171V	presence of	PIK3R2	gene	sequence variation	mapped	HGVS protein notation A171V in gene PIK3R2 _ sequence variation
cgi		PubMed:24869598	PLCG2:R665W	presence of	PLCG2	gene	sequence variation	mapped	HGVS protein notation R665W in gene PLCG2 _ sequence variation
cgi			PML-RARA fusion	presence of	PML-RARA	gene	sequence variation	mapped	Fusion/rearrangement keyword _ sequence variation
cgi		PubMed:28188185	POLE oncogenic mutation	presence of	POLE	gene	sequence variation	mapped	MUTATION/oncogenic mutation keyword _ sequence variation
cgi		PubMed:27001570	POLE (268-471)					cannot map	No pattern matched 
cgi		PubMed:25186176	PRKCH amplification + ABL1-BCR fusion	presence of	PRKCH/ABL1-BCR	gene	sequence variation	uncertain	It contains two variations,and I think we should split into two rows,so I set a flag here for review.
cgi		PubMed:24651015|PubMed:25391241|PubMed:19726763	PTCH1 oncogenic mutation	presence of	PTCH1	gene	sequence variation	mapped	MUTATION/oncogenic mutation keyword _ sequence variation
cgi		PubMed:25409150	PTEN biallelic inactivation	presence of	PTEN	gene	sequence variation	mapped	Inactivation _ loss of function sequence variation
cgi		PubMed:21788564|PubMed:21163703|PubMed:23582881|PubMed:22025163|PubMed:27397505|PubMed:21468130|PubMed:26645196|PubMed:21575859|PubMed:21632463|PubMed:21289267	PTEN oncogenic mutation	presence of	PTEN	gene	sequence variation	mapped	MUTATION/oncogenic mutation keyword _ sequence variation
cgi		PubMed:23039341	PTEN oncogenic mutation + BRAF oncogenic mutation	presence of	PTEN/BRAF	gene	sequence variation	uncertain	It contains two variations,and I think we should split into two rows,so I set a flag here for review.
cgi		PubMed:27091708	PTEN oncogenic mutation + ERBB2 amplification	presence of	PTEN/ERBB2	gene	sequence variation	uncertain	It contains two variations,and I think we should split into two rows,so I set a flag here for review.
cgi		PubMed:21788564|PubMed:21163703|PubMed:23582881|PubMed:22025163|PubMed:21468130|PubMed:26645196|PubMed:21575859|PubMed:21632463|PubMed:21289267	PTEN deletion	presence of	PTEN	gene	sequence variation	mapped	DELETION keyword _ sequence variation (loss of genetic material)
cgi		PubMed:23039341	PTEN deletion + BRAF oncogenic mutation	presence of	PTEN/BRAF	gene	sequence variation	uncertain	It contains two variations,and I think we should split into two rows,so I set a flag here for review.
cgi		PubMed:23800680	PTPRD oncogenic mutation	presence of	PTPRD	gene	sequence variation	mapped	MUTATION/oncogenic mutation keyword _ sequence variation
cgi		PubMed:25056119	RAC1 (P29S) + BRAF oncogenic mutation	presence of	RAC1/BRAF	gene	sequence variation	uncertain	It contains two variations,and I think we should split into two rows,so I set a flag here for review.
cgi		PubMed:24934408	RAD50 (L1237F) + ATM deletion	presence of	RAD50/ATM	gene	sequence variation	uncertain	It contains two variations,and I think we should split into two rows,so I set a flag here for review.
cgi			RAD51C oncogenic mutation	presence of	RAD51C	gene	sequence variation	mapped	MUTATION/oncogenic mutation keyword _ sequence variation
cgi		PubMed:23737487	RAF1 (S257P,G361A,P261P) + BRAF oncogenic mutation	presence of	RAF1/BRAF	gene	sequence variation	uncertain	It contains two variations,and I think we should split into two rows,so I set a flag here for review.
cgi		PubMed:20526349	RAF1 fusion	presence of	RAF1	gene	sequence variation	mapped	Fusion/rearrangement keyword _ sequence variation
cgi		PubMed:26238431|PubMed:18483379|PubMed:17080083	RB1 oncogenic mutation	presence of	RB1	gene	sequence variation	mapped	MUTATION/oncogenic mutation keyword _ sequence variation
cgi		PubMed:26238431|PubMed:18483379|PubMed:17080083	RB1 deletion	presence of	RB1	gene	sequence variation	mapped	DELETION keyword _ sequence variation (loss of genetic material)
cgi		PubMed:21470995|PubMed:23056499	RET:C634W	presence of	RET	gene	sequence variation	mapped	HGVS protein notation C634W in gene RET _ sequence variation
cgi		PubMed:28615362	RET:I788N	presence of	RET	gene	sequence variation	mapped	HGVS protein notation I788N in gene RET _ sequence variation
cgi		PubMed:28447912|PubMed:26787234|PubMed:22327624	RET fusion	presence of	RET	gene	sequence variation	mapped	Fusion/rearrangement keyword _ sequence variation
cgi		PubMed:23056499	RET-TPCN1 fusion	presence of	RET-TPCN1	gene	sequence variation	mapped	Fusion/rearrangement keyword _ sequence variation
cgi			RNF43 oncogenic mutation	presence of	RNF43	gene	sequence variation	mapped	MUTATION/oncogenic mutation keyword _ sequence variation
cgi		PubMed:23724914|PubMed:25351743	ROS1:G2032R	presence of	ROS1	gene	sequence variation	mapped	HGVS protein notation G2032R in gene ROS1 _ sequence variation
cgi		PubMed:27401242	ROS1:S1986Y	presence of	ROS1	gene	sequence variation	mapped	HGVS protein notation S1986Y in gene ROS1 _ sequence variation
cgi		PubMed:27370605|PubMed:25264305|PubMed:23533265	ROS1 fusion	presence of	ROS1	gene	sequence variation	mapped	Fusion/rearrangement keyword _ sequence variation
cgi		PubMed:27668655	SERPINB3 oncogenic mutation	presence of	SERPINB3	gene	sequence variation	mapped	MUTATION/oncogenic mutation keyword _ sequence variation
cgi			SETD2 oncogenic mutation	presence of	SETD2	gene	sequence variation	mapped	MUTATION/oncogenic mutation keyword _ sequence variation
cgi			SETD2 deletion	presence of	SETD2	gene	sequence variation	mapped	DELETION keyword _ sequence variation (loss of genetic material)
cgi			SF3B1:K700E	presence of	SF3B1	gene	sequence variation	mapped	HGVS protein notation K700E in gene SF3B1 _ sequence variation
cgi		PubMed:21166756	SLC29A1 oncogenic mutation	presence of	SLC29A1	gene	sequence variation	mapped	MUTATION/oncogenic mutation keyword _ sequence variation
cgi		PubMed:26552009	SMARCA1 oncogenic mutation	presence of	SMARCA1	gene	sequence variation	mapped	MUTATION/oncogenic mutation keyword _ sequence variation
cgi			SMARCA4 oncogenic mutation	presence of	SMARCA4	gene	sequence variation	mapped	MUTATION/oncogenic mutation keyword _ sequence variation
cgi			SMARCA4 deletion	presence of	SMARCA4	gene	sequence variation	mapped	DELETION keyword _ sequence variation (loss of genetic material)
cgi		PubMed:26920892	SMARCB1 oncogenic mutation	presence of	SMARCB1	gene	sequence variation	mapped	MUTATION/oncogenic mutation keyword _ sequence variation
cgi			SMARCB1 deletion	presence of	SMARCB1	gene	sequence variation	mapped	DELETION keyword _ sequence variation (loss of genetic material)
cgi		PubMed:19726788|PubMed:25759020	SMO:D473H	presence of	SMO	gene	sequence variation	mapped	HGVS protein notation D473H in gene SMO _ sequence variation
cgi			SMO:P641A	presence of	SMO	gene	sequence variation	mapped	HGVS protein notation P641A in gene SMO _ sequence variation
cgi		PubMed:27135740	SRSF2 oncogenic mutation	presence of	SRSF2	gene	sequence variation	mapped	MUTATION/oncogenic mutation keyword _ sequence variation
cgi		PubMed:24356817	STAG2 oncogenic mutation	presence of	STAG2	gene	sequence variation	mapped	MUTATION/oncogenic mutation keyword _ sequence variation
cgi		PubMed:23129625|PubMed:23352126|PubMed:19165201|PubMed:19541609|PubMed:20541700	STK11 oncogenic mutation	presence of	STK11	gene	sequence variation	mapped	MUTATION/oncogenic mutation keyword _ sequence variation
cgi		PubMed:22425996	STK11 oncogenic mutation + KRAS oncogenic mutation	presence of	STK11/KRAS	gene	sequence variation	uncertain	It contains two variations,and I think we should split into two rows,so I set a flag here for review.
cgi		PubMed:21189378	STK11:D194E	presence of	STK11	gene	sequence variation	mapped	HGVS protein notation D194E in gene STK11 _ sequence variation
cgi		PubMed:23352126|PubMed:19165201|PubMed:19541609|PubMed:20541700	STK11 deletion	presence of	STK11	gene	sequence variation	mapped	DELETION keyword _ sequence variation (loss of genetic material)
cgi		PubMed:22425996	STK11 deletion + KRAS oncogenic mutation	presence of	STK11/KRAS	gene	sequence variation	uncertain	It contains two variations,and I think we should split into two rows,so I set a flag here for review.
cgi		PubMed:25119042	SUZ12 oncogenic mutation	presence of	SUZ12	gene	sequence variation	mapped	MUTATION/oncogenic mutation keyword _ sequence variation
cgi		PubMed:25119042	SUZ12 deletion	presence of	SUZ12	gene	sequence variation	mapped	DELETION keyword _ sequence variation (loss of genetic material)
cgi		PubMed:25375122	TERT promoters core	differential	TERT			uncertain	It only mentions the entity,but we cannot know the specific change.
cgi		PubMed:21575865	TMPRSS2 fusion	presence of	TMPRSS2	gene	sequence variation	mapped	Fusion/rearrangement keyword _ sequence variation
cgi		PubMed:27217383|PubMed:23084521|PubMed:27998224|PubMed:27959731|PubMed:27397505	TP53 oncogenic mutation	presence of	TP53	gene	sequence variation	mapped	MUTATION/oncogenic mutation keyword _ sequence variation
cgi			TP53 wildtype	absence of	TP53	gene	sequence variation	mapped	WILDTYPE _ absence of mutation/sequence variation
cgi		PubMed:26009011	TP53:R248Q	presence of	TP53	gene	sequence variation	mapped	HGVS protein notation R248Q in gene TP53 _ sequence variation
cgi			TPMT biallelic inactivation	presence of	TPMT	gene	sequence variation	mapped	Inactivation _ loss of function sequence variation
cgi			TPMT splice acceptor variant	presence of	TPMT	gene	sequence variation	mapped	Splice site variant _ sequence variation
cgi			TPMT:A80P	presence of	TPMT	gene	sequence variation	mapped	HGVS protein notation A80P in gene TPMT _ sequence variation
cgi		PubMed:26859683|PubMed:22923433|PubMed:23312829	TSC1 oncogenic mutation	presence of	TSC1	gene	sequence variation	mapped	MUTATION/oncogenic mutation keyword _ sequence variation
cgi		PubMed:22923433|PubMed:23312829|PubMed:24691995	TSC2 oncogenic mutation	presence of	TSC2	gene	sequence variation	mapped	MUTATION/oncogenic mutation keyword _ sequence variation
cgi		PubMed:27016228	TSC2:E66K	presence of	TSC2	gene	sequence variation	mapped	HGVS protein notation E66K in gene TSC2 _ sequence variation
cgi		PubMed:24691995	TSC2 deletion	presence of	TSC2	gene	sequence variation	mapped	DELETION keyword _ sequence variation (loss of genetic material)
cgi		PubMed:27397505	U2AF1 oncogenic mutation	presence of	U2AF1	gene	sequence variation	mapped	MUTATION/oncogenic mutation keyword _ sequence variation
cgi			UGT1A1 biallelic inactivation	presence of	UGT1A1	gene	sequence variation	mapped	Inactivation _ loss of function sequence variation
cgi			UGT1A1:G71R	presence of	UGT1A1	gene	sequence variation	mapped	HGVS protein notation G71R in gene UGT1A1 _ sequence variation
cgi		PubMed:16637071	ZBTB16 undexpression	decreased	ZBTB16	protein	expression	mapped	UNDEREXPRESSION _ decreased expression
cgi		PubMed:26023187	ZNRF3 oncogenic mutation	presence of	ZNRF3	gene	sequence variation	mapped	MUTATION/oncogenic mutation keyword _ sequence variation
top_50		PubMed:21862407|PubMed:26740259	presence of mutation in BRCA1	presence of	presence	gene	sequence variation	mapped	MUTATION/oncogenic mutation keyword _ sequence variation
top_50		PubMed:31865042	increased HOXA9 meth-ctDNA level	increased	HOXA9 meth-ctDNA level	protein	level	mapped	Increased prefix _ level aspect (default for quantity terms)
top_50	CIViC:707	PubMed:26051236|PubMed:22895145|PubMed:31208370|PubMed:34339292|PubMed:34647988	EGFR Exon 20 Insertion	presence of	EGFR	gene	sequence variation	mapped	Exon-level insertion/deletion/mutation _ sequence variation
top_50		PubMed:23435830	presence of mutation in PIK3CA	presence of	presence	gene	sequence variation	mapped	MUTATION/oncogenic mutation keyword _ sequence variation
top_50		PubMed:24559322	KRAS Exon 2 mutation	presence of	KRAS	gene	sequence variation	mapped	MUTATION/oncogenic mutation keyword _ sequence variation
top_50		PubMed:25673558	presence of mutation in BRAF	presence of	presence	gene	sequence variation	mapped	MUTATION/oncogenic mutation keyword _ sequence variation
top_50	CIViC:77	PubMed:20619739|PubMed:18202412|PubMed:18316791|PubMed:19603024|PubMed:19223544|PubMed:15696205|PubMed:24915778	KRAS G12/G13 mutation	presence of	KRAS	gene	sequence variation	mapped	MUTATION/oncogenic mutation keyword _ sequence variation
top_50	CIViC:55|CIViC:4616	PubMed:22490330|PubMed:21067377|PubMed:19965647|PubMed:17957027|PubMed:15626738|PubMed:21537333|PubMed:24801015|PubMed:16455956|PubMed:24855211|PubMed:11290608|PubMed:14726387|PubMed:18230792|PubMed:12357354|PubMed:11585760|PubMed:22368270|PubMed:24178622|PubMed:27276561|PubMed:23969938|PubMed:21482694|PubMed:27908881|PubMed:28516360|PubMed:21461300|PubMed:24981688	FLT3 ITD mutation	presence of	FLT3	gene	sequence variation	mapped	MUTATION/oncogenic mutation keyword _ sequence variation
top_50		PubMed:20619739	PIK3CA exon 10 mutation	presence of	PIK3CA	gene	sequence variation	mapped	MUTATION/oncogenic mutation keyword _ sequence variation
top_50		PubMed:23816960	EGFR exon 19 deletion	presence of	EGFR	gene	sequence variation	mapped	DELETION keyword _ sequence variation (loss of genetic material)
top_50		PubMed:35100714	CDKN2A mutation	presence of	CDKN2A	gene	sequence variation	mapped	MUTATION/oncogenic mutation keyword _ sequence variation
top_50		PubMed:21527715	presence of mutation in CR2	presence of	presence	gene	sequence variation	mapped	MUTATION/oncogenic mutation keyword _ sequence variation
top_50		PubMed:26424050	rs10069690 mutation in TERT presence	presence of	rs10069690	gene	sequence variation	mapped	MUTATION/oncogenic mutation keyword _ sequence variation
top_50		PubMed:21890455	presence of mutation in KRAS	presence of	presence	gene	sequence variation	mapped	MUTATION/oncogenic mutation keyword _ sequence variation
oncomx		PubMed:31254605	increase KITLG level	increased	KITLG	protein	level	mapped	Explicit increase + level phrasing
oncomx		PubMed:31929743	presence of rs12674822 in ANGP2	presence of	ANGP2	gene	sequence variation	mapped	"Explicit ""presence of mutation/polymorphism"" phrasing"
oncomx		PubMed:21558411	methylation in GATA4	presence of	methylation	DNA	modification	mapped	METHYLATION keyword _ presence of, modification (epigenetic mark on DNA)
oncomx		PubMed:21720365	CDK12 lower prevalance rates	decreased	CDK12	protein	level	uncertain	Lower prevalence rates - interpreted as decreased level but context-dependent; flag for review
oncomx		PubMed:21720365	RB1 lower prevalance rates	decreased	RB1	protein	level	uncertain	Lower prevalence rates - interpreted as decreased level but context-dependent; flag for review
oncomx		PubMed:21720365	BRCA2 lower prevalance rates	decreased	BRCA2	protein	level	uncertain	Lower prevalence rates - interpreted as decreased level but context-dependent; flag for review
oncomx		PubMed:21720365	BRCA1 lower prevalance rates	decreased	BRCA1	protein	level	uncertain	Lower prevalence rates - interpreted as decreased level but context-dependent; flag for review
oncomx		PubMed:21720365	NF1 lower prevalance rates	decreased	NF1	protein	level	uncertain	Lower prevalence rates - interpreted as decreased level but context-dependent; flag for review
oncomx		PubMed:21720365	increased mutation TP53	increased	mutation TP53	protein	level	mapped	Increased prefix _ level aspect (default for quantity terms)
oncomx		PubMed:16783967	presence of polymorphism in CYP17	presence of	CYP17	gene	sequence variation	mapped	"Explicit ""presence of mutation/polymorphism"" phrasing"
oncomx		PubMed:24980613	methylation in RASSF1	presence of	methylation	DNA	modification	mapped	METHYLATION keyword _ presence of, modification (epigenetic mark on DNA)
